SET session_replication_role = 'replica';

TRUNCATE TABLE "wallet_transactions" CASCADE;
TRUNCATE TABLE "audit_logs" CASCADE;
TRUNCATE TABLE "wallets" CASCADE;
TRUNCATE TABLE "payment_gateways" CASCADE;
TRUNCATE TABLE "refunds" CASCADE;
TRUNCATE TABLE "transactions" CASCADE;
TRUNCATE TABLE "payment_methods" CASCADE;
TRUNCATE TABLE "users" CASCADE;

INSERT INTO "audit_logs" ("log_id", "user_id", "transaction_id", "action", "description", "created_at") VALUES ('1', '53', 'c8e6fd35-1c66-4d18-b5b8-8fb2e8384495', 'LOGIN', 'Aliquid ex ea commodi consequatur? Quis autem vel eum iure reprehenderit, qui in ea voluptate velit esse cillum.', '2024-01-27 09:58:57');
INSERT INTO "audit_logs" ("log_id", "user_id", "transaction_id", "action", "description", "created_at") VALUES ('2', '37', '451288c2-561c-436c-8fce-df3f7f5157e0', 'CREATE_TRANSACTION', 'Quae fugiamus refert omnia. Quod quamquam Aristippi est a Cyrenaicisque melius liberiusque.', '2024-01-27 10:00:20');
INSERT INTO "audit_logs" ("log_id", "user_id", "transaction_id", "action", "description", "created_at") VALUES ('3', '38', '75c4163e-235f-48b7-a964-99ee4177cf8f', 'CREATE_TRANSACTION', 'Epicuro placet, nihil dolere, primum tibi recte, Chrysippe, concessum est nihil desiderare manum, cum ita esset affecta, secundum non recte, si voluptas summum sit bonum, affirmatis nullam omnino fore. De qua omne certamen.', '2024-01-27 10:01:39');
INSERT INTO "audit_logs" ("log_id", "user_id", "transaction_id", "action", "description", "created_at") VALUES ('4', '56', 'b873149f-7699-41a1-85ea-54f0cbdf288d', 'LOGIN', 'Est, ob eamque causam propter voluptatem et dolorem?', '2024-01-27 10:04:37');
INSERT INTO "audit_logs" ("log_id", "user_id", "transaction_id", "action", "description", "created_at") VALUES ('5', '73', 'd606d840-b126-4ef4-8f10-b11d14c4244d', 'LOGIN', 'Hanc omnem quaestionem de finibus bonorum et malorum, id est voluptatem et dolorem? Sunt autem quidam e nostris, et scribentur fortasse plura, si vita suppetet; et tamen, qui diligenter haec, quae vitam omnem continent, neglegentur? Nam, ut sint opera, studio, labore meo.', '2024-01-27 10:10:58');
INSERT INTO "audit_logs" ("log_id", "user_id", "transaction_id", "action", "description", "created_at") VALUES ('6', '51', '66d219ae-0807-4033-94d1-613d23b35013', 'CREATE_TRANSACTION', 'Esse potest nec in discordia dominorum domus.', '2024-01-27 10:12:53');
INSERT INTO "audit_logs" ("log_id", "user_id", "transaction_id", "action", "description", "created_at") VALUES ('7', '75', 'a5cb999f-1fb7-4cd8-a344-827c3c722946', 'CREATE_TRANSACTION', 'Religionis et sedatio animi omnium rerum occultarum ignoratione sublata et.', '2024-01-27 10:16:18');
INSERT INTO "audit_logs" ("log_id", "user_id", "transaction_id", "action", "description", "created_at") VALUES ('8', '92', '4aad9011-2084-49e1-a8dc-09a879e40fe3', 'UPDATE_TRANSACTION', 'Afferat eloquentiam, non asperner, si non habeat, non admodum flagitem. Re mihi non aeque satisfacit, et quidem locis pluribus. Sed quot.', '2024-01-27 10:23:45');
INSERT INTO "audit_logs" ("log_id", "user_id", "transaction_id", "action", "description", "created_at") VALUES ('9', '82', '40e2770e-52a2-4da4-b9a6-39c7b57f139a', 'CREATE_TRANSACTION', 'Hic docendi locus; sed ita prorsus existimo, neque eum Torquatum, qui hoc primus cognomen invenerit, aut torquem illum hosti detraxisse, ut aliquam ex eo credo quibusdam usu venire; ut abhorreant a Latinis, quod inciderint in inculta quaedam et horrida, de malis Graecis.', '2024-01-27 10:29:55');
INSERT INTO "audit_logs" ("log_id", "user_id", "transaction_id", "action", "description", "created_at") VALUES ('10', '89', '80472e93-5ea8-45ad-91b8-d93f6ee22b47', 'CREATE_TRANSACTION', 'Manum, cum ita esset affecta, secundum non recte, si voluptas.', '2024-01-27 10:36:21');
INSERT INTO "audit_logs" ("log_id", "user_id", "transaction_id", "action", "description", "created_at") VALUES ('11', '23', '8c3a8854-8e87-4df4-babf-2eaa1ee76d25', 'LOGIN', 'Sapienti maximasque ab eo dissentiunt, sed certe non probes, eum quem ego arbitror unum vidisse verum maximisque erroribus animos hominum liberavisse et omnia tradidisse, quae pertinerent ad bene vivendum aptior partitio quam illa, qua est usus Epicurus? Qui unum genus.', '2024-01-27 10:41:12');
INSERT INTO "audit_logs" ("log_id", "user_id", "transaction_id", "action", "description", "created_at") VALUES ('12', '92', '6d2260ac-9402-4f97-b8d3-eefff84f8504', 'LOGOUT', 'Difficilem quandam temperantiam postulant in eo, quod semel admissum coerceri reprimique non potest, ut propemodum iustioribus utamur illis, qui omnino avocent a philosophia, quam his, qui rebus infinitis modum constituant in reque eo meliore, quo maior sit, si nihil.', '2024-01-27 10:45:03');
INSERT INTO "audit_logs" ("log_id", "user_id", "transaction_id", "action", "description", "created_at") VALUES ('13', '17', 'e3b37296-b992-47dc-bf5e-2e6838e6c3fa', 'CREATE_TRANSACTION', 'Fuissent, et in conspectum suum venire vetuit, numquid tibi videtur de voluptatibus suis cogitavisse? Sed ut iis bonis erigimur, quae expectamus, sic laetamur iis.', '2024-01-27 10:53:47');
INSERT INTO "audit_logs" ("log_id", "user_id", "transaction_id", "action", "description", "created_at") VALUES ('14', '75', '35f43549-ea42-4532-9695-5059416b8628', 'UPDATE_TRANSACTION', 'Quidem video minime esse deterritum. Quae cum tota res (est) ficta pueriliter, tum ne efficit quidem, quod vult. Nam et praeterita et futura. Ut.', '2024-01-27 11:02:37');
INSERT INTO "audit_logs" ("log_id", "user_id", "transaction_id", "action", "description", "created_at") VALUES ('15', '13', 'cfe61bb7-f791-4d02-8a13-18010fab05c6', 'LOGIN', 'Re doloris amotio successionem efficit voluptatis. Itaque non placuit Epicuro medium esse quiddam inter.', '2024-01-27 11:07:13');
INSERT INTO "audit_logs" ("log_id", "user_id", "transaction_id", "action", "description", "created_at") VALUES ('16', '50', '7ea4fd3a-1b5c-4f5e-a9b0-779a0a95719e', 'LOGIN', 'Non modo numquam nocet cuiquam, sed contra semper afficit cum.', '2024-01-27 11:13:22');
INSERT INTO "audit_logs" ("log_id", "user_id", "transaction_id", "action", "description", "created_at") VALUES ('17', '4', '1ef33435-1b8b-4579-bb56-57c1f125d9fe', 'LOGOUT', 'Possit aut angere. Praeterea et appetendi et refugiendi et omnino rerum gerendarum initia proficiscuntur.', '2024-01-27 11:21:51');
INSERT INTO "audit_logs" ("log_id", "user_id", "transaction_id", "action", "description", "created_at") VALUES ('18', '75', '9cf6cf0a-9e8e-4268-870d-62582297f65a', 'UPDATE_TRANSACTION', 'Reperiuntur, ut ad id autem res referuntur omnes, fatendum est summum esse bonum iucunde.', '2024-01-27 11:25:27');
INSERT INTO "audit_logs" ("log_id", "user_id", "transaction_id", "action", "description", "created_at") VALUES ('19', '30', 'fd464ee4-eace-44ab-9447-5bf5796624e3', 'LOGOUT', 'Quae quasi delapsa de caelo est ad cognitionem omnium, regula, ad quam omnia iudicia rerum in sensibus ponit.', '2024-01-27 11:27:33');
INSERT INTO "audit_logs" ("log_id", "user_id", "transaction_id", "action", "description", "created_at") VALUES ('20', '11', 'da7875db-8402-4d66-b674-48f5c7afd7a8', 'LOGOUT', 'Magis animi morbis impediri necesse est! Animi autem morbi sunt cupiditates inmensae et inanes divitiarum, gloriae, dominationis, libidinosarum etiam voluptatum.', '2024-01-27 11:31:08');
INSERT INTO "audit_logs" ("log_id", "user_id", "transaction_id", "action", "description", "created_at") VALUES ('21', '55', 'de91ca07-d715-4acc-87a8-b9c8d90b7ca0', 'LOGOUT', 'Fortitudo quidem, sed ista sequimur, ut sine cura metuque vivamus animumque et.', '2024-01-27 11:38:11');
INSERT INTO "audit_logs" ("log_id", "user_id", "transaction_id", "action", "description", "created_at") VALUES ('22', '25', '40e2770e-52a2-4da4-b9a6-39c7b57f139a', 'UPDATE_TRANSACTION', 'Lineam, numquam fore ut atomus altera alteram posset attingere itaque ** attulit rem commenticiam: declinare dixit atomum perpaulum, quo nihil.', '2024-01-27 11:48:07');
INSERT INTO "audit_logs" ("log_id", "user_id", "transaction_id", "action", "description", "created_at") VALUES ('23', '47', '8bcdd630-54ba-4e4d-99d4-4a5bf5958aa1', 'LOGIN', 'Autem vel eum iure reprehenderit, qui in una virtute ponunt et splendore nominis capti quid natura postulet non intellegunt, errore maximo, si Epicurum audire voluerint, liberabuntur: istae enim vestrae eximiae pulchraeque virtutes nisi voluptatem efficerent, quis eas aut laudabilis aut expetendas arbitraretur? Ut enim virtutes, de quibus ante dictum est, sic amicitiam negant posse a voluptate.', '2024-01-27 11:50:16');
INSERT INTO "audit_logs" ("log_id", "user_id", "transaction_id", "action", "description", "created_at") VALUES ('24', '87', '6465bdc7-2914-4f26-9aa1-790ccedf71d8', 'CREATE_TRANSACTION', 'Afranius a Menandro solet. Nec vero.', '2024-01-27 11:52:08');
INSERT INTO "audit_logs" ("log_id", "user_id", "transaction_id", "action", "description", "created_at") VALUES ('25', '1', 'e562bc96-ac07-47d7-8d55-b5eff04ae581', 'LOGOUT', 'Malorum? Qua de re cum sit inter doctissimos summa dissensio, quis alienum putet eius.', '2024-01-27 11:54:26');
INSERT INTO "audit_logs" ("log_id", "user_id", "transaction_id", "action", "description", "created_at") VALUES ('26', '72', '376266c6-3ef4-4263-a668-2b22175fb1f6', 'CREATE_REFUND', 'Fecerit, numquam tamen id volunt fieri, difficilem quandam temperantiam postulant in eo, qui ita sit affectus, eum necesse.', '2024-01-27 12:03:21');
INSERT INTO "audit_logs" ("log_id", "user_id", "transaction_id", "action", "description", "created_at") VALUES ('27', '100', '5a497e82-ca4e-433b-aaeb-e33fa9728649', 'CREATE_REFUND', 'Quod inciderint in inculta quaedam et quasi architecto beatae vitae disciplinam iuvaret. An ille tempus aut in armatum hostem impetum fecisse aut in armatum hostem impetum fecisse aut.', '2024-01-27 12:05:59');
INSERT INTO "audit_logs" ("log_id", "user_id", "transaction_id", "action", "description", "created_at") VALUES ('28', '83', '7365b2b4-7aa6-445d-85bf-f09253c73977', 'CREATE_TRANSACTION', 'Quibus maxime gloriatur, primum totus est alienus. Democritea dicit perpauca mutans, sed.', '2024-01-27 12:08:16');
INSERT INTO "audit_logs" ("log_id", "user_id", "transaction_id", "action", "description", "created_at") VALUES ('29', '78', '7365b2b4-7aa6-445d-85bf-f09253c73977', 'UPDATE_TRANSACTION', 'Et voluptatem pleniorem efficit. Itaque non ob ea solum incommoda, quae eveniunt inprobis, fugiendam inprobitatem putamus, sed multo magis vita et factis et moribus.', '2024-01-27 12:16:10');
INSERT INTO "audit_logs" ("log_id", "user_id", "transaction_id", "action", "description", "created_at") VALUES ('30', '42', 'e3b37296-b992-47dc-bf5e-2e6838e6c3fa', 'LOGOUT', 'Haec efficiantur ignorant. Animi autem voluptates et dolores nasci fatemur e corporis.', '2024-01-27 12:20:59');
INSERT INTO "audit_logs" ("log_id", "user_id", "transaction_id", "action", "description", "created_at") VALUES ('31', '3', 'e3b37296-b992-47dc-bf5e-2e6838e6c3fa', 'CREATE_REFUND', 'Deinde hoc quoque alienum; nam ante Aristippus, et ille melius. Addidisti ad extremum etiam indoctum fuisse. Fieri, inquam, Triari, nullo pacto potest, ut propemodum iustioribus utamur illis, qui omnino avocent a philosophia, quam his, qui rebus infinitis modum constituant in reque eo meliore, quo maior sit, mediocritatem desiderent.', '2024-01-27 12:22:23');
INSERT INTO "audit_logs" ("log_id", "user_id", "transaction_id", "action", "description", "created_at") VALUES ('32', '63', 'fc53f620-9a91-40dc-a01c-aed6cfca85cf', 'CREATE_TRANSACTION', 'Alia malunt scribi a nobis, aequi esse debent, quod et acutum genus est et ab Epicuro reprehensa et correcta permulta. Nunc dicam de voluptate, nihil scilicet novi, ea tamen, quae te ipsum probaturum esse confidam. Certe, inquam, pertinax non ero tibique, si mihi probabis ea, quae dixi, sole.', '2024-01-27 12:27:36');
INSERT INTO "audit_logs" ("log_id", "user_id", "transaction_id", "action", "description", "created_at") VALUES ('33', '100', '0ebffb87-071c-49d7-85d2-d9480555639a', 'CREATE_TRANSACTION', 'Illam umbram, quod appellant honestum non tam solido quam splendido nomine, virtutem.', '2024-01-27 12:29:42');
INSERT INTO "audit_logs" ("log_id", "user_id", "transaction_id", "action", "description", "created_at") VALUES ('34', '61', '8b6c37ac-5a77-45ec-9458-f28a5ca5c684', 'UPDATE_TRANSACTION', 'Qua praeceptrice in tranquillitate vivi potest omnium cupiditatum ardore restincto. Cupiditates enim sunt insatiabiles, quae non modo singulos homines, sed.', '2024-01-27 12:39:11');
INSERT INTO "audit_logs" ("log_id", "user_id", "transaction_id", "action", "description", "created_at") VALUES ('35', '33', '244cfce6-696c-4b96-9cbe-7b69078be4d0', 'LOGOUT', 'Cum stultorum vitam cum sua comparat, magna afficitur voluptate. Dolores autem si qui e nostris aliter existimant, quos quidem video esse a nostris non legantur? Quamquam, si plane.', '2024-01-27 12:47:02');
INSERT INTO "audit_logs" ("log_id", "user_id", "transaction_id", "action", "description", "created_at") VALUES ('36', '23', 'd75b4440-a4fd-45e3-9a92-204f7c697247', 'LOGIN', 'Ratio est, ut Epicuro placet, nihil dolere, primum tibi recte, Chrysippe, concessum est nihil ad Epicurum. Nam si dicent ab illis has res esse tractatas, ne ipsos quidem Graecos est cur tam multos legant, quam legendi sunt. Quid enim me prohiberet Epicureum.', '2024-01-27 12:53:53');
INSERT INTO "audit_logs" ("log_id", "user_id", "transaction_id", "action", "description", "created_at") VALUES ('37', '11', '451288c2-561c-436c-8fce-df3f7f5157e0', 'LOGOUT', 'Tibi videtur de voluptatibus suis cogitavisse? Sed ut omittam pericula, labores, dolorem etiam, quem optimus quisque pro patria et pro suis suscipit, ut non plus voluptatum habeat quam dolorum. Nam et complectitur verbis.', '2024-01-27 12:55:55');
INSERT INTO "audit_logs" ("log_id", "user_id", "transaction_id", "action", "description", "created_at") VALUES ('38', '84', 'ccd381f6-3d51-405f-ad80-6c6419d9c6c6', 'LOGOUT', 'Qui autem ita frui volunt voluptatibus, ut nulli propter eas.', '2024-01-27 12:57:56');
INSERT INTO "audit_logs" ("log_id", "user_id", "transaction_id", "action", "description", "created_at") VALUES ('39', '91', '737baa93-e3a2-44b2-8f02-248215163a78', 'LOGOUT', 'Quos quidem video minime esse deterritum. Quae cum dixissem, magis ut illum provocarem quam ut ipse loquerer, tum Triarius leniter arridens: Tu quidem, inquit, totum Epicurum paene e philosophorum choro sustulisti. Quid ei.', '2024-01-27 13:07:45');
INSERT INTO "audit_logs" ("log_id", "user_id", "transaction_id", "action", "description", "created_at") VALUES ('40', '95', '160d9fc8-9579-431a-98f4-cc4a45d3154c', 'UPDATE_TRANSACTION', 'Electis graviter ornateque dictas quis non legat? Nisi qui se plane Graecum dici velit, ut.', '2024-01-27 13:14:17');
INSERT INTO "audit_logs" ("log_id", "user_id", "transaction_id", "action", "description", "created_at") VALUES ('41', '56', '97e5bde9-b89c-49a0-b5eb-3b79927ef954', 'CREATE_REFUND', 'Sinat. Qua praeceptrice in tranquillitate vivi potest omnium cupiditatum ardore restincto. Cupiditates enim sunt.', '2024-01-27 13:21:48');
INSERT INTO "audit_logs" ("log_id", "user_id", "transaction_id", "action", "description", "created_at") VALUES ('42', '48', 'ee3a6e25-0dfe-40a3-ae52-af0a114ef6d0', 'LOGOUT', 'Efficeretur mundus omnesque partes mundi, quaeque in eo non arbitrantur. Erunt etiam, et ii quidem eruditi Graecis litteris, contemnentes Latinas, qui se plane Graecum.', '2024-01-27 13:27:42');
INSERT INTO "audit_logs" ("log_id", "user_id", "transaction_id", "action", "description", "created_at") VALUES ('43', '90', '2c8b9d7b-1368-452b-8afa-fefbf013fed2', 'UPDATE_TRANSACTION', 'Omnis dolor repellendus. Temporibus autem quibusdam et aut officiis debitis aut rerum necessitatibus saepe eveniet, ut et voluptates repudiandae sint et molestiae non recusandae. Itaque earum rerum defuturum, quas natura non depravata desiderat. Et quem ad modum affecta nunc est, desiderat?'' -- Nihil sane. -- ''At, si voluptas.', '2024-01-27 13:32:43');
INSERT INTO "audit_logs" ("log_id", "user_id", "transaction_id", "action", "description", "created_at") VALUES ('44', '63', 'd606d840-b126-4ef4-8f10-b11d14c4244d', 'CREATE_TRANSACTION', 'Rem explicabo, eamque maximam, de physicis alias, et quidem locis pluribus. Sed quot homines, tot sententiae; falli igitur possumus. Quam ob rem dissentientium inter se reprehensiones non sunt vituperandae, maledicta, contumeliae, tum iracundiae, contentiones concertationesque in disputando pertinaces indignae philosophia mihi videri solent. Tum Torquatus: Prorsus, inquit, assentior; neque enim tempus est.', '2024-01-27 13:38:36');
INSERT INTO "audit_logs" ("log_id", "user_id", "transaction_id", "action", "description", "created_at") VALUES ('45', '82', '13bb32c0-ea41-415a-a738-22983bef1d9e', 'UPDATE_TRANSACTION', 'Opibus aut gloriae. Nullas enim consequuntur voluptates, quarum potiendi spe inflammati multos labores magnosque susceperant. Ecce autem alii minuti et angusti aut omnia semper desperantes aut malivoli, invidi, difficiles, lucifugi, maledici, monstruosi, alii autem etiam amatoriis levitatibus dediti, alii petulantes, alii audaces, protervi, idem intemperantes et ignavi, numquam in sententia permanentes, quas ob causas in eorum.', '2024-01-27 13:43:03');
INSERT INTO "audit_logs" ("log_id", "user_id", "transaction_id", "action", "description", "created_at") VALUES ('46', '39', '60f7c849-ec52-4cab-8a82-243a426463af', 'LOGIN', 'Ut id meo arbitratu facerem, ante hoc tempus numquam.', '2024-01-27 13:47:58');
INSERT INTO "audit_logs" ("log_id", "user_id", "transaction_id", "action", "description", "created_at") VALUES ('47', '63', '4b6d6174-8956-4094-897e-05a9d6e38649', 'LOGIN', 'Tamen, ut legendus sit. Rudem enim esse censet, quantus videtur, vel paulo aut maiorem aut minorem. Ita, quae mutat, ea corrumpit, quae sequitur sunt tota Democriti, atomi, inane.', '2024-01-27 13:51:06');
INSERT INTO "audit_logs" ("log_id", "user_id", "transaction_id", "action", "description", "created_at") VALUES ('48', '81', 'd902ad60-bafb-4ee4-bf32-fe1b439a7bd3', 'LOGOUT', 'Autem nixam hoc honesto nullam requirere voluptatem atque ad beate vivendum sapientia comparaverit, nihil esse prosperum nisi voluptatem, nihil asperum nisi dolorem, de quibus et ab Epicuro scriptum est et ad tranquillitatem ferant, quid est cur.', '2024-01-27 13:58:03');
INSERT INTO "audit_logs" ("log_id", "user_id", "transaction_id", "action", "description", "created_at") VALUES ('49', '11', 'd00f113a-d33b-4e51-a318-eb0843838cd1', 'CREATE_TRANSACTION', 'Evertunt, totam etiam labefactant saepe rem publicam. Ex cupiditatibus odia, discidia, discordiae, seditiones, bella nascuntur, nec eae se foris solum iactant.', '2024-01-27 14:07:09');
INSERT INTO "audit_logs" ("log_id", "user_id", "transaction_id", "action", "description", "created_at") VALUES ('50', '17', '0ef9c692-470c-4724-bd8e-caf064fb66a1', 'CREATE_REFUND', 'Ad usus civium non inutile, nosque ea scripta reliquaque eiusdem generis et legimus libenter et legemus --, haec, quae vitam omnem continent, neglegentur? Nam.', '2024-01-27 14:17:02');
INSERT INTO "audit_logs" ("log_id", "user_id", "transaction_id", "action", "description", "created_at") VALUES ('51', '58', 'd75b4440-a4fd-45e3-9a92-204f7c697247', 'UPDATE_TRANSACTION', 'Quid diceret? Aliena dixit in physicis nec ea ipsa, quae tibi probarentur; si qua in iis rebus emolumenti, quae pariuntur iniuria. Itaque ne iustitiam quidem recte quis dixerit per se ipsa esse contentam.', '2024-01-27 14:18:42');
INSERT INTO "audit_logs" ("log_id", "user_id", "transaction_id", "action", "description", "created_at") VALUES ('52', '14', '066d2ad0-6362-436c-b53f-60b3d5e9cbba', 'LOGOUT', 'Bonorum, quod omnium philosophorum sententia tale debet esse, ut ad id autem res referuntur.', '2024-01-27 14:21:35');
INSERT INTO "audit_logs" ("log_id", "user_id", "transaction_id", "action", "description", "created_at") VALUES ('53', '71', 'c1023c41-9739-49c8-a6e6-a1c09d0692e6', 'UPDATE_TRANSACTION', 'Cupiditates a natura proficiscuntur, facile explentur sine ulla iniuria, quae autem de bene beateque vivendum. Sed existimo te, sicut nostrum Triarium, minus ab eo ortum, tam inportuno tamque crudeli; sin, ut dolore suo sanciret militaris imperii disciplinam exercitumque in gravissimo.', '2024-01-27 14:25:49');
INSERT INTO "audit_logs" ("log_id", "user_id", "transaction_id", "action", "description", "created_at") VALUES ('54', '43', 'e3b37296-b992-47dc-bf5e-2e6838e6c3fa', 'LOGOUT', 'Fieri possit, ut ab ipsis, qui.', '2024-01-27 14:30:27');
INSERT INTO "audit_logs" ("log_id", "user_id", "transaction_id", "action", "description", "created_at") VALUES ('55', '74', 'fd8b2b27-84f5-46aa-b85d-c060fbae141a', 'CREATE_REFUND', 'Enim mortis metu omnis quietae vitae status perturbatur, et ut succumbere doloribus eosque humili animo inbecilloque ferre miserum est, ob eamque causam propter voluptatem et parvam et non necessariam et.', '2024-01-27 14:32:31');
INSERT INTO "audit_logs" ("log_id", "user_id", "transaction_id", "action", "description", "created_at") VALUES ('56', '5', '376266c6-3ef4-4263-a668-2b22175fb1f6', 'LOGOUT', 'Dicitur, iste vester plane, ut mihi videtur, expediunt. Ut enim aeque doleamus animo, cum.', '2024-01-27 14:39:29');
INSERT INTO "audit_logs" ("log_id", "user_id", "transaction_id", "action", "description", "created_at") VALUES ('57', '86', '6465bdc7-2914-4f26-9aa1-790ccedf71d8', 'UPDATE_TRANSACTION', 'Laetitiam, id est corpora individua propter soliditatem, censet in infinito inani, in quo a nobis sic intelleges eitam, ut ab ipsis, qui eam disciplinam.', '2024-01-27 14:49:03');
INSERT INTO "audit_logs" ("log_id", "user_id", "transaction_id", "action", "description", "created_at") VALUES ('58', '88', '8c3a8854-8e87-4df4-babf-2eaa1ee76d25', 'LOGOUT', 'Ut atomus altera alteram posset attingere itaque ** attulit rem commenticiam: declinare.', '2024-01-27 14:52:04');
INSERT INTO "audit_logs" ("log_id", "user_id", "transaction_id", "action", "description", "created_at") VALUES ('59', '36', '60a90265-aa41-4674-93f9-c1231122d82d', 'CREATE_TRANSACTION', 'Quae eveniunt inprobis, fugiendam inprobitatem putamus, sed multo etiam magis, quorum ille.', '2024-01-27 14:58:43');
INSERT INTO "audit_logs" ("log_id", "user_id", "transaction_id", "action", "description", "created_at") VALUES ('60', '14', 'ea6dfb73-3a76-4750-b615-f8eac6b5f98b', 'LOGOUT', 'Ipsam voluptatem, quia voluptas sit, aspernatur aut odit.', '2024-01-27 15:00:50');
INSERT INTO "audit_logs" ("log_id", "user_id", "transaction_id", "action", "description", "created_at") VALUES ('61', '11', '4af5dad1-6f50-41be-980f-d4021cb06c8c', 'UPDATE_TRANSACTION', 'Clamat Epicurus, is quem vos nimis voluptatibus esse deditum dicitis; non posse reperiri. Quapropter si ea, quae audiebamus, conferebamus, neque erat.', '2024-01-27 15:07:12');
INSERT INTO "audit_logs" ("log_id", "user_id", "transaction_id", "action", "description", "created_at") VALUES ('62', '45', 'b1c7edf2-659c-44f4-a68c-0de7385b56ed', 'LOGIN', 'Possunt. Ut enim aeque doleamus animo, cum.', '2024-01-27 15:12:39');
INSERT INTO "audit_logs" ("log_id", "user_id", "transaction_id", "action", "description", "created_at") VALUES ('63', '26', 'cf582cc3-fd3c-47ff-a018-336323aeb8b4', 'CREATE_TRANSACTION', 'Ars vivendi putanda est, non satis politus iis artibus, quas qui tenent, eruditi appellantur -- aut ne deterruisset alios a studiis. Quamquam te quidem video esse.', '2024-01-27 15:21:02');
INSERT INTO "audit_logs" ("log_id", "user_id", "transaction_id", "action", "description", "created_at") VALUES ('64', '18', '67097fa9-9632-4144-9959-0e8cff6608ea', 'LOGOUT', 'Clamat Epicurus, is quem vos nimis voluptatibus esse deditum dicitis; non posse reperiri. Quapropter si ea, quae senserit ille, tibi non vera videantur. Vide, quantum, inquam, fallare, Torquate. Oratio me istius philosophi non offendit; nam et praeterita grate meminit et praesentibus ita potitur, ut animadvertat quanta sint ea.', '2024-01-27 15:27:23');
INSERT INTO "audit_logs" ("log_id", "user_id", "transaction_id", "action", "description", "created_at") VALUES ('65', '99', 'f62c1e5b-31b1-40b9-9884-7d84cdc75c2c', 'LOGIN', 'Directam viam! Cum enim certe nihil homini possit melius esse quam Graecam. Quando enim nobis, vel dicam aut oratoribus bonis aut poetis, postea quidem quam fuit quem imitarentur.', '2024-01-27 15:33:10');
INSERT INTO "audit_logs" ("log_id", "user_id", "transaction_id", "action", "description", "created_at") VALUES ('66', '60', '6465bdc7-2914-4f26-9aa1-790ccedf71d8', 'LOGIN', 'Quae materia sit, ex qua quaeque res efficiatur, alterum, quae naturales essent nec tamen necessariae, tertium, quae nec naturales nec necessariae.', '2024-01-27 15:40:47');
INSERT INTO "audit_logs" ("log_id", "user_id", "transaction_id", "action", "description", "created_at") VALUES ('67', '39', 'aa8ae41a-eeff-435c-9197-385bd2490672', 'UPDATE_TRANSACTION', 'Constantia contra metum religionis et sedatio animi omnium rerum occultarum.', '2024-01-27 15:49:54');
INSERT INTO "audit_logs" ("log_id", "user_id", "transaction_id", "action", "description", "created_at") VALUES ('68', '96', 'dd7ff58c-73d1-41ea-a0ce-280dfe40d84f', 'CREATE_TRANSACTION', 'Hoc non minus declarant, sed videntur leviora, veniamus. Quid tibi, Torquate, quid huic Triario.', '2024-01-27 15:57:57');
INSERT INTO "audit_logs" ("log_id", "user_id", "transaction_id", "action", "description", "created_at") VALUES ('69', '37', '0ef9c692-470c-4724-bd8e-caf064fb66a1', 'LOGIN', 'Utraque parte audita pronuntiaret eum non talem videri fuisse in imperio, quales eius maiores fuissent, et in conspectum suum venire vetuit, numquid tibi videtur.', '2024-01-27 15:59:54');
INSERT INTO "audit_logs" ("log_id", "user_id", "transaction_id", "action", "description", "created_at") VALUES ('70', '12', '4b6d6174-8956-4094-897e-05a9d6e38649', 'UPDATE_TRANSACTION', 'Dolemus, fieri tamen permagna accessio potest, si aliquod aeternum et.', '2024-01-27 16:09:22');
INSERT INTO "audit_logs" ("log_id", "user_id", "transaction_id", "action", "description", "created_at") VALUES ('71', '1', '6300ffb6-0716-4fb1-a94d-34af0c1ee149', 'UPDATE_TRANSACTION', 'Quidem tibi et declinationem istam atomorum et magnitudinem solis probabo et Democriti errata ab Epicuro sapiens semper beatus inducitur: finitas habet cupiditates.', '2024-01-27 16:14:50');
INSERT INTO "audit_logs" ("log_id", "user_id", "transaction_id", "action", "description", "created_at") VALUES ('72', '69', '5a497e82-ca4e-433b-aaeb-e33fa9728649', 'LOGIN', 'Andriam Terentii quam utramque Menandri legam? A quibus tantum.', '2024-01-27 16:22:45');
INSERT INTO "audit_logs" ("log_id", "user_id", "transaction_id", "action", "description", "created_at") VALUES ('73', '83', 'd902ad60-bafb-4ee4-bf32-fe1b439a7bd3', 'UPDATE_TRANSACTION', 'Sensus, ut ita ruant itaque turbent, ut earum motus et impetus.', '2024-01-27 16:24:02');
INSERT INTO "audit_logs" ("log_id", "user_id", "transaction_id", "action", "description", "created_at") VALUES ('74', '2', '897b483c-0af1-4e11-9577-afcde8dbc9d6', 'UPDATE_TRANSACTION', 'Puerilis est delectatio, aut se, ut Plato, in musicis, geometria, numeris, astris contereret, quae et a.', '2024-01-27 16:33:49');
INSERT INTO "audit_logs" ("log_id", "user_id", "transaction_id", "action", "description", "created_at") VALUES ('75', '16', '1879fd4f-3049-41f5-b6bd-c9547daf2505', 'LOGIN', 'De isdem rebus ne Graecos quidem.', '2024-01-27 16:41:35');
INSERT INTO "audit_logs" ("log_id", "user_id", "transaction_id", "action", "description", "created_at") VALUES ('76', '9', '956d5158-15d1-4fb5-aff3-453476f594a1', 'CREATE_TRANSACTION', 'De finibus bonorum et malorum fere a nobis sic intelleges eitam, ut ab ipsis, qui eam disciplinam probant, non soleat accuratius explicari; verum enim invenire volumus, non tamquam adversarium aliquem convincere. Accurate autem quondam a L.', '2024-01-27 16:47:57');
INSERT INTO "audit_logs" ("log_id", "user_id", "transaction_id", "action", "description", "created_at") VALUES ('77', '6', '7ea4fd3a-1b5c-4f5e-a9b0-779a0a95719e', 'CREATE_TRANSACTION', 'Malarum maxime hominum vita vexetur, ob eumque errorem et voluptatibus maximis saepe priventur et durissimis.', '2024-01-27 16:53:33');
INSERT INTO "audit_logs" ("log_id", "user_id", "transaction_id", "action", "description", "created_at") VALUES ('78', '61', '6300ffb6-0716-4fb1-a94d-34af0c1ee149', 'UPDATE_TRANSACTION', 'Res gessisse sine causa? Quae fuerit causa, mox videro; interea hoc tenebo, si ob aliquam causam ista, quae sine dubio praeclara sunt, fecerint, virtutem.', '2024-01-27 16:54:41');
INSERT INTO "audit_logs" ("log_id", "user_id", "transaction_id", "action", "description", "created_at") VALUES ('79', '70', '451288c2-561c-436c-8fce-df3f7f5157e0', 'UPDATE_TRANSACTION', 'Quasi titillaret sensus, ut ita dicam, et ad eos cum suavitate afflueret.', '2024-01-27 16:59:47');
INSERT INTO "audit_logs" ("log_id", "user_id", "transaction_id", "action", "description", "created_at") VALUES ('80', '22', '2bc0d154-2471-472c-96c6-0b476c72cb56', 'UPDATE_TRANSACTION', 'Eaque gaudere ut summo bono, dolorem aspernari ut summum ex rebus expetendis, quid fugiat ut extremum malorum? Qua de re.', '2024-01-27 17:09:10');
INSERT INTO "audit_logs" ("log_id", "user_id", "transaction_id", "action", "description", "created_at") VALUES ('81', '3', 'a536a754-bb57-443e-b477-4f62a07188cd', 'UPDATE_TRANSACTION', 'Ea maior sit, mediocritatem desiderent. Sive enim ad minim veniam.', '2024-01-27 17:14:19');
INSERT INTO "audit_logs" ("log_id", "user_id", "transaction_id", "action", "description", "created_at") VALUES ('82', '81', '91f0170e-56e7-419b-942d-dfd79a56733d', 'UPDATE_TRANSACTION', 'Corpore voluptatem, aut cum Latinis tertio consulatu conflixisse apud Veserim propter voluptatem; quod.', '2024-01-27 17:17:20');
INSERT INTO "audit_logs" ("log_id", "user_id", "transaction_id", "action", "description", "created_at") VALUES ('83', '45', '97e5bde9-b89c-49a0-b5eb-3b79927ef954', 'LOGIN', 'Fortitudinem patientiamque laudari suo nomine, sed illas reici, quia dolorem pariant, has optari, quia voluptatem. Iustitia restat, ut de omni virtute sit dictum. Sed similia fere dici possunt. Ut enim aeque doleamus animo, cum corpore dolemus, fieri tamen permagna accessio potest, si aliquod aeternum et infinitum impendere malum nobis opinemur. Quod idem.', '2024-01-27 17:22:13');
INSERT INTO "audit_logs" ("log_id", "user_id", "transaction_id", "action", "description", "created_at") VALUES ('84', '27', 'fc53f620-9a91-40dc-a01c-aed6cfca85cf', 'CREATE_REFUND', 'Nomini Romano est, qui dolorem eum fugiat, quo voluptas nulla pariatur? At vero eos et accusamus et iusto odio dignissimos ducimus, qui blanditiis praesentium.', '2024-01-27 17:29:16');
INSERT INTO "audit_logs" ("log_id", "user_id", "transaction_id", "action", "description", "created_at") VALUES ('85', '37', '8d7fe4e4-c02a-440d-9408-37c0aae64cce', 'LOGOUT', 'Modus est ullus investigandi veri, nisi inveneris, et quaerendi defatigatio turpis est, cum id, quod maxime placeat, facere possimus, omnis voluptas assumenda est, omnis dolor repellendus. Temporibus autem.', '2024-01-27 17:38:36');
INSERT INTO "audit_logs" ("log_id", "user_id", "transaction_id", "action", "description", "created_at") VALUES ('86', '65', 'b92ea567-78e2-4a9b-9eb2-efcf16b1843a', 'CREATE_TRANSACTION', 'Multi amicos, non nulli patriam, plerique.', '2024-01-27 17:44:05');
INSERT INTO "audit_logs" ("log_id", "user_id", "transaction_id", "action", "description", "created_at") VALUES ('87', '50', '451288c2-561c-436c-8fce-df3f7f5157e0', 'LOGOUT', 'Publicam. Ex cupiditatibus odia, discidia, discordiae, seditiones, bella nascuntur, nec eae se.', '2024-01-27 17:51:42');
INSERT INTO "audit_logs" ("log_id", "user_id", "transaction_id", "action", "description", "created_at") VALUES ('88', '42', '3127d8f2-1372-472e-987b-d38091b8fc4f', 'CREATE_REFUND', 'In una virtute ponunt et splendore nominis capti quid natura desideret. Tum vero, si stabilem.', '2024-01-27 17:58:07');
INSERT INTO "audit_logs" ("log_id", "user_id", "transaction_id", "action", "description", "created_at") VALUES ('89', '56', '8d7fe4e4-c02a-440d-9408-37c0aae64cce', 'LOGOUT', 'Afferat et eos quasi concordia quadam placet ac leniat. Temperantia est enim, quae in rebus aut expetendis aut fugiendis ut rationem sequamur monet. Nec enim habet nostra mens quicquam, ubi consistat tamquam in extremo, omnesque et.', '2024-01-27 18:05:26');
INSERT INTO "audit_logs" ("log_id", "user_id", "transaction_id", "action", "description", "created_at") VALUES ('90', '84', 'e5b4dc57-7f41-4358-8e66-966d9e4d0bed', 'UPDATE_TRANSACTION', 'Voluptas esset, quae quasi titillaret sensus, ut ita dicam, et ad corpus nihil referatur, ista sua sponte et per se ipsa allicit nec patientia nec assiduitas.', '2024-01-27 18:09:50');
INSERT INTO "audit_logs" ("log_id", "user_id", "transaction_id", "action", "description", "created_at") VALUES ('91', '97', '066d2ad0-6362-436c-b53f-60b3d5e9cbba', 'UPDATE_TRANSACTION', 'Animi nec mortem nec dolorem timentis, quod mors sensu careat, dolor in longinquitate levis, in gravitate brevis soleat esse, ut ad id autem res referuntur omnes.', '2024-01-27 18:18:58');
INSERT INTO "audit_logs" ("log_id", "user_id", "transaction_id", "action", "description", "created_at") VALUES ('92', '90', '4aad9011-2084-49e1-a8dc-09a879e40fe3', 'UPDATE_TRANSACTION', 'Quam magnos quantaque amoris conspiratione consentientis tenuit amicorum greges! Quod fit etiam nunc ab Epicureis. Sed ad haec, nisi molestum est, habeo quae velim.', '2024-01-27 18:27:47');
INSERT INTO "audit_logs" ("log_id", "user_id", "transaction_id", "action", "description", "created_at") VALUES ('93', '5', '9b9f3765-c909-4965-a696-8677a18a3952', 'UPDATE_TRANSACTION', 'Maxime consuevit iactare vestra se oratio, tua praesertim, qui studiose antiqua persequeris, claris et fortibus viris commemorandis eorumque factis non emolumento aliquo, sed ipsius.', '2024-01-27 18:32:51');
INSERT INTO "audit_logs" ("log_id", "user_id", "transaction_id", "action", "description", "created_at") VALUES ('94', '43', '451288c2-561c-436c-8fce-df3f7f5157e0', 'CREATE_TRANSACTION', 'Desideraret, quia, quod dolore caret, id in hominum consuetudine facilius fieri poterit et iustius? Sunt autem, qui dicant foedus esse quoddam sapientium, ut ne minus amicos quam se.', '2024-01-27 18:33:54');
INSERT INTO "audit_logs" ("log_id", "user_id", "transaction_id", "action", "description", "created_at") VALUES ('95', '28', '6300ffb6-0716-4fb1-a94d-34af0c1ee149', 'CREATE_REFUND', 'Itaque non ob ea solum incommoda, quae eveniunt inprobis, fugiendam.', '2024-01-27 18:42:00');
INSERT INTO "audit_logs" ("log_id", "user_id", "transaction_id", "action", "description", "created_at") VALUES ('96', '23', 'bf6c0ede-f150-473c-b64d-5df484cb132f', 'LOGOUT', 'Etiam, et ii quidem eruditi Graecis litteris, contemnentes Latinas, qui se plane Graecum dici.', '2024-01-27 18:46:22');
INSERT INTO "audit_logs" ("log_id", "user_id", "transaction_id", "action", "description", "created_at") VALUES ('97', '78', '96537ccd-2218-4599-a670-21c9177ea97e', 'CREATE_TRANSACTION', 'Pecuniae studuisse aut imperiis aut opibus aut gloriae. Nullas enim consequuntur voluptates, quarum potiendi spe inflammati multos labores magnosque susceperant. Ecce autem alii minuti et angusti aut omnia semper desperantes.', '2024-01-27 18:54:17');
INSERT INTO "audit_logs" ("log_id", "user_id", "transaction_id", "action", "description", "created_at") VALUES ('98', '41', 'b873149f-7699-41a1-85ea-54f0cbdf288d', 'LOGOUT', 'Sine ullo metu vera sentit, non dubitat, si ita.', '2024-01-27 18:57:30');
INSERT INTO "audit_logs" ("log_id", "user_id", "transaction_id", "action", "description", "created_at") VALUES ('99', '70', '7ea4fd3a-1b5c-4f5e-a9b0-779a0a95719e', 'UPDATE_TRANSACTION', 'Inter nos de litteris, quarum summum erat in utroque studium, deinde Torquatus: Quoniam nacti te.', '2024-01-27 19:06:05');
INSERT INTO "audit_logs" ("log_id", "user_id", "transaction_id", "action", "description", "created_at") VALUES ('100', '54', 'ccd381f6-3d51-405f-ad80-6c6419d9c6c6', 'LOGOUT', 'Sunt, qua ante quam nati, et ad tranquillitatem ferant, quid est cur tam multi sint Epicurei, sunt aliae quoque causae, sed multitudinem haec maxime allicit, quod ita putant.', '2024-01-27 19:11:40');

INSERT INTO "payment_gateways" ("gateway_id", "transaction_id", "gateway_name", "gateway_status", "gateway_response", "created_at", "updated_at") VALUES ('1', '1a47fb6c-cd19-4e2e-ae82-abb4fcc78bbb', 'Alipay', 'FAILED', 'Dicunt contemnere. In quibus hoc primum est in voluptate. Neque enim disputari sine reprehensione nec cum iracundia aut pertinacia recte disputari potest. Sed ad haec, nisi molestum.', '2024-01-27 09:58:57', '2024-01-29 02:38:15');
INSERT INTO "payment_gateways" ("gateway_id", "transaction_id", "gateway_name", "gateway_status", "gateway_response", "created_at", "updated_at") VALUES ('2', 'ed98b21f-e344-4c0a-a2f9-e58a383abaae', 'BlueSnap', 'SUCCESS', 'Natura ipsa iudicari. Ea quid percipit aut quid iudicat, quo aut petat aut fugiat aliquid, praeter voluptatem et.', '2024-01-27 10:00:25', '2024-02-04 12:37:38');
INSERT INTO "payment_gateways" ("gateway_id", "transaction_id", "gateway_name", "gateway_status", "gateway_response", "created_at", "updated_at") VALUES ('3', '40e2770e-52a2-4da4-b9a6-39c7b57f139a', 'Alipay', 'PENDING', 'Illa atomorum, in quo etiam Democritus haeret, turbulenta concursio hunc mundi ornatum efficere non.', '2024-01-27 10:08:50', '2024-02-03 10:33:06');
INSERT INTO "payment_gateways" ("gateway_id", "transaction_id", "gateway_name", "gateway_status", "gateway_response", "created_at", "updated_at") VALUES ('4', '5a497e82-ca4e-433b-aaeb-e33fa9728649', 'Klarna', 'FAILED', 'Sibi, quibus non solum videamus, sed etiam praetereat omnes voluptates.', '2024-01-27 10:11:20', '2024-01-30 19:20:58');
INSERT INTO "payment_gateways" ("gateway_id", "transaction_id", "gateway_name", "gateway_status", "gateway_response", "created_at", "updated_at") VALUES ('5', '956d5158-15d1-4fb5-aff3-453476f594a1', 'Venmo', 'PENDING', 'A formidinum terrore vindicet et ipsius fortunae modice ferre doceat iniurias et omnis monstret vias, quae ad quietem et ad eos cum suavitate afflueret et illaberetur, nec manus.', '2024-01-27 10:13:14', '2024-01-30 03:01:02');
INSERT INTO "payment_gateways" ("gateway_id", "transaction_id", "gateway_name", "gateway_status", "gateway_response", "created_at", "updated_at") VALUES ('6', 'fd464ee4-eace-44ab-9447-5bf5796624e3', 'BlueSnap', 'PENDING', 'Nostro frequenter audivi, cum miraretur ille quidem utrumque, Phaedrum autem etiam.', '2024-01-27 10:21:07', '2024-02-04 00:34:26');
INSERT INTO "payment_gateways" ("gateway_id", "transaction_id", "gateway_name", "gateway_status", "gateway_response", "created_at", "updated_at") VALUES ('7', 'be4a39ca-28d4-488c-b7fe-b5f78c81b853', 'Amazon Pay', 'FAILED', 'Dedecora incurrunt, saepe etiam videmus, et perspicuum est omnis rectas res atque laudabilis eo referri, ut cum voluptate vivatur. Quoniam autem id est laborum et dolorum fuga. Et harum quidem rerum facilis est.', '2024-01-27 10:22:19', '2024-01-28 06:38:49');
INSERT INTO "payment_gateways" ("gateway_id", "transaction_id", "gateway_name", "gateway_status", "gateway_response", "created_at", "updated_at") VALUES ('8', 'c34df7a1-7103-4217-acd9-f7fed9600788', 'Square', 'PENDING', 'A principio, sed ex aeterno tempore intellegi convenire. Epicurus autem, in quibus sequitur Democritum, non fere labitur. Quamquam utriusque cum multa non probo, tum illud in primis.', '2024-01-27 10:29:00', '2024-01-29 10:30:24');
INSERT INTO "payment_gateways" ("gateway_id", "transaction_id", "gateway_name", "gateway_status", "gateway_response", "created_at", "updated_at") VALUES ('9', '60f7c849-ec52-4cab-8a82-243a426463af', 'BlueSnap', 'FAILED', 'Si Epicurum audire voluerint, liberabuntur: istae enim vestrae eximiae pulchraeque virtutes nisi voluptatem efficerent, quis eas aut laudabilis aut expetendas arbitraretur? Ut enim aeque doleamus animo, cum corpore dolemus, fieri tamen permagna.', '2024-01-27 10:35:10', '2024-01-30 18:10:52');
INSERT INTO "payment_gateways" ("gateway_id", "transaction_id", "gateway_name", "gateway_status", "gateway_response", "created_at", "updated_at") VALUES ('10', '67097fa9-9632-4144-9959-0e8cff6608ea', 'Apple Pay', 'SUCCESS', 'Modo sapiens erit affectus erga amicum, quo.', '2024-01-27 10:37:55', '2024-02-03 10:48:40');
INSERT INTO "payment_gateways" ("gateway_id", "transaction_id", "gateway_name", "gateway_status", "gateway_response", "created_at", "updated_at") VALUES ('11', 'da7875db-8402-4d66-b674-48f5c7afd7a8', 'Payza', 'SUCCESS', 'Suscipiantur maiorum dolorum effugiendorum gratia. Sed de clarorum hominum.', '2024-01-27 10:46:07', '2024-02-05 19:05:14');
INSERT INTO "payment_gateways" ("gateway_id", "transaction_id", "gateway_name", "gateway_status", "gateway_response", "created_at", "updated_at") VALUES ('12', 'f62c1e5b-31b1-40b9-9884-7d84cdc75c2c', 'WorldPay', 'FAILED', 'Istam atomorum et magnitudinem solis probabo et Democriti errata ab Epicuro sapiens semper beatus inducitur: finitas habet cupiditates.', '2024-01-27 10:50:35', '2024-02-05 09:32:28');
INSERT INTO "payment_gateways" ("gateway_id", "transaction_id", "gateway_name", "gateway_status", "gateway_response", "created_at", "updated_at") VALUES ('13', '066d2ad0-6362-436c-b53f-60b3d5e9cbba', 'Dwolla', 'SUCCESS', 'Congressus copulationesque et consuetudinum instituendarum voluntates fieri propter voluptatem; cum autem usus progrediens familiaritatem effecerit, tum amorem efflorescere tantum, ut, etiamsi nulla sit utilitas ex amicitia, tamen ipsi amici propter se expetendam esse dicemus, sed quia.', '2024-01-27 10:55:59', '2024-02-03 11:03:12');
INSERT INTO "payment_gateways" ("gateway_id", "transaction_id", "gateway_name", "gateway_status", "gateway_response", "created_at", "updated_at") VALUES ('14', '8806ad1a-1036-4cbc-bcb7-f7bd5b7698c7', 'Skrill', 'FAILED', 'Exorsus est. Primum igitur, inquit, sic agam, ut ipsi auctori huius disciplinae placet: constituam, quid et.', '2024-01-27 11:00:46', '2024-01-28 10:29:52');
INSERT INTO "payment_gateways" ("gateway_id", "transaction_id", "gateway_name", "gateway_status", "gateway_response", "created_at", "updated_at") VALUES ('15', '507f2790-afd7-4f04-a7d9-4d1390ab643e', 'Stripe', 'SUCCESS', 'Eu fugiat nulla pariatur. Excepteur sint occaecat cupidatat non proident, sunt in culpa qui officia deserunt mollit anim id est voluptatem et parvam et non necessariam et quae vel aliter pararetur et.', '2024-01-27 11:09:25', '2024-02-02 17:36:38');
INSERT INTO "payment_gateways" ("gateway_id", "transaction_id", "gateway_name", "gateway_status", "gateway_response", "created_at", "updated_at") VALUES ('16', 'aa8ae41a-eeff-435c-9197-385bd2490672', 'Payza', 'FAILED', 'Segnitiae est aut in dolore, sed in his rebus instructus semper est in Ceramico Chrysippi sedentis porrecta manu, quae manus significet illum in hae esse rogatiuncula delectatum: ''Numquidnam manus tua sic affecta, quem ad modum, quaeso, interpretaris? Sicine eos censes aut in dolore, sed in his rebus instructus semper est in voluptate velit esse cillum dolore.', '2024-01-27 11:14:10', '2024-02-04 06:37:02');
INSERT INTO "payment_gateways" ("gateway_id", "transaction_id", "gateway_name", "gateway_status", "gateway_response", "created_at", "updated_at") VALUES ('17', '41767d14-61bf-4385-b960-f2f339307ccc', 'Adyen', 'PENDING', 'Itaque aiunt hanc quasi naturalem atque insitam in animis nostris inesse notionem, ut alterum esse appetendum, alterum aspernandum.', '2024-01-27 11:19:45', '2024-02-01 11:11:28');
INSERT INTO "payment_gateways" ("gateway_id", "transaction_id", "gateway_name", "gateway_status", "gateway_response", "created_at", "updated_at") VALUES ('18', '897b483c-0af1-4e11-9577-afcde8dbc9d6', 'Skrill', 'PENDING', 'Qui Ennii Medeam aut Antiopam Pacuvii spernat aut.', '2024-01-27 11:26:21', '2024-02-05 06:03:52');
INSERT INTO "payment_gateways" ("gateway_id", "transaction_id", "gateway_name", "gateway_status", "gateway_response", "created_at", "updated_at") VALUES ('19', 'a536a754-bb57-443e-b477-4f62a07188cd', 'Adyen', 'PENDING', 'Est incorruptis atque integris testibus, si infantes pueri, mutae etiam bestiae paene loquuntur magistra ac duce natura nihil esse prosperum nisi voluptatem, nihil asperum nisi dolorem, de quibus et ab Epicuro scriptum est et expedita distinctio. Nam libero tempore, cum soluta nobis est eligendi optio, cumque nihil impedit, quo minus omnes mea.', '2024-01-27 11:30:16', '2024-01-30 12:06:33');
INSERT INTO "payment_gateways" ("gateway_id", "transaction_id", "gateway_name", "gateway_status", "gateway_response", "created_at", "updated_at") VALUES ('20', '13bb32c0-ea41-415a-a738-22983bef1d9e', 'Alipay', 'SUCCESS', 'A singulis philosophiae disciplinis diceretur, persecuti sumus. Ut autem a facillimis ordiamur, prima veniat in medium.', '2024-01-27 11:36:03', '2024-02-04 04:16:03');
INSERT INTO "payment_gateways" ("gateway_id", "transaction_id", "gateway_name", "gateway_status", "gateway_response", "created_at", "updated_at") VALUES ('21', '9cf6cf0a-9e8e-4268-870d-62582297f65a', 'Square', 'PENDING', 'Ratione voluptatem sequi nesciunt, neque porro quisquam est, qui alienae modum statuat industriae? Nam ut Terentianus Chremes non inhumanus, qui.', '2024-01-27 11:42:26', '2024-02-01 03:44:01');
INSERT INTO "payment_gateways" ("gateway_id", "transaction_id", "gateway_name", "gateway_status", "gateway_response", "created_at", "updated_at") VALUES ('22', '8d7fe4e4-c02a-440d-9408-37c0aae64cce', 'Adyen', 'PENDING', 'Hoc melius nos veriusque quam Stoici. Illi enim negant esse bonum iucunde vivere. Id qui in una virtute ponunt et.', '2024-01-27 11:45:48', '2024-01-31 11:27:56');
INSERT INTO "payment_gateways" ("gateway_id", "transaction_id", "gateway_name", "gateway_status", "gateway_response", "created_at", "updated_at") VALUES ('23', 'fc53f620-9a91-40dc-a01c-aed6cfca85cf', 'Adyen', 'PENDING', 'Levis, in gravitate brevis soleat esse, ut eius magnitudinem celeritas, diuturnitatem allevatio consoletur. Ad.', '2024-01-27 11:49:37', '2024-01-29 05:07:49');
INSERT INTO "payment_gateways" ("gateway_id", "transaction_id", "gateway_name", "gateway_status", "gateway_response", "created_at", "updated_at") VALUES ('24', '066d2ad0-6362-436c-b53f-60b3d5e9cbba', 'Payza', 'SUCCESS', 'Rem voluptas expetenda, fugiendus dolor sit. Sentiri haec.', '2024-01-27 11:55:31', '2024-02-01 03:44:05');
INSERT INTO "payment_gateways" ("gateway_id", "transaction_id", "gateway_name", "gateway_status", "gateway_response", "created_at", "updated_at") VALUES ('25', 'c8e6fd35-1c66-4d18-b5b8-8fb2e8384495', 'Alipay', 'PENDING', 'Facta quem ad modum affecta nunc est, desiderat?'' -- Nihil sane. .', '2024-01-27 12:02:35', '2024-01-29 23:17:45');
INSERT INTO "payment_gateways" ("gateway_id", "transaction_id", "gateway_name", "gateway_status", "gateway_response", "created_at", "updated_at") VALUES ('26', '63e3c799-a720-48d8-97e6-b574e5c790bf', 'Payoneer', 'SUCCESS', 'Suo pondere ad lineam, numquam fore ut hic noster labor in varias reprehensiones incurreret. Nam quibusdam, et iis servire, qui vel utrisque litteris uti velint vel, si suas habent, illas non magnopere desiderent. Qui autem alia malunt scribi a nobis, aequi esse debent, quod et scripta multa sunt.', '2024-01-27 12:08:20', '2024-01-30 02:20:21');
INSERT INTO "payment_gateways" ("gateway_id", "transaction_id", "gateway_name", "gateway_status", "gateway_response", "created_at", "updated_at") VALUES ('27', '581aa919-e19c-4ebe-b03f-1fca6727212c', 'PayPal', 'SUCCESS', 'Dolores denique quosvis suscipere malit quam deserere ullam officii partem.', '2024-01-27 12:16:34', '2024-01-31 09:57:56');
INSERT INTO "payment_gateways" ("gateway_id", "transaction_id", "gateway_name", "gateway_status", "gateway_response", "created_at", "updated_at") VALUES ('28', '0ebffb87-071c-49d7-85d2-d9480555639a', 'Skrill', 'FAILED', 'Possit, quod conetur, nec optinere, si.', '2024-01-27 12:18:57', '2024-02-03 00:01:54');
INSERT INTO "payment_gateways" ("gateway_id", "transaction_id", "gateway_name", "gateway_status", "gateway_response", "created_at", "updated_at") VALUES ('29', 'cfe61bb7-f791-4d02-8a13-18010fab05c6', 'Dwolla', 'PENDING', 'Fatemur e corporis voluptatibus et doloribus -- itaque concedo, quod modo dicebas, cadere causa, si qui e nostris aliter existimant, quos quidem video minime esse deterritum. Quae cum dixissem, magis ut illum provocarem quam ut ipse constituit, e regione inferiorem locum petentium sine causa eripuit atomis nec tamen id, cuius causa haec finxerat, assecutus est. Nam.', '2024-01-27 12:23:26', '2024-01-30 01:47:41');
INSERT INTO "payment_gateways" ("gateway_id", "transaction_id", "gateway_name", "gateway_status", "gateway_response", "created_at", "updated_at") VALUES ('30', '897b483c-0af1-4e11-9577-afcde8dbc9d6', 'Klarna', 'FAILED', 'Tum ne efficit quidem, quod vult. Nam et ipsa declinatio ad libidinem fingitur -- ait enim declinare atomum sine causa.', '2024-01-27 12:29:19', '2024-02-05 11:35:54');
INSERT INTO "payment_gateways" ("gateway_id", "transaction_id", "gateway_name", "gateway_status", "gateway_response", "created_at", "updated_at") VALUES ('31', '795de140-6936-42bc-96ea-8e1b3f72d096', 'Stripe', 'PENDING', 'Modis video esse a nostris de amicitia dicenda sunt. Praeclare enim Epicurus his paene verbis: ''Eadem'', inquit, ''scientia confirmavit animum, ne quod aut sempiternum aut diuturnum timeret malum, quae perspexit in hoc ipso.', '2024-01-27 12:37:55', '2024-01-29 23:59:15');
INSERT INTO "payment_gateways" ("gateway_id", "transaction_id", "gateway_name", "gateway_status", "gateway_response", "created_at", "updated_at") VALUES ('32', '956d5158-15d1-4fb5-aff3-453476f594a1', 'Amazon Pay', 'PENDING', 'Et caritatem, quae sunt vitae sine metu degendae praesidia firmissima.', '2024-01-27 12:43:10', '2024-01-29 22:48:45');
INSERT INTO "payment_gateways" ("gateway_id", "transaction_id", "gateway_name", "gateway_status", "gateway_response", "created_at", "updated_at") VALUES ('33', '91f0170e-56e7-419b-942d-dfd79a56733d', 'Amazon Pay', 'SUCCESS', 'Facere nondum depravatum ipsa natura divitias, quibus contenta sit, et parabilis et terminatas habet; inanium autem cupiditatum nec modus ullus nec finis inveniri potest. Quodsi corporis gravioribus morbis vitae iucunditas impeditur, quanto magis animi morbis impediri necesse est! Animi autem morbi sunt cupiditates inmensae et inanes divitiarum, gloriae, dominationis, libidinosarum etiam voluptatum.', '2024-01-27 12:50:37', '2024-02-05 16:23:37');
INSERT INTO "payment_gateways" ("gateway_id", "transaction_id", "gateway_name", "gateway_status", "gateway_response", "created_at", "updated_at") VALUES ('34', '75c4163e-235f-48b7-a964-99ee4177cf8f', 'WorldPay', 'FAILED', 'Atque integre iudicante. Itaque negat opus esse ratione neque disputatione, quam ob rem dissentientium inter se reprehensiones non sunt vituperandae, maledicta, contumeliae, tum iracundiae, contentiones concertationesque in disputando pertinaces indignae.', '2024-01-27 12:59:46', '2024-02-04 10:42:33');
INSERT INTO "payment_gateways" ("gateway_id", "transaction_id", "gateway_name", "gateway_status", "gateway_response", "created_at", "updated_at") VALUES ('35', 'd902ad60-bafb-4ee4-bf32-fe1b439a7bd3', 'Stripe', 'FAILED', 'Sua atque natura, quod tranquillat animos, tum spe nihil earum rerum hic tenetur a sapiente delectus, ut aut reiciendis voluptatibus maiores alias consequatur aut perferendis doloribus asperiores repellat.', '2024-01-27 13:02:00', '2024-02-02 20:02:46');
INSERT INTO "payment_gateways" ("gateway_id", "transaction_id", "gateway_name", "gateway_status", "gateway_response", "created_at", "updated_at") VALUES ('36', '7ea4fd3a-1b5c-4f5e-a9b0-779a0a95719e', 'Authorize.Net', 'PENDING', 'Numquam nocet cuiquam, sed contra semper afficit cum vi sua atque natura, quod tranquillat animos, tum spe nihil earum rerum defuturum, quas natura non depravata desiderat. Et quem ad modum.', '2024-01-27 13:11:38', '2024-02-03 08:29:15');
INSERT INTO "payment_gateways" ("gateway_id", "transaction_id", "gateway_name", "gateway_status", "gateway_response", "created_at", "updated_at") VALUES ('37', '40e2770e-52a2-4da4-b9a6-39c7b57f139a', 'Venmo', 'PENDING', 'Sanguinem suum tam crudelis fuisse, nihil ut de omni.', '2024-01-27 13:15:38', '2024-02-06 02:21:18');
INSERT INTO "payment_gateways" ("gateway_id", "transaction_id", "gateway_name", "gateway_status", "gateway_response", "created_at", "updated_at") VALUES ('38', 'e5b4dc57-7f41-4358-8e66-966d9e4d0bed', 'Venmo', 'FAILED', 'Indignae philosophia mihi videri solent. Tum Torquatus: Prorsus, inquit, assentior; neque enim tempus est ullum, quo non plus voluptatum habeat quam dolorum. Nam et complectitur verbis, quod vult, et dicit plane, quod intellegam; et tamen ego.', '2024-01-27 13:25:30', '2024-01-30 11:06:55');
INSERT INTO "payment_gateways" ("gateway_id", "transaction_id", "gateway_name", "gateway_status", "gateway_response", "created_at", "updated_at") VALUES ('39', 'eb325dc0-253c-46cb-87a4-cadad83c8b24', 'Skrill', 'SUCCESS', 'Est. Tollit definitiones, nihil de dividendo ac partiendo docet, non quo ignorare vos.', '2024-01-27 13:27:16', '2024-02-05 00:04:39');
INSERT INTO "payment_gateways" ("gateway_id", "transaction_id", "gateway_name", "gateway_status", "gateway_response", "created_at", "updated_at") VALUES ('40', '1a47fb6c-cd19-4e2e-ae82-abb4fcc78bbb', 'Payoneer', 'SUCCESS', 'Operam ponendam in eo filio adhibuit, quem in adoptionem D. Silano emancipaverat, ut eum Macedonum legatis accusantibus, quod pecunias praetorem in provincia cepisse arguerent, causam apud se dicere iuberet reque ex utraque.', '2024-01-27 13:34:02', '2024-01-31 01:06:55');
INSERT INTO "payment_gateways" ("gateway_id", "transaction_id", "gateway_name", "gateway_status", "gateway_response", "created_at", "updated_at") VALUES ('41', 'ccd381f6-3d51-405f-ad80-6c6419d9c6c6', 'Alipay', 'SUCCESS', 'Persius, Scipio vero et Rutilius multo etiam magis, quorum ille iudicium reformidans Tarentinis ait se et alliciat suapte natura, non potest esse dubium, quin.', '2024-01-27 13:42:18', '2024-02-03 18:32:37');
INSERT INTO "payment_gateways" ("gateway_id", "transaction_id", "gateway_name", "gateway_status", "gateway_response", "created_at", "updated_at") VALUES ('42', 'f62c1e5b-31b1-40b9-9884-7d84cdc75c2c', 'Apple Pay', 'PENDING', 'Iucundius, id est in Ceramico Chrysippi sedentis porrecta manu, quae manus significet illum in.', '2024-01-27 13:44:45', '2024-02-02 13:50:59');
INSERT INTO "payment_gateways" ("gateway_id", "transaction_id", "gateway_name", "gateway_status", "gateway_response", "created_at", "updated_at") VALUES ('43', 'e32d9f1a-586d-472a-a7ed-db40fc0a05f0', 'Braintree', 'SUCCESS', 'Iuste, nisi iucunde. Neque enim civitas in seditione beata esse potest nec in.', '2024-01-27 13:51:51', '2024-02-03 09:39:50');
INSERT INTO "payment_gateways" ("gateway_id", "transaction_id", "gateway_name", "gateway_status", "gateway_response", "created_at", "updated_at") VALUES ('44', '737baa93-e3a2-44b2-8f02-248215163a78', 'Google Pay', 'PENDING', 'Bonorum vel ultimum vel extremum -- quod Graeci telos nominant --, quod ipsum nullam ad aliam rem, ad id omnia.', '2024-01-27 13:54:07', '2024-02-04 17:08:40');
INSERT INTO "payment_gateways" ("gateway_id", "transaction_id", "gateway_name", "gateway_status", "gateway_response", "created_at", "updated_at") VALUES ('45', '9cf6cf0a-9e8e-4268-870d-62582297f65a', 'Authorize.Net', 'FAILED', 'Voluptate est. Extremum autem esse bonorum voluptatem ex infinito tempore aetatis percipi posse, quam ex hoc percipiatur, quod.', '2024-01-27 14:00:17', '2024-01-30 04:06:29');
INSERT INTO "payment_gateways" ("gateway_id", "transaction_id", "gateway_name", "gateway_status", "gateway_response", "created_at", "updated_at") VALUES ('46', '795de140-6936-42bc-96ea-8e1b3f72d096', 'Square', 'SUCCESS', 'Forte successerit, at contra gaudere nosmet omittendis doloribus, etiamsi voluptas ea, quae dices, libenter assentiar. Probabo, inquit, modo.', '2024-01-27 14:08:30', '2024-01-29 22:46:00');
INSERT INTO "payment_gateways" ("gateway_id", "transaction_id", "gateway_name", "gateway_status", "gateway_response", "created_at", "updated_at") VALUES ('47', '6d2260ac-9402-4f97-b8d3-eefff84f8504', 'BlueSnap', 'SUCCESS', 'Et expedita distinctio. Nam libero tempore, cum soluta nobis est eligendi optio, cumque nihil impedit, quo minus omnes mea legant. Utinam esset ille Persius, Scipio vero et Rutilius multo etiam magis, quorum ille iudicium reformidans Tarentinis ait se et Consentinis et Siculis scribere. Facete is quidem, sicut alia; sed neque tam docti tum erant, ad quorum.', '2024-01-27 14:10:54', '2024-02-01 02:24:56');
INSERT INTO "payment_gateways" ("gateway_id", "transaction_id", "gateway_name", "gateway_status", "gateway_response", "created_at", "updated_at") VALUES ('48', '1ef33435-1b8b-4579-bb56-57c1f125d9fe', 'Stripe', 'SUCCESS', 'Severitatem in eo ipso parum vidit, deinde.', '2024-01-27 14:18:26', '2024-02-02 03:22:05');
INSERT INTO "payment_gateways" ("gateway_id", "transaction_id", "gateway_name", "gateway_status", "gateway_response", "created_at", "updated_at") VALUES ('49', '2a27cc84-389d-4003-aed6-554c3691a13b', 'Adyen', 'PENDING', 'Conficiuntur et angore et metu maximeque cruciantur, cum sero sentiunt frustra se aut pecuniae studuisse aut imperiis aut.', '2024-01-27 14:28:16', '2024-02-03 08:05:57');
INSERT INTO "payment_gateways" ("gateway_id", "transaction_id", "gateway_name", "gateway_status", "gateway_response", "created_at", "updated_at") VALUES ('50', '244cfce6-696c-4b96-9cbe-7b69078be4d0', 'BlueSnap', 'SUCCESS', 'Malum est vivere cum dolore, cui sententiae consentaneum est ultimum esse.', '2024-01-27 14:30:52', '2024-02-04 17:28:10');
INSERT INTO "payment_gateways" ("gateway_id", "transaction_id", "gateway_name", "gateway_status", "gateway_response", "created_at", "updated_at") VALUES ('51', '7dfd3774-bde0-43e5-bf71-120a705c51d0', 'Square', 'FAILED', 'Optari, quia voluptatem. Iustitia restat, ut de omni virtute sit dictum. Sed similia.', '2024-01-27 14:32:49', '2024-02-01 20:22:18');
INSERT INTO "payment_gateways" ("gateway_id", "transaction_id", "gateway_name", "gateway_status", "gateway_response", "created_at", "updated_at") VALUES ('52', '14f7ce90-b44e-4f31-adbc-fa43016b01e7', 'WorldPay', 'FAILED', 'Difficile est, tamen nec modus ullus nec finis inveniri potest. Quodsi corporis gravioribus morbis vitae iucunditas impeditur, quanto magis animi morbis impediri necesse est! Animi autem.', '2024-01-27 14:37:53', '2024-02-01 00:55:18');
INSERT INTO "payment_gateways" ("gateway_id", "transaction_id", "gateway_name", "gateway_status", "gateway_response", "created_at", "updated_at") VALUES ('53', '8bcdd630-54ba-4e4d-99d4-4a5bf5958aa1', 'Adyen', 'PENDING', 'Ipsos penitus perdiderunt, sic robustus animus et a formidinum terrore vindicet et ipsius fortunae modice ferre doceat iniurias et omnis monstret vias, quae ad amicos pertinerent, negarent esse.', '2024-01-27 14:39:29', '2024-01-30 15:01:20');
INSERT INTO "payment_gateways" ("gateway_id", "transaction_id", "gateway_name", "gateway_status", "gateway_response", "created_at", "updated_at") VALUES ('54', '1879fd4f-3049-41f5-b6bd-c9547daf2505', 'Dwolla', 'SUCCESS', 'Theatro exeamus. Quibus rebus intellegitur nec intemperantiam propter se ipsos amentur. Etenim.', '2024-01-27 14:46:20', '2024-01-27 15:50:49');
INSERT INTO "payment_gateways" ("gateway_id", "transaction_id", "gateway_name", "gateway_status", "gateway_response", "created_at", "updated_at") VALUES ('55', '2c8b9d7b-1368-452b-8afa-fefbf013fed2', 'Amazon Pay', 'FAILED', 'Sapienter, honeste iusteque vivatur, nec sapienter, honeste, iuste, nisi.', '2024-01-27 14:50:32', '2024-01-28 04:14:51');
INSERT INTO "payment_gateways" ("gateway_id", "transaction_id", "gateway_name", "gateway_status", "gateway_response", "created_at", "updated_at") VALUES ('56', '05b9acf5-62a1-4e67-9c79-373bdc6b49e9', 'Square', 'FAILED', 'Has optari, quia voluptatem. Iustitia restat, ut de commodis suis cogitarent? At id ne ferae quidem faciunt, ut ita ruant itaque turbent, ut earum motus et impetus quo pertineant non.', '2024-01-27 14:54:23', '2024-01-30 22:56:09');
INSERT INTO "payment_gateways" ("gateway_id", "transaction_id", "gateway_name", "gateway_status", "gateway_response", "created_at", "updated_at") VALUES ('57', '7b004dfe-331c-40f7-9852-3ce1953f8510', '2Checkout', 'PENDING', 'Desideraret, quia, quod dolore caret, id in voluptate aut in dolore. Omnis autem privatione.', '2024-01-27 14:59:24', '2024-01-31 23:05:42');
INSERT INTO "payment_gateways" ("gateway_id", "transaction_id", "gateway_name", "gateway_status", "gateway_response", "created_at", "updated_at") VALUES ('58', '9b9f3765-c909-4965-a696-8677a18a3952', 'Square', 'SUCCESS', 'Hoc ipsum efficitur in amicitia, et amicitia cum voluptate conectitur. Nam et laetamur amicorum laetitia aeque atque nostra et pariter dolemus angoribus. Quocirca eodem modo sapiens erit.', '2024-01-27 15:01:00', '2024-01-30 07:53:48');
INSERT INTO "payment_gateways" ("gateway_id", "transaction_id", "gateway_name", "gateway_status", "gateway_response", "created_at", "updated_at") VALUES ('59', 'fc53f620-9a91-40dc-a01c-aed6cfca85cf', 'Stripe', 'SUCCESS', 'Nihil sane praeter sedulitatem probarent, omnes mihi Epicuri sententiae satis notae sunt. Atque eos, quos nominavi, cum inciderit, ut id meo arbitratu facerem, ante hoc tempus numquam est inquit, modo ista sis aequitate, quam ostendis. Sed uti oratione perpetua malo.', '2024-01-27 15:07:40', '2024-02-03 00:04:12');
INSERT INTO "payment_gateways" ("gateway_id", "transaction_id", "gateway_name", "gateway_status", "gateway_response", "created_at", "updated_at") VALUES ('60', '7ea4fd3a-1b5c-4f5e-a9b0-779a0a95719e', 'Klarna', 'FAILED', 'Omni munere vitae optimum et verissimum sit, exquirere? An, partus ancillae sitne in fructu habendus, disseretur.', '2024-01-27 15:08:54', '2024-01-29 15:07:56');
INSERT INTO "payment_gateways" ("gateway_id", "transaction_id", "gateway_name", "gateway_status", "gateway_response", "created_at", "updated_at") VALUES ('61', 'eb233e9a-411b-475e-a19a-9e35e2b55483', 'WorldPay', 'FAILED', 'Litteris, quarum summum erat in utroque studium, deinde Torquatus: Quoniam nacti te, inquit, sumus aliquando otiosum, certe audiam, quid sit, quod.', '2024-01-27 15:13:32', '2024-02-05 02:16:37');
INSERT INTO "payment_gateways" ("gateway_id", "transaction_id", "gateway_name", "gateway_status", "gateway_response", "created_at", "updated_at") VALUES ('62', '26c8869d-eaa2-42ca-be20-665ab3932c42', 'BlueSnap', 'SUCCESS', 'Assentiar. Probabo, inquit, modo ista sis aequitate, quam ostendis. Sed uti.', '2024-01-27 15:21:22', '2024-01-29 19:46:55');
INSERT INTO "payment_gateways" ("gateway_id", "transaction_id", "gateway_name", "gateway_status", "gateway_response", "created_at", "updated_at") VALUES ('63', '7dfd3774-bde0-43e5-bf71-120a705c51d0', 'WorldPay', 'SUCCESS', 'Illud ocurreret, si omnia dixi hausta e fonte naturae, si tota.', '2024-01-27 15:25:33', '2024-01-31 01:52:36');
INSERT INTO "payment_gateways" ("gateway_id", "transaction_id", "gateway_name", "gateway_status", "gateway_response", "created_at", "updated_at") VALUES ('64', 'ee3a6e25-0dfe-40a3-ae52-af0a114ef6d0', 'Skrill', 'PENDING', 'Latinis tertio consulatu conflixisse apud Veserim propter voluptatem; quod vero securi percussit filium, privavisse se etiam videtur multis.', '2024-01-27 15:34:07', '2024-02-05 15:11:23');
INSERT INTO "payment_gateways" ("gateway_id", "transaction_id", "gateway_name", "gateway_status", "gateway_response", "created_at", "updated_at") VALUES ('65', '97e5bde9-b89c-49a0-b5eb-3b79927ef954', 'Amazon Pay', 'SUCCESS', 'Quos dolores et quas molestias excepturi sint, obcaecati cupiditate non provident, similique sunt in eadem causa sunt, qua ante quam nati, et ad dolores ita paratus est, ut Epicuro placet, nihil dolere, primum tibi recte, Chrysippe, concessum est nihil ad iucunde vivendum reperiri posse, quod coniunctione tali sit.', '2024-01-27 15:38:00', '2024-01-30 20:57:37');
INSERT INTO "payment_gateways" ("gateway_id", "transaction_id", "gateway_name", "gateway_status", "gateway_response", "created_at", "updated_at") VALUES ('66', '1ef33435-1b8b-4579-bb56-57c1f125d9fe', 'WorldPay', 'FAILED', 'Opera, studio, labore meo doctiores cives mei, nec cum istis tantopere pugnare, qui Graeca legere malint, modo legant illa ipsa, ne simulent, et iis servire, qui vel utrisque litteris uti velint vel.', '2024-01-27 15:47:22', '2024-01-29 09:38:09');
INSERT INTO "payment_gateways" ("gateway_id", "transaction_id", "gateway_name", "gateway_status", "gateway_response", "created_at", "updated_at") VALUES ('67', '5a497e82-ca4e-433b-aaeb-e33fa9728649', 'Venmo', 'SUCCESS', 'Plerumque improborum facta primo suspicio insequitur, dein sermo atque fama.', '2024-01-27 15:54:15', '2024-02-01 13:20:27');
INSERT INTO "payment_gateways" ("gateway_id", "transaction_id", "gateway_name", "gateway_status", "gateway_response", "created_at", "updated_at") VALUES ('68', '97e5bde9-b89c-49a0-b5eb-3b79927ef954', 'Venmo', 'PENDING', 'Quid? T. Torquatus, is qui consul cum.', '2024-01-27 15:56:13', '2024-01-28 05:13:28');
INSERT INTO "payment_gateways" ("gateway_id", "transaction_id", "gateway_name", "gateway_status", "gateway_response", "created_at", "updated_at") VALUES ('69', 'eb233e9a-411b-475e-a19a-9e35e2b55483', 'WorldPay', 'PENDING', 'Improbis factis ad minuendas vitae molestias accessio potest fieri, quanta ad augendas, cum.', '2024-01-27 16:03:13', '2024-02-01 08:43:45');
INSERT INTO "payment_gateways" ("gateway_id", "transaction_id", "gateway_name", "gateway_status", "gateway_response", "created_at", "updated_at") VALUES ('70', 'eb325dc0-253c-46cb-87a4-cadad83c8b24', 'PayPal', 'FAILED', 'Interiret. -- At magnum periculum adiit. -- In oculis quidem exercitus. -- Quid ex eo credo quibusdam usu venire; ut abhorreant a Latinis, quod inciderint in inculta quaedam et horrida, de malis Graecis Latine scripta deterius. Quibus ego assentior.', '2024-01-27 16:12:25', '2024-01-29 22:47:46');
INSERT INTO "payment_gateways" ("gateway_id", "transaction_id", "gateway_name", "gateway_status", "gateway_response", "created_at", "updated_at") VALUES ('71', 'ae3b67f1-cea8-497a-81df-bea6dc3a8907', 'Stripe', 'SUCCESS', 'Se ipsum, quosque labores propter suam voluptatem susciperet, eosdem suscipiet propter amici voluptatem. Quaeque de virtutibus dicta sunt, quem ad modum, quaeso, interpretaris? Sicine.', '2024-01-27 16:20:15', '2024-02-03 13:40:13');
INSERT INTO "payment_gateways" ("gateway_id", "transaction_id", "gateway_name", "gateway_status", "gateway_response", "created_at", "updated_at") VALUES ('72', '63e3c799-a720-48d8-97e6-b574e5c790bf', 'Square', 'SUCCESS', 'Sentit, quem ad modum, quaeso, interpretaris? Sicine eos censes aut in poetis evolvendis, ut ego et Triarius te hortatore facimus, consumeret, in quibus nulla solida utilitas omnisque puerilis est delectatio, aut se, ut Plato, in musicis, geometria, numeris, astris contereret, quae et a spe.', '2024-01-27 16:21:41', '2024-01-28 04:56:25');
INSERT INTO "payment_gateways" ("gateway_id", "transaction_id", "gateway_name", "gateway_status", "gateway_response", "created_at", "updated_at") VALUES ('73', '66d219ae-0807-4033-94d1-613d23b35013', 'Google Pay', 'SUCCESS', 'Repellere, idque facere nondum depravatum ipsa natura incorrupte atque integre iudicante. Itaque negat opus esse ratione neque disputatione, quam ob rem voluptas expetenda, fugiendus dolor sit. Sentiri haec putat, ut.', '2024-01-27 16:28:11', '2024-01-28 05:48:23');
INSERT INTO "payment_gateways" ("gateway_id", "transaction_id", "gateway_name", "gateway_status", "gateway_response", "created_at", "updated_at") VALUES ('74', 'b92ea567-78e2-4a9b-9eb2-efcf16b1843a', 'WorldPay', 'SUCCESS', 'Facilius id, quod quaeritur, sit pulcherrimum. Etenim si delectamur, cum scribimus, quis est tam invidus, qui ab eo et gravissimas res consilio ipsius et ratione administrari neque maiorem voluptatem ex hoc percipiatur, quod videamus esse finitum. In dialectica autem vestra nullam existimavit esse nec ad commodius disserendum viam.', '2024-01-27 16:32:41', '2024-01-28 16:59:39');
INSERT INTO "payment_gateways" ("gateway_id", "transaction_id", "gateway_name", "gateway_status", "gateway_response", "created_at", "updated_at") VALUES ('75', '13bb32c0-ea41-415a-a738-22983bef1d9e', 'WorldPay', 'SUCCESS', 'Dicta sunt, explicabo. Nemo enim ipsam voluptatem, quia voluptas sit, aspernatur aut odit aut fugit, sed quia pacem.', '2024-01-27 16:37:02', '2024-02-01 15:58:01');
INSERT INTO "payment_gateways" ("gateway_id", "transaction_id", "gateway_name", "gateway_status", "gateway_response", "created_at", "updated_at") VALUES ('76', 'b873149f-7699-41a1-85ea-54f0cbdf288d', 'Amazon Pay', 'FAILED', 'Oratio me istius philosophi non offendit; nam et ipsa declinatio ad.', '2024-01-27 16:43:26', '2024-01-30 21:22:13');
INSERT INTO "payment_gateways" ("gateway_id", "transaction_id", "gateway_name", "gateway_status", "gateway_response", "created_at", "updated_at") VALUES ('77', '80472e93-5ea8-45ad-91b8-d93f6ee22b47', 'WorldPay', 'PENDING', 'Inquit, ''scientia confirmavit animum, ne quod.', '2024-01-27 16:49:34', '2024-02-04 05:27:49');
INSERT INTO "payment_gateways" ("gateway_id", "transaction_id", "gateway_name", "gateway_status", "gateway_response", "created_at", "updated_at") VALUES ('78', '60f7c849-ec52-4cab-8a82-243a426463af', 'Apple Pay', 'SUCCESS', 'Elaborare, ut sint opera, studio, labore meo doctiores cives mei, nec cum istis tantopere pugnare, qui Graeca legere malint, modo legant illa ipsa, ne simulent, et iis quidem non admodum flagitem. Re mihi non aeque satisfacit, et quidem tibi.', '2024-01-27 16:51:49', '2024-01-31 14:42:13');
INSERT INTO "payment_gateways" ("gateway_id", "transaction_id", "gateway_name", "gateway_status", "gateway_response", "created_at", "updated_at") VALUES ('79', '066d2ad0-6362-436c-b53f-60b3d5e9cbba', 'Venmo', 'SUCCESS', 'Est. Tribus igitur modis video esse a nostris non legantur? Quamquam, si plane sic verterem Platonem aut Aristotelem, ut verterunt nostri poetae fabulas, male, credo, mererer de meis.', '2024-01-27 17:01:06', '2024-02-06 01:15:05');
INSERT INTO "payment_gateways" ("gateway_id", "transaction_id", "gateway_name", "gateway_status", "gateway_response", "created_at", "updated_at") VALUES ('80', 'cf582cc3-fd3c-47ff-a018-336323aeb8b4', 'Authorize.Net', 'FAILED', 'Quam legendi sunt. Quid enim me prohiberet Epicureum esse, si probarem, quae ille diceret? Cum praesertim illa perdiscere ludus esset. Quam ob rem tandem, inquit, non satisfacit? Te enim iudicem aequum puto, modo quae dicat ille bene noris. Nisi mihi Phaedrum, inquam, tu mentitum aut Zenonem putas, quorum utrumque audivi, cum miraretur.', '2024-01-27 17:02:51', '2024-01-30 03:13:53');
INSERT INTO "payment_gateways" ("gateway_id", "transaction_id", "gateway_name", "gateway_status", "gateway_response", "created_at", "updated_at") VALUES ('81', 'ed98b21f-e344-4c0a-a2f9-e58a383abaae', 'Apple Pay', 'PENDING', 'Tamquam artifex conquirendae et comparandae voluptatis .', '2024-01-27 17:10:43', '2024-02-03 23:09:01');
INSERT INTO "payment_gateways" ("gateway_id", "transaction_id", "gateway_name", "gateway_status", "gateway_response", "created_at", "updated_at") VALUES ('82', '795de140-6936-42bc-96ea-8e1b3f72d096', 'Adyen', 'PENDING', 'Summum nec infimum nec medium nec ultimum nec extremum sit, ita ferri, ut concursionibus inter se reprehensiones non.', '2024-01-27 17:18:32', '2024-01-30 03:13:55');
INSERT INTO "payment_gateways" ("gateway_id", "transaction_id", "gateway_name", "gateway_status", "gateway_response", "created_at", "updated_at") VALUES ('83', 'fd8b2b27-84f5-46aa-b85d-c060fbae141a', 'Google Pay', 'PENDING', 'Frustra se aut pecuniae studuisse aut imperiis aut opibus aut gloriae. Nullas enim consequuntur voluptates, quarum potiendi spe inflammati multos labores magnosque susceperant. Ecce autem alii minuti et angusti aut omnia semper desperantes.', '2024-01-27 17:22:33', '2024-02-06 15:12:40');
INSERT INTO "payment_gateways" ("gateway_id", "transaction_id", "gateway_name", "gateway_status", "gateway_response", "created_at", "updated_at") VALUES ('84', '376266c6-3ef4-4263-a668-2b22175fb1f6', 'Authorize.Net', 'SUCCESS', 'In fructu habendus, disseretur inter principes civitatis, P. Scaevolam M''.que Manilium, ab iisque M. Brutus dissentiet -- quod Graeci telos nominant --, quod ipsum nullam ad aliam rem, ad id autem res referuntur omnes, fatendum est summum esse bonum iucunde.', '2024-01-27 17:28:52', '2024-01-31 19:41:34');
INSERT INTO "payment_gateways" ("gateway_id", "transaction_id", "gateway_name", "gateway_status", "gateway_response", "created_at", "updated_at") VALUES ('85', '26c8869d-eaa2-42ca-be20-665ab3932c42', 'Venmo', 'PENDING', 'Linguam non modo non inopem, ut vulgo putarent, sed locupletiorem etiam esse quam vacare omni dolore careret, non modo fautrices fidelissimae, sed etiam effectrices sunt voluptatum tam amicis quam sibi, quibus non solum praesentibus fruuntur, sed etiam praetereat omnes voluptates, dolores denique.', '2024-01-27 17:34:45', '2024-02-06 03:34:58');
INSERT INTO "payment_gateways" ("gateway_id", "transaction_id", "gateway_name", "gateway_status", "gateway_response", "created_at", "updated_at") VALUES ('86', '35f43549-ea42-4532-9695-5059416b8628', 'Klarna', 'PENDING', 'Invenerit, aut torquem illum hosti detraxisse, ut aliquam ex eo est consecutus? -- Laudem et caritatem, quae sunt vitae sine metu degendae praesidia firmissima. -- Filium morte multavit. -- Si sine causa, nollem.', '2024-01-27 17:38:42', '2024-02-04 07:32:47');
INSERT INTO "payment_gateways" ("gateway_id", "transaction_id", "gateway_name", "gateway_status", "gateway_response", "created_at", "updated_at") VALUES ('87', 'e3b37296-b992-47dc-bf5e-2e6838e6c3fa', 'Amazon Pay', 'SUCCESS', 'Etiam morati melius erimus, cum didicerimus quid natura postulet non intellegunt, errore maximo, si Epicurum audire voluerint, liberabuntur: istae enim.', '2024-01-27 17:40:15', '2024-02-05 11:15:57');
INSERT INTO "payment_gateways" ("gateway_id", "transaction_id", "gateway_name", "gateway_status", "gateway_response", "created_at", "updated_at") VALUES ('88', '8806ad1a-1036-4cbc-bcb7-f7bd5b7698c7', 'Alipay', 'SUCCESS', 'Inbecilloque ferre miserum est, ob eamque debilitatem animi multi parentes, multi amicos, non nulli patriam, plerique autem se ipsos amentur. Etenim si loca, si.', '2024-01-27 17:46:40', '2024-02-01 09:16:36');
INSERT INTO "payment_gateways" ("gateway_id", "transaction_id", "gateway_name", "gateway_status", "gateway_response", "created_at", "updated_at") VALUES ('89', 'd606d840-b126-4ef4-8f10-b11d14c4244d', 'Amazon Pay', 'PENDING', 'Aristippus, et ille melius. Addidisti ad extremum etiam indoctum fuisse. Fieri, inquam, Triari, nullo pacto potest, ut errem, sed ita sentio et saepe etiam videmus, et perspicuum est nihil desiderare manum, cum ita esset affecta, secundum non recte, si voluptas summum sit bonum, affirmatis nullam omnino fore. De.', '2024-01-27 17:54:10', '2024-01-31 16:21:17');
INSERT INTO "payment_gateways" ("gateway_id", "transaction_id", "gateway_name", "gateway_status", "gateway_response", "created_at", "updated_at") VALUES ('90', '737baa93-e3a2-44b2-8f02-248215163a78', 'Payoneer', 'FAILED', 'Homo acutus, cum illud ocurreret, si omnia deorsus e regione ferrentur et, ut dixi, ad lineam, hunc naturalem esse omnium corporum motum. Deinde ibidem homo acutus, cum illud ocurreret, si.', '2024-01-27 17:58:09', '2024-01-29 23:28:45');
INSERT INTO "payment_gateways" ("gateway_id", "transaction_id", "gateway_name", "gateway_status", "gateway_response", "created_at", "updated_at") VALUES ('91', 'cf582cc3-fd3c-47ff-a018-336323aeb8b4', 'Braintree', 'FAILED', 'Possint, sic de iustitia iudicandum est, quae non modo singulos homines, sed universas familias evertunt, totam etiam labefactant saepe rem publicam. Ex cupiditatibus odia, discidia, discordiae, seditiones, bella nascuntur, nec eae se foris solum iactant nec tantum in alios caeco.', '2024-01-27 17:59:43', '2024-02-05 19:42:02');
INSERT INTO "payment_gateways" ("gateway_id", "transaction_id", "gateway_name", "gateway_status", "gateway_response", "created_at", "updated_at") VALUES ('92', '2bc0d154-2471-472c-96c6-0b476c72cb56', 'WorldPay', 'SUCCESS', 'Aut omnia semper desperantes aut malivoli.', '2024-01-27 18:04:04', '2024-01-30 01:45:23');
INSERT INTO "payment_gateways" ("gateway_id", "transaction_id", "gateway_name", "gateway_status", "gateway_response", "created_at", "updated_at") VALUES ('93', 'ee3a6e25-0dfe-40a3-ae52-af0a114ef6d0', 'Authorize.Net', 'PENDING', 'Nec dolorem timentis, quod mors sensu careat, dolor in longinquitate levis, in gravitate brevis soleat esse, ut ad Orestem pervenias profectus a Theseo. At vero Epicurus una in domo, et ea quidem angusta, quam magnos quantaque.', '2024-01-27 18:06:21', '2024-02-02 07:54:02');
INSERT INTO "payment_gateways" ("gateway_id", "transaction_id", "gateway_name", "gateway_status", "gateway_response", "created_at", "updated_at") VALUES ('94', '7b004dfe-331c-40f7-9852-3ce1953f8510', 'Klarna', 'SUCCESS', 'Tibi non vera videantur. Vide, quantum, inquam, fallare, Torquate. Oratio me istius philosophi non offendit; nam et praeterita grate meminit et praesentibus ita potitur, ut animadvertat quanta sint.', '2024-01-27 18:10:52', '2024-02-02 18:11:08');
INSERT INTO "payment_gateways" ("gateway_id", "transaction_id", "gateway_name", "gateway_status", "gateway_response", "created_at", "updated_at") VALUES ('95', '0ebffb87-071c-49d7-85d2-d9480555639a', 'Venmo', 'SUCCESS', 'Nihil efficeret; nunc expetitur, quod est tamquam artifex conquirendae et comparandae.', '2024-01-27 18:12:31', '2024-01-28 17:37:51');
INSERT INTO "payment_gateways" ("gateway_id", "transaction_id", "gateway_name", "gateway_status", "gateway_response", "created_at", "updated_at") VALUES ('96', '468a2ea8-c84b-4425-b863-9c7dcd53cbd2', 'Dwolla', 'SUCCESS', 'Dolore eu fugiat nulla pariatur. Excepteur sint occaecat cupidatat non proident, sunt in culpa, qui officia deserunt mollit anim id est vel summum bonorum vel ultimum vel extremum -- quod Graeci telos nominant.', '2024-01-27 18:14:03', '2024-01-31 02:42:19');
INSERT INTO "payment_gateways" ("gateway_id", "transaction_id", "gateway_name", "gateway_status", "gateway_response", "created_at", "updated_at") VALUES ('97', 'e11b6466-c087-49a6-bb9a-e602f0647220', 'BlueSnap', 'SUCCESS', 'Semper occultum. Plerumque improborum facta primo suspicio insequitur, dein sermo atque fama, tum accusator, tum.', '2024-01-27 18:18:36', '2024-01-30 06:14:47');
INSERT INTO "payment_gateways" ("gateway_id", "transaction_id", "gateway_name", "gateway_status", "gateway_response", "created_at", "updated_at") VALUES ('98', 'e5b4dc57-7f41-4358-8e66-966d9e4d0bed', 'PayPal', 'PENDING', 'Amori praetulerit ius maiestatis atque imperii. Quid? T. Torquatus, is qui consul cum.', '2024-01-27 18:26:33', '2024-01-28 23:27:20');
INSERT INTO "payment_gateways" ("gateway_id", "transaction_id", "gateway_name", "gateway_status", "gateway_response", "created_at", "updated_at") VALUES ('99', '737baa93-e3a2-44b2-8f02-248215163a78', 'PayPal', 'FAILED', 'Plus voluptatum habeat quam dolorum. Nam et ipsa declinatio ad libidinem fingitur -- ait enim declinare atomum sine causa; quo nihil turpius physico, quam fieri quicquam sine causa eripuit atomis nec tamen id, cuius causa haec finxerat, assecutus est. Nam si omnes veri erunt, ut Epicuri ratio docet, tum denique poterit aliquid cognosci et percipi. Quos.', '2024-01-27 18:31:07', '2024-02-05 01:20:50');
INSERT INTO "payment_gateways" ("gateway_id", "transaction_id", "gateway_name", "gateway_status", "gateway_response", "created_at", "updated_at") VALUES ('100', 'bf6c0ede-f150-473c-b64d-5df484cb132f', 'Adyen', 'PENDING', 'Interea hoc tenebo, si ob aliquam causam ista, quae sine dubio praeclara sunt, fecerint, virtutem iis per se ipsam optabilem, sed quia non numquam eius modi tempora incidunt.', '2024-01-27 18:37:49', '2024-02-02 05:31:57');

INSERT INTO "payment_methods" ("method_id", "user_id", "method_type", "method_details", "is_default", "created_at", "updated_at") VALUES ('1', '51', 'CARD', 'Quod intellegam; et tamen ego a philosopho, si afferat eloquentiam, non asperner, si non habeat, non admodum indoctis, totum hoc displicet philosophari. Quidam autem non tam id reprehendunt, si remissius agatur, sed tantum.', '0', '2024-01-27 09:58:57', '2024-01-27 11:58:26');
INSERT INTO "payment_methods" ("method_id", "user_id", "method_type", "method_details", "is_default", "created_at", "updated_at") VALUES ('3', '41', 'CARD', 'Referri oporteat, ipsum autem nusquam. Hoc Epicurus in.', '0', '2024-01-27 10:13:11', '2024-01-30 11:54:38');
INSERT INTO "payment_methods" ("method_id", "user_id", "method_type", "method_details", "is_default", "created_at", "updated_at") VALUES ('4', '15', 'UPI', 'Res efficiatur, alterum, quae naturales essent nec tamen id, cuius causa.', '0', '2024-01-27 10:22:05', '2024-02-04 21:35:20');
INSERT INTO "payment_methods" ("method_id", "user_id", "method_type", "method_details", "is_default", "created_at", "updated_at") VALUES ('7', '4', 'WALLET', 'Redeamus; de hominibus dici non modo quid nobis probaretur, sed etiam effectrices sunt voluptatum tam amicis quam sibi, quibus non solum praesentibus.', '0', '2024-01-27 10:37:12', '2024-02-01 19:01:13');
INSERT INTO "payment_methods" ("method_id", "user_id", "method_type", "method_details", "is_default", "created_at", "updated_at") VALUES ('8', '62', 'UPI', 'Causa probamus, et gubernatoris ars, quia.', '0', '2024-01-27 10:42:27', '2024-02-01 17:51:05');
INSERT INTO "payment_methods" ("method_id", "user_id", "method_type", "method_details", "is_default", "created_at", "updated_at") VALUES ('12', '87', 'CARD', 'Multos legant, quam legendi sunt. Quid enim me prohiberet Epicureum.', '0', '2024-01-27 11:09:33', '2024-01-28 05:15:49');
INSERT INTO "payment_methods" ("method_id", "user_id", "method_type", "method_details", "is_default", "created_at", "updated_at") VALUES ('15', '28', 'BANK_TRANSFER', 'Romanum atque Sabinum, municipem Ponti, Tritani, centurionum, praeclarorum hominum ac primorum signiferumque, maluisti dici. Graece ergo praetor Athenis, id quod.', '0', '2024-01-27 11:27:35', '2024-02-01 18:54:26');
INSERT INTO "payment_methods" ("method_id", "user_id", "method_type", "method_details", "is_default", "created_at", "updated_at") VALUES ('16', '34', 'UPI', 'Efflorescere tantum, ut, etiamsi nulla sit utilitas ex amicitia, tamen ipsi amici propter se.', '0', '2024-01-27 11:36:21', '2024-02-05 14:43:42');
INSERT INTO "payment_methods" ("method_id", "user_id", "method_type", "method_details", "is_default", "created_at", "updated_at") VALUES ('18', '15', 'UPI', 'Bono, dolorem aspernari ut summum ex rebus expetendis, quid fugiat ut extremum malorum? Qua de re cum sit inter doctissimos summa dissensio, quis alienum putet eius esse dignitatis, quam mihi quisque tribuat, quid.', '0', '2024-01-27 11:40:53', '2024-02-02 00:47:57');
INSERT INTO "payment_methods" ("method_id", "user_id", "method_type", "method_details", "is_default", "created_at", "updated_at") VALUES ('19', '90', 'CARD', 'Enim inter argumentum conclusionemque rationis et inter mediocrem animadversionem atque admonitionem. Altera occulta quaedam et horrida, de malis Graecis Latine scripta deterius. Quibus ego.', '0', '2024-01-27 11:45:29', '2024-01-28 11:41:12');
INSERT INTO "payment_methods" ("method_id", "user_id", "method_type", "method_details", "is_default", "created_at", "updated_at") VALUES ('20', '1', 'BANK_TRANSFER', 'Nisi iucunde. Neque enim civitas in seditione beata esse potest nec in discordia dominorum domus; quo minus animus a se ipse dissidens secumque discordans gustare partem ullam liquidae voluptatis et.', '0', '2024-01-27 11:46:35', '2024-02-05 10:04:30');
INSERT INTO "payment_methods" ("method_id", "user_id", "method_type", "method_details", "is_default", "created_at", "updated_at") VALUES ('26', '45', 'WALLET', 'Placet: constituam, quid et quale sit id, de quo Lucilius: ''ferreum scriptorem'', verum, opinor.', '0', '2024-01-27 12:23:40', '2024-02-03 04:18:55');
INSERT INTO "payment_methods" ("method_id", "user_id", "method_type", "method_details", "is_default", "created_at", "updated_at") VALUES ('27', '31', 'UPI', 'Ulla iniuria, quae autem inanes sunt, iis parendum non est. Nihil enim desiderabile concupiscunt, plusque in ipsa iniuria detrimenti est quam in iis rebus emolumenti, quae pariuntur iniuria. Itaque ne iustitiam quidem recte quis dixerit per.', '0', '2024-01-27 12:31:53', '2024-02-02 09:00:27');
INSERT INTO "payment_methods" ("method_id", "user_id", "method_type", "method_details", "is_default", "created_at", "updated_at") VALUES ('28', '95', 'BANK_TRANSFER', 'Mihi non aeque satisfacit, et quidem tibi et declinationem istam.', '0', '2024-01-27 12:38:37', '2024-01-30 20:56:44');
INSERT INTO "payment_methods" ("method_id", "user_id", "method_type", "method_details", "is_default", "created_at", "updated_at") VALUES ('31', '79', 'BANK_TRANSFER', 'Praesentium voluptatum deleniti atque corrupti, quos dolores et quas molestias excepturi sint, obcaecati cupiditate non provident, similique sunt in culpa, qui officia.', '0', '2024-01-27 12:48:29', '2024-02-02 07:02:49');
INSERT INTO "payment_methods" ("method_id", "user_id", "method_type", "method_details", "is_default", "created_at", "updated_at") VALUES ('34', '90', 'WALLET', 'Ut mihi quidem depravare videatur. Ille atomos quas appellat, id est in quo a populo Romano locatus sum, debeo profecto, quantumcumque possum, in eo non arbitrantur. Erunt etiam, et ii quidem eruditi Graecis litteris, contemnentes Latinas, qui se plane Graecum dici velit, ut a.', '0', '2024-01-27 13:08:14', '2024-02-02 23:53:36');
INSERT INTO "payment_methods" ("method_id", "user_id", "method_type", "method_details", "is_default", "created_at", "updated_at") VALUES ('35', '24', 'BANK_TRANSFER', 'Ea cum accedit, ut neque divinum numen horreat nec praeteritas voluptates effluere patiatur earumque assidua recordatione laetetur, quid est, quod nullam eruditionem.', '0', '2024-01-27 13:14:04', '2024-02-03 01:01:18');
INSERT INTO "payment_methods" ("method_id", "user_id", "method_type", "method_details", "is_default", "created_at", "updated_at") VALUES ('37', '91', 'WALLET', 'Ut fere faciunt, qui ab eo ortum, tam inportuno tamque crudeli; sin, ut dolore suo sanciret militaris imperii disciplinam exercitumque in gravissimo bello animadversionis metu contineret, saluti prospexit civium, qua intellegebat contineri suam. Atque haec ratio late patet. In quo enim maxime consuevit iactare vestra se oratio, tua.', '0', '2024-01-27 13:25:27', '2024-02-02 07:05:02');
INSERT INTO "payment_methods" ("method_id", "user_id", "method_type", "method_details", "is_default", "created_at", "updated_at") VALUES ('39', '74', 'WALLET', 'Nec timiditatem ignaviamque vituperari nec fortitudinem patientiamque laudari suo nomine, sed illas reici, quia dolorem pariant, has optari, quia voluptatem.', '0', '2024-01-27 13:34:58', '2024-01-27 17:43:37');
INSERT INTO "payment_methods" ("method_id", "user_id", "method_type", "method_details", "is_default", "created_at", "updated_at") VALUES ('45', '68', 'WALLET', 'Eitam, ut ab ea nullo modo nec divelli nec distrahi possint, sic de iustitia iudicandum.', '0', '2024-01-27 14:07:04', '2024-01-27 15:10:46');
INSERT INTO "payment_methods" ("method_id", "user_id", "method_type", "method_details", "is_default", "created_at", "updated_at") VALUES ('49', '87', 'WALLET', 'Nos esse dominos, ut, si tolerabiles sint, feramus, si minus, animo aequo e vita, cum ea non placeat, tamquam e theatro exeamus.', '0', '2024-01-27 14:25:38', '2024-02-06 02:10:05');
INSERT INTO "payment_methods" ("method_id", "user_id", "method_type", "method_details", "is_default", "created_at", "updated_at") VALUES ('52', '54', 'CARD', 'Qui tollunt et nihil posse percipi dicunt, ii remotis sensibus ne id ipsum quidem expedire possunt, quod disserunt. Praeterea sublata cognitione.', '0', '2024-01-27 14:35:27', '2024-02-02 21:41:25');
INSERT INTO "payment_methods" ("method_id", "user_id", "method_type", "method_details", "is_default", "created_at", "updated_at") VALUES ('56', '90', 'BANK_TRANSFER', 'In morbos gravis, tum in morbos gravis, tum in dedecora incurrunt, saepe etiam legum iudiciorumque poenis obligantur. Qui autem ita.', '0', '2024-01-27 15:08:39', '2024-01-28 03:15:08');
INSERT INTO "payment_methods" ("method_id", "user_id", "method_type", "method_details", "is_default", "created_at", "updated_at") VALUES ('58', '24', 'UPI', 'Esse quiddam inter dolorem et voluptatem; illud enim ipsum, quod quibusdam medium.', '0', '2024-01-27 15:11:20', '2024-02-06 09:52:42');
INSERT INTO "payment_methods" ("method_id", "user_id", "method_type", "method_details", "is_default", "created_at", "updated_at") VALUES ('59', '73', 'UPI', 'Vel maxime, quod ipsa natura, ut ait ille, sciscat et probet, id est vel summum bonorum vel ultimum.', '0', '2024-01-27 15:15:29', '2024-02-02 21:46:54');
INSERT INTO "payment_methods" ("method_id", "user_id", "method_type", "method_details", "is_default", "created_at", "updated_at") VALUES ('60', '9', 'WALLET', 'Idem Graecum, quae autem inanes sunt, iis parendum non est. Nihil enim desiderabile concupiscunt, plusque in ipsa iniuria detrimenti est quam in iis rebus emolumenti, quae pariuntur iniuria. Itaque ne iustitiam quidem recte quis dixerit per se ipsa esse contentam. Sed possunt haec quadam ratione dici non necesse est. Tribus igitur modis.', '0', '2024-01-27 15:17:29', '2024-02-03 07:45:33');
INSERT INTO "payment_methods" ("method_id", "user_id", "method_type", "method_details", "is_default", "created_at", "updated_at") VALUES ('61', '53', 'WALLET', 'Seque facile, ut mihi quidem depravare videatur. Ille atomos quas appellat, id est voluptatem. Homines optimi non intellegunt totam rationem everti, si.', '0', '2024-01-27 15:23:48', '2024-02-04 15:11:09');
INSERT INTO "payment_methods" ("method_id", "user_id", "method_type", "method_details", "is_default", "created_at", "updated_at") VALUES ('64', '22', 'WALLET', 'Plura, si vita suppetet; et tamen, qui diligenter haec, quae vitam omnem perturbari videmus errore et inscientia, sapientiamque esse solam, quae nos a libidinum impetu et a falsis initiis profecta vera esse non possunt, victi et debilitati obiecta specie voluptatis tradunt se libidinibus constringendos nec quid eventurum sit.', '0', '2024-01-27 15:41:07', '2024-01-28 11:25:47');
INSERT INTO "payment_methods" ("method_id", "user_id", "method_type", "method_details", "is_default", "created_at", "updated_at") VALUES ('66', '82', 'CARD', 'Fere a nobis philosophia defensa et collaudata est, cum esset accusata et vituperata ab Hortensio. Qui liber cum et mortem contemnit, qua qui affecti.', '0', '2024-01-27 15:55:59', '2024-02-05 11:34:56');
INSERT INTO "payment_methods" ("method_id", "user_id", "method_type", "method_details", "is_default", "created_at", "updated_at") VALUES ('67', '14', 'WALLET', 'Eum necesse est aut in dolore, sed in his rebus peccant, cum e quibus haec efficiantur ignorant. Animi autem morbi sunt cupiditates inmensae et inanes divitiarum, gloriae, dominationis, libidinosarum etiam voluptatum. Accedunt aegritudines, molestiae, maerores, qui exedunt animos conficiuntque.', '0', '2024-01-27 15:57:46', '2024-01-29 22:43:55');
INSERT INTO "payment_methods" ("method_id", "user_id", "method_type", "method_details", "is_default", "created_at", "updated_at") VALUES ('71', '6', 'WALLET', 'Virtus et cognitio rerum, quod minime ille.', '0', '2024-01-27 16:22:57', '2024-01-30 05:49:32');
INSERT INTO "payment_methods" ("method_id", "user_id", "method_type", "method_details", "is_default", "created_at", "updated_at") VALUES ('72', '3', 'WALLET', 'Similique sunt in culpa, qui officia deserunt mollitia animi, id est vel summum bonorum vel ultimum vel extremum -- quod et scripta multa sunt, sic inprobitas si cuius in animo versatur, numquam sinit eum respirare, numquam adquiescere. Quodsi ne ipsarum.', '0', '2024-01-27 16:26:41', '2024-02-05 19:20:21');
INSERT INTO "payment_methods" ("method_id", "user_id", "method_type", "method_details", "is_default", "created_at", "updated_at") VALUES ('74', '20', 'BANK_TRANSFER', 'Quippe homini erudito in geometriaque perfecto, huic pedalis fortasse; tantum enim esse omnino in nostris poetis aut inertissimae segnitiae est aut in voluptate est. Extremum autem esse bonorum voluptatem ex hoc percipiatur, quod videamus esse finitum.', '0', '2024-01-27 16:41:21', '2024-02-04 01:49:38');
INSERT INTO "payment_methods" ("method_id", "user_id", "method_type", "method_details", "is_default", "created_at", "updated_at") VALUES ('75', '14', 'CARD', 'Sit, quae quidque efficiat, de materia disseruerunt, vim et causam efficiendi reliquerunt. Sed hoc commune vitium.', '0', '2024-01-27 16:46:39', '2024-02-05 10:54:50');
INSERT INTO "payment_methods" ("method_id", "user_id", "method_type", "method_details", "is_default", "created_at", "updated_at") VALUES ('76', '79', 'CARD', 'Suam voluptatem susciperet, eosdem suscipiet propter amici voluptatem. Quaeque de.', '0', '2024-01-27 16:52:43', '2024-01-31 07:17:48');
INSERT INTO "payment_methods" ("method_id", "user_id", "method_type", "method_details", "is_default", "created_at", "updated_at") VALUES ('78', '54', 'CARD', 'Vel fortunae vel ingenii liberalitati magis conveniunt, qua qui utuntur, benivolentiam sibi conciliant et, quod aptissimum est ad.', '0', '2024-01-27 17:05:45', '2024-02-02 11:15:49');
INSERT INTO "payment_methods" ("method_id", "user_id", "method_type", "method_details", "is_default", "created_at", "updated_at") VALUES ('79', '78', 'WALLET', 'Et tamen in quibusdam neque pecuniae modus est ullus investigandi veri, nisi inveneris, et quaerendi defatigatio turpis est, cum esset accusata et vituperata ab Hortensio. Qui liber cum et tibi probatus videretur et iis, quos modo nominavi, cum inciderit, ut id apte fieri possit, ut ab Homero Ennius, Afranius a Menandro solet.', '0', '2024-01-27 17:08:31', '2024-01-30 01:22:06');
INSERT INTO "payment_methods" ("method_id", "user_id", "method_type", "method_details", "is_default", "created_at", "updated_at") VALUES ('81', '33', 'BANK_TRANSFER', 'Modo nec divelli nec distrahi possint, sic de iustitia iudicandum.', '0', '2024-01-27 17:23:10', '2024-02-01 02:36:22');
INSERT INTO "payment_methods" ("method_id", "user_id", "method_type", "method_details", "is_default", "created_at", "updated_at") VALUES ('83', '75', 'BANK_TRANSFER', 'Convincere. Accurate autem quondam a L. Torquato, homine omni doctrina erudito, defensa est Epicuri sententia de voluptate, a.', '0', '2024-01-27 17:37:12', '2024-01-30 18:20:46');
INSERT INTO "payment_methods" ("method_id", "user_id", "method_type", "method_details", "is_default", "created_at", "updated_at") VALUES ('84', '9', 'UPI', 'In provincia cepisse arguerent, causam apud se dicere iuberet reque ex utraque parte audita pronuntiaret eum non talem videri fuisse in imperio, quales eius maiores fuissent, et in conspectum suum venire vetuit, numquid tibi videtur de voluptatibus suis cogitavisse? Sed ut omittam pericula, labores, dolorem etiam, quem optimus quisque pro patria et.', '0', '2024-01-27 17:43:15', '2024-02-01 18:12:20');
INSERT INTO "payment_methods" ("method_id", "user_id", "method_type", "method_details", "is_default", "created_at", "updated_at") VALUES ('86', '2', 'BANK_TRANSFER', 'Sensibus ne id ipsum quidem expedire possunt, quod disserunt. Praeterea sublata cognitione et scientia tollitur omnis ratio et vitae degendae et rerum gerendarum. Sic e physicis et fortitudo sumitur contra.', '0', '2024-01-27 17:56:03', '2024-01-28 09:55:31');
INSERT INTO "payment_methods" ("method_id", "user_id", "method_type", "method_details", "is_default", "created_at", "updated_at") VALUES ('88', '67', 'CARD', 'Instituendarum voluntates fieri propter voluptatem; quod vero securi percussit filium, privavisse se.', '0', '2024-01-27 18:02:26', '2024-01-31 11:25:06');
INSERT INTO "payment_methods" ("method_id", "user_id", "method_type", "method_details", "is_default", "created_at", "updated_at") VALUES ('92', '46', 'BANK_TRANSFER', 'Reformidans Tarentinis ait se et alliciat suapte natura, non potest esse dubium, quin id sit summum atque extremum bonorum omnium, beateque.', '0', '2024-01-27 18:28:18', '2024-02-05 13:22:34');
INSERT INTO "payment_methods" ("method_id", "user_id", "method_type", "method_details", "is_default", "created_at", "updated_at") VALUES ('95', '31', 'UPI', 'Uti oratione perpetua malo quam interrogare aut interrogari. Ut placet, inquam. Tum dicere exorsus est. Primum igitur, inquit, sic agam, ut ipsi auctori huius disciplinae placet: constituam, quid et quale.', '0', '2024-01-27 18:42:54', '2024-02-04 21:06:49');
INSERT INTO "payment_methods" ("method_id", "user_id", "method_type", "method_details", "is_default", "created_at", "updated_at") VALUES ('98', '46', 'UPI', 'Sed videntur leviora, veniamus. Quid tibi, Torquate, quid huic Triario litterae, quid historiae cognitioque rerum, quid poetarum evolutio, quid tanta tot versuum memoria voluptatis.', '0', '2024-01-27 18:59:39', '2024-02-02 21:31:28');
INSERT INTO "payment_methods" ("method_id", "user_id", "method_type", "method_details", "is_default", "created_at", "updated_at") VALUES ('2', '85', 'CARD', 'Et adhaesiones atomorum inter se, ex quo efficiantur ea, quae sensum moveat, nulla successerit, eoque intellegi potest quanta voluptas sit non dolere. Sed ut omittam pericula, labores, dolorem etiam, quem optimus quisque pro patria et pro suis suscipit, ut non modo quid nobis probaretur, sed etiam quid a singulis philosophiae disciplinis diceretur, persecuti sumus. Ut autem.', '1', '2024-01-27 10:04:08', '2024-01-31 04:18:27');
INSERT INTO "payment_methods" ("method_id", "user_id", "method_type", "method_details", "is_default", "created_at", "updated_at") VALUES ('5', '76', 'UPI', 'Illum etiam ipsum dedocere. Sol Democrito magnus videtur, quippe homini erudito in geometriaque perfecto, huic pedalis fortasse; tantum enim esse omnino in nostris poetis aut inertissimae segnitiae est aut in dolore, sed in his rebus instructus semper est in voluptate aut a dolore. Quod cum ita esset affecta, secundum non recte, si.', '1', '2024-01-27 10:24:58', '2024-02-01 20:45:45');
INSERT INTO "payment_methods" ("method_id", "user_id", "method_type", "method_details", "is_default", "created_at", "updated_at") VALUES ('6', '23', 'BANK_TRANSFER', 'Divina illa ingenia transferrem. Sed id neque feci adhuc nec mihi.', '1', '2024-01-27 10:31:20', '2024-02-03 13:52:37');
INSERT INTO "payment_methods" ("method_id", "user_id", "method_type", "method_details", "is_default", "created_at", "updated_at") VALUES ('9', '89', 'WALLET', 'Sinat. Qua praeceptrice in tranquillitate vivi potest omnium cupiditatum ardore restincto.', '1', '2024-01-27 10:52:14', '2024-02-02 18:07:54');
INSERT INTO "payment_methods" ("method_id", "user_id", "method_type", "method_details", "is_default", "created_at", "updated_at") VALUES ('10', '67', 'BANK_TRANSFER', 'Quanta sint ea quamque iucunda, neque pendet ex futuris, sed expectat illa, fruitur praesentibus ab iisque vitiis, quae paulo ante cum memoriter, tum etiam erga nos amice.', '1', '2024-01-27 11:00:04', '2024-01-29 06:15:36');
INSERT INTO "payment_methods" ("method_id", "user_id", "method_type", "method_details", "is_default", "created_at", "updated_at") VALUES ('11', '85', 'WALLET', 'In quibusdam neque pecuniae modus est neque honoris neque.', '1', '2024-01-27 11:03:44', '2024-02-02 00:52:47');
INSERT INTO "payment_methods" ("method_id", "user_id", "method_type", "method_details", "is_default", "created_at", "updated_at") VALUES ('13', '96', 'WALLET', 'Theophrastus mediocriterne delectat, cum tractat locos ab Aristotele ante tractatos? Quid? Epicurei num desistunt de isdem, de quibus et ab antiquis, ad arbitrium suum scribere? Quodsi Graeci leguntur a Graecis isdem de rebus alia ratione compositis, quid est, quod huc possit, quod melius sit, accedere? Statue contra aliquem confectum tantis animi corporisque doloribus, quanti in hominem.', '1', '2024-01-27 11:15:39', '2024-01-28 11:46:57');
INSERT INTO "payment_methods" ("method_id", "user_id", "method_type", "method_details", "is_default", "created_at", "updated_at") VALUES ('14', '17', 'WALLET', 'Triari, nullo pacto potest, ut propemodum.', '1', '2024-01-27 11:19:31', '2024-02-05 18:45:12');
INSERT INTO "payment_methods" ("method_id", "user_id", "method_type", "method_details", "is_default", "created_at", "updated_at") VALUES ('17', '8', 'UPI', 'Ipse loquerer, tum Triarius leniter arridens: Tu quidem, inquit, totum Epicurum paene e philosophorum choro sustulisti. Quid ei reliquisti, nisi.', '1', '2024-01-27 11:38:13', '2024-01-28 22:00:07');
INSERT INTO "payment_methods" ("method_id", "user_id", "method_type", "method_details", "is_default", "created_at", "updated_at") VALUES ('21', '51', 'BANK_TRANSFER', 'Ad tranquillitatem ferant, quid est enim in vita tantopere quaerendum quam cum omnia in philosophia, tum id, quod quaeritur, sit pulcherrimum. Etenim si loca, si fana, si.', '1', '2024-01-27 11:56:03', '2024-01-30 05:47:37');
INSERT INTO "payment_methods" ("method_id", "user_id", "method_type", "method_details", "is_default", "created_at", "updated_at") VALUES ('22', '12', 'UPI', 'Eiusdem generis et legimus libenter et legemus --, haec, quae de philosophia litteris mandamus, legere assueverit, iudicabit nulla ad legendum his esse potiora. Quid est cur verear, ne ad eam non possim accommodare Torquatos nostros? Quos tu paulo ante cum memoriter, tum etiam erga nos amice et benivole collegisti, nec me tamen.', '1', '2024-01-27 12:05:48', '2024-01-29 01:48:53');
INSERT INTO "payment_methods" ("method_id", "user_id", "method_type", "method_details", "is_default", "created_at", "updated_at") VALUES ('23', '18', 'UPI', 'Quae maestitiam pellat ex animis, quae nos exhorrescere metu non sinat. Qua praeceptrice in tranquillitate vivi potest omnium cupiditatum ardore restincto. Cupiditates enim sunt.', '1', '2024-01-27 12:13:35', '2024-01-29 16:07:44');
INSERT INTO "payment_methods" ("method_id", "user_id", "method_type", "method_details", "is_default", "created_at", "updated_at") VALUES ('24', '52', 'UPI', 'Vult, summumque malum dolorem, idque instituit docere sic: Omne animal, simul atque natum sit, voluptatem appetere eaque gaudere ut summo bono, dolorem aspernari ut summum malum et, quantum possit, a se ipse dissidens secumque discordans gustare partem ullam liquidae voluptatis et liberae potest. Atqui.', '1', '2024-01-27 12:17:23', '2024-02-02 02:43:07');
INSERT INTO "payment_methods" ("method_id", "user_id", "method_type", "method_details", "is_default", "created_at", "updated_at") VALUES ('25', '14', 'BANK_TRANSFER', 'Quid natura postulet non intellegunt, errore maximo, si Epicurum audire voluerint, liberabuntur: istae enim vestrae eximiae pulchraeque virtutes nisi voluptatem efficerent, quis eas aut laudabilis aut expetendas arbitraretur? Ut enim.', '1', '2024-01-27 12:20:50', '2024-01-31 16:52:36');
INSERT INTO "payment_methods" ("method_id", "user_id", "method_type", "method_details", "is_default", "created_at", "updated_at") VALUES ('29', '48', 'WALLET', 'Non quo ignorare vos arbitrer, sed ut ratione et via procedat oratio. Quaerimus igitur, quid sit extremum et ultimum bonorum, quod omnium philosophorum sententia tale debet.', '1', '2024-01-27 12:41:09', '2024-01-27 14:47:59');
INSERT INTO "payment_methods" ("method_id", "user_id", "method_type", "method_details", "is_default", "created_at", "updated_at") VALUES ('30', '85', 'WALLET', 'Perspecta erit, nullo modo poterimus sensuum iudicia defendere. Quicquid porro animo.', '1', '2024-01-27 12:46:46', '2024-02-05 10:51:33');
INSERT INTO "payment_methods" ("method_id", "user_id", "method_type", "method_details", "is_default", "created_at", "updated_at") VALUES ('32', '42', 'WALLET', 'Amentur. Etenim si loca, si fana, si urbes, si gymnasia, si campum, si canes, si equos, si ludicra exercendi aut venandi consuetudine adamare solemus, quanto id in hominum consuetudine facilius fieri poterit et iustius? Sunt autem, qui dicant foedus esse quoddam sapientium, ut ne minus amicos quam se ipsos diligant. Quod et.', '1', '2024-01-27 12:58:25', '2024-02-04 18:42:58');
INSERT INTO "payment_methods" ("method_id", "user_id", "method_type", "method_details", "is_default", "created_at", "updated_at") VALUES ('33', '21', 'WALLET', 'Quid sit extremum et ultimum bonorum, quod omnium philosophorum sententia tale debet esse, ut ad Orestem pervenias profectus a Theseo. At vero Epicurus una in domo, et ea quidem angusta, quam magnos quantaque amoris conspiratione consentientis tenuit amicorum greges! Quod fit etiam nunc ab Epicureis. Sed ad rem redeamus; de hominibus dici.', '1', '2024-01-27 13:00:43', '2024-01-31 05:08:26');
INSERT INTO "payment_methods" ("method_id", "user_id", "method_type", "method_details", "is_default", "created_at", "updated_at") VALUES ('36', '98', 'BANK_TRANSFER', 'Rerum necessitatibus saepe eveniet, ut et adversa quasi perpetua oblivione obruamus et secunda iucunde ac suaviter meminerimus. Sed cum ea, quae.', '1', '2024-01-27 13:20:53', '2024-01-31 12:17:11');
INSERT INTO "payment_methods" ("method_id", "user_id", "method_type", "method_details", "is_default", "created_at", "updated_at") VALUES ('38', '3', 'CARD', 'Iustitia iudicandum est, quae non modo non inopem, ut vulgo putarent, sed locupletiorem etiam esse quam vacare omni dolore et molestia perfruique maximis et.', '1', '2024-01-27 13:32:42', '2024-01-28 08:08:06');
INSERT INTO "payment_methods" ("method_id", "user_id", "method_type", "method_details", "is_default", "created_at", "updated_at") VALUES ('40', '70', 'WALLET', 'Perspicuum est, maximam animi aut voluptatem aut molestiam plus aut ad beatam aut ad bene vivendum aptior partitio.', '1', '2024-01-27 13:38:03', '2024-02-06 07:31:48');
INSERT INTO "payment_methods" ("method_id", "user_id", "method_type", "method_details", "is_default", "created_at", "updated_at") VALUES ('41', '97', 'UPI', 'Disputari sine reprehensione nec cum istis tantopere pugnare, qui Graeca legere malint, modo legant illa ipsa, ne simulent, et iis quidem non.', '1', '2024-01-27 13:40:27', '2024-02-05 23:50:56');
INSERT INTO "payment_methods" ("method_id", "user_id", "method_type", "method_details", "is_default", "created_at", "updated_at") VALUES ('42', '83', 'WALLET', 'Quos quidem video minime esse deterritum. Quae cum dixissem, magis ut illum provocarem quam ut ipse constituit, e regione ferrentur et, ut dixi, ad lineam, hunc naturalem esse omnium corporum motum. Deinde ibidem homo acutus, cum illud ocurreret, si omnia dixi hausta e fonte.', '1', '2024-01-27 13:49:22', '2024-02-02 05:15:14');
INSERT INTO "payment_methods" ("method_id", "user_id", "method_type", "method_details", "is_default", "created_at", "updated_at") VALUES ('43', '88', 'UPI', 'Propter molestias esse fugiendam? Eademque ratione ne temperantiam quidem propter se ipsos penitus perdiderunt, sic robustus animus et a falsis initiis profecta vera esse non possunt, victi et debilitati obiecta specie voluptatis tradunt se libidinibus constringendos nec quid eventurum.', '1', '2024-01-27 13:52:08', '2024-02-05 21:17:02');
INSERT INTO "payment_methods" ("method_id", "user_id", "method_type", "method_details", "is_default", "created_at", "updated_at") VALUES ('44', '38', 'UPI', 'Satisfacit, et quidem locis pluribus. Sed quot homines, tot sententiae; falli igitur possumus. Quam ob.', '1', '2024-01-27 14:01:12', '2024-01-27 20:41:00');
INSERT INTO "payment_methods" ("method_id", "user_id", "method_type", "method_details", "is_default", "created_at", "updated_at") VALUES ('46', '79', 'CARD', 'Suscipit, ut non plus voluptatum habeat quam dolorum. Nam et complectitur verbis, quod vult, et dicit plane, quod.', '1', '2024-01-27 14:08:36', '2024-01-28 04:33:54');
INSERT INTO "payment_methods" ("method_id", "user_id", "method_type", "method_details", "is_default", "created_at", "updated_at") VALUES ('47', '45', 'WALLET', 'Modum eae semper voluptatibus inhaererent, eadem de amicitia disputatum. Alii cum eas voluptates, quae ad amicos pertinerent, negarent esse per se laetitiam, id est quo melius viveremus, eas ergo artes persequeretur, vivendi artem tantam tamque et operosam et perinde.', '1', '2024-01-27 14:18:16', '2024-02-02 20:16:52');
INSERT INTO "payment_methods" ("method_id", "user_id", "method_type", "method_details", "is_default", "created_at", "updated_at") VALUES ('48', '36', 'UPI', 'Neque porro quisquam est, qui dolorem ipsum, quia dolor sit, amet, consectetur, adipisci velit, sed quia pacem animis afferat et.', '1', '2024-01-27 14:23:44', '2024-01-29 11:51:46');
INSERT INTO "payment_methods" ("method_id", "user_id", "method_type", "method_details", "is_default", "created_at", "updated_at") VALUES ('50', '14', 'WALLET', 'Non est. Nihil enim desiderabile concupiscunt, plusque in ipsa iniuria detrimenti est quam in iis rebus emolumenti, quae pariuntur iniuria. Itaque ne iustitiam quidem recte quis dixerit per se esset et virtus et cognitio rerum, quod minime ille vult.', '1', '2024-01-27 14:31:20', '2024-02-05 00:05:29');
INSERT INTO "payment_methods" ("method_id", "user_id", "method_type", "method_details", "is_default", "created_at", "updated_at") VALUES ('51', '43', 'UPI', 'Si mihi probabis ea, quae sint quaeque cernantur, omnia, eumque motum atomorum nullo a principio, sed ex aeterno tempore intellegi convenire. Epicurus autem, in quibus hoc primum est in voluptate. Neque enim disputari sine reprehensione nec.', '1', '2024-01-27 14:32:52', '2024-02-06 07:31:36');
INSERT INTO "payment_methods" ("method_id", "user_id", "method_type", "method_details", "is_default", "created_at", "updated_at") VALUES ('53', '45', 'CARD', 'Studuisse aut imperiis aut opibus aut gloriae. Nullas enim consequuntur voluptates, quarum potiendi spe inflammati multos labores magnosque susceperant. Ecce autem alii minuti et angusti aut omnia semper desperantes aut malivoli, invidi, difficiles, lucifugi, maledici, monstruosi, alii autem etiam amaret.', '1', '2024-01-27 14:45:13', '2024-01-28 22:13:44');
INSERT INTO "payment_methods" ("method_id", "user_id", "method_type", "method_details", "is_default", "created_at", "updated_at") VALUES ('54', '52', 'UPI', 'Cum solitudo et vita sine amicis insidiarum et metus plena sit, ratio ipsa monet amicitias comparare, quibus partis confirmatur animus et a falsis initiis profecta vera esse non possunt et, si essent vera, nihil afferrent, quo iucundius, id est corpora.', '1', '2024-01-27 14:51:30', '2024-01-28 16:29:45');
INSERT INTO "payment_methods" ("method_id", "user_id", "method_type", "method_details", "is_default", "created_at", "updated_at") VALUES ('55', '58', 'BANK_TRANSFER', 'Eo filio adhibuit, quem in adoptionem D. Silano emancipaverat, ut eum Macedonum legatis accusantibus, quod pecunias praetorem in provincia cepisse arguerent, causam apud se dicere iuberet reque ex utraque parte audita pronuntiaret eum non talem videri fuisse in imperio, quales eius maiores fuissent, et.', '1', '2024-01-27 14:59:11', '2024-02-04 01:50:33');
INSERT INTO "payment_methods" ("method_id", "user_id", "method_type", "method_details", "is_default", "created_at", "updated_at") VALUES ('57', '51', 'UPI', 'Ipsos amentur. Etenim si loca, si fana, si urbes, si gymnasia, si campum, si canes, si equos, si ludicra exercendi aut venandi consuetudine adamare solemus, quanto id in hominum consuetudine facilius fieri poterit et iustius? Sunt.', '1', '2024-01-27 15:10:17', '2024-01-30 19:19:09');
INSERT INTO "payment_methods" ("method_id", "user_id", "method_type", "method_details", "is_default", "created_at", "updated_at") VALUES ('62', '90', 'CARD', 'Vivere. Nec enim habet nostra mens quicquam, ubi consistat tamquam in extremo.', '1', '2024-01-27 15:25:19', '2024-01-27 16:06:06');
INSERT INTO "payment_methods" ("method_id", "user_id", "method_type", "method_details", "is_default", "created_at", "updated_at") VALUES ('63', '63', 'UPI', 'Sit, accedere? Statue contra aliquem confectum tantis animi corporisque doloribus, quanti in hominem maximi cadere possunt, nulla spe proposita fore levius aliquando, nulla praeterea.', '1', '2024-01-27 15:34:05', '2024-02-03 14:44:33');
INSERT INTO "payment_methods" ("method_id", "user_id", "method_type", "method_details", "is_default", "created_at", "updated_at") VALUES ('65', '78', 'CARD', 'Quippiam est, quamvis occulte fecerit, numquam tamen id volunt fieri, difficilem quandam.', '1', '2024-01-27 15:47:26', '2024-02-06 09:46:18');
INSERT INTO "payment_methods" ("method_id", "user_id", "method_type", "method_details", "is_default", "created_at", "updated_at") VALUES ('68', '52', 'WALLET', 'Sed ex aeterno tempore intellegi convenire. Epicurus autem, in quibus.', '1', '2024-01-27 16:06:03', '2024-01-30 10:44:45');
INSERT INTO "payment_methods" ("method_id", "user_id", "method_type", "method_details", "is_default", "created_at", "updated_at") VALUES ('69', '22', 'BANK_TRANSFER', 'A L. Torquato, homine omni doctrina erudito, defensa est Epicuri sententia de voluptate, nihil scilicet novi, ea tamen, quae te ipsum probaturum esse confidam. Certe, inquam, pertinax non.', '1', '2024-01-27 16:12:23', '2024-02-05 14:53:33');
INSERT INTO "payment_methods" ("method_id", "user_id", "method_type", "method_details", "is_default", "created_at", "updated_at") VALUES ('70', '12', 'UPI', 'Superstitio, qua qui affecti sunt in culpa qui officia deserunt.', '1', '2024-01-27 16:19:28', '2024-01-27 19:46:04');
INSERT INTO "payment_methods" ("method_id", "user_id", "method_type", "method_details", "is_default", "created_at", "updated_at") VALUES ('73', '51', 'UPI', 'Iam de omnium virtutum cursu ad voluptatem proprius disserendi locus. Nunc autem explicabo, voluptas ipsa quae qualisque sit, ut tollatur error omnis imperitorum intellegaturque ea, quae senserit ille.', '1', '2024-01-27 16:32:41', '2024-02-02 14:03:51');
INSERT INTO "payment_methods" ("method_id", "user_id", "method_type", "method_details", "is_default", "created_at", "updated_at") VALUES ('77', '80', 'CARD', 'Iis artibus, quas qui tenent, eruditi appellantur -- aut ne deterruisset alios a studiis. Quamquam te quidem video minime esse.', '1', '2024-01-27 16:57:15', '2024-02-03 20:26:56');
INSERT INTO "payment_methods" ("method_id", "user_id", "method_type", "method_details", "is_default", "created_at", "updated_at") VALUES ('80', '14', 'CARD', 'At vero Epicurus una in domo, et ea quidem angusta, quam magnos quantaque amoris conspiratione consentientis tenuit amicorum greges! Quod.', '1', '2024-01-27 17:13:19', '2024-02-05 23:50:07');
INSERT INTO "payment_methods" ("method_id", "user_id", "method_type", "method_details", "is_default", "created_at", "updated_at") VALUES ('82', '21', 'BANK_TRANSFER', 'Verear, ne ad eam non possim accommodare Torquatos nostros? Quos tu paulo ante cum memoriter, tum etiam erga nos amice et benivole collegisti, nec me tamen laudandis.', '1', '2024-01-27 17:27:57', '2024-02-05 11:08:04');
INSERT INTO "payment_methods" ("method_id", "user_id", "method_type", "method_details", "is_default", "created_at", "updated_at") VALUES ('85', '72', 'WALLET', 'Constituit, e regione ferrentur et, ut modo docui.', '1', '2024-01-27 17:52:45', '2024-02-02 17:01:59');
INSERT INTO "payment_methods" ("method_id", "user_id", "method_type", "method_details", "is_default", "created_at", "updated_at") VALUES ('87', '87', 'BANK_TRANSFER', 'Denique'' -- non enim illum ab.', '1', '2024-01-27 17:59:53', '2024-01-29 06:23:14');
INSERT INTO "payment_methods" ("method_id", "user_id", "method_type", "method_details", "is_default", "created_at", "updated_at") VALUES ('89', '3', 'CARD', 'Tum iudex; Multi etiam, ut te.', '1', '2024-01-27 18:08:23', '2024-01-30 14:21:54');
INSERT INTO "payment_methods" ("method_id", "user_id", "method_type", "method_details", "is_default", "created_at", "updated_at") VALUES ('90', '58', 'UPI', 'Ennius, Afranius a Menandro solet. Nec vero, ut noster Lucilius, recusabo, quo minus animus a se ipse dissidens secumque discordans gustare partem ullam liquidae voluptatis et.', '1', '2024-01-27 18:14:46', '2024-01-31 16:29:02');
INSERT INTO "payment_methods" ("method_id", "user_id", "method_type", "method_details", "is_default", "created_at", "updated_at") VALUES ('91', '53', 'UPI', 'Qui eam disciplinam probant, non soleat accuratius explicari; verum enim invenire volumus, non tamquam adversarium aliquem convincere. Accurate autem quondam a L. Torquato, homine omni doctrina erudito, defensa.', '1', '2024-01-27 18:22:50', '2024-01-29 16:03:21');
INSERT INTO "payment_methods" ("method_id", "user_id", "method_type", "method_details", "is_default", "created_at", "updated_at") VALUES ('93', '83', 'BANK_TRANSFER', 'Futura. Ut enim virtutes, de quibus neque depravate iudicant neque corrupte, nonne ei maximam gratiam habere debemus, qui hac exaudita quasi voce naturae sic eam firme graviterque comprehenderit.', '1', '2024-01-27 18:31:33', '2024-01-30 17:32:30');
INSERT INTO "payment_methods" ("method_id", "user_id", "method_type", "method_details", "is_default", "created_at", "updated_at") VALUES ('94', '37', 'CARD', 'Qui verentur ne, si id non faciant, incidant in maiorem. Ex quo vitam amarissimam necesse est aut in armatum hostem impetum fecisse.', '1', '2024-01-27 18:37:52', '2024-02-02 16:02:24');
INSERT INTO "payment_methods" ("method_id", "user_id", "method_type", "method_details", "is_default", "created_at", "updated_at") VALUES ('96', '61', 'BANK_TRANSFER', 'Saepti esse et muniti videntur.', '1', '2024-01-27 18:47:25', '2024-01-28 08:25:24');
INSERT INTO "payment_methods" ("method_id", "user_id", "method_type", "method_details", "is_default", "created_at", "updated_at") VALUES ('97', '29', 'WALLET', 'Qua via captiosa solvantur ambigua distinguantur ostendit; iudicia rerum dirigentur, numquam ullius oratione victi sententia desistemus. Nisi autem rerum natura duo quaerenda sint, unum, quae materia.', '1', '2024-01-27 18:49:44', '2024-02-01 19:14:30');
INSERT INTO "payment_methods" ("method_id", "user_id", "method_type", "method_details", "is_default", "created_at", "updated_at") VALUES ('99', '89', 'CARD', 'Tollunt et nihil posse percipi dicunt, ii remotis sensibus ne id ipsum.', '1', '2024-01-27 19:04:06', '2024-01-30 14:37:45');
INSERT INTO "payment_methods" ("method_id", "user_id", "method_type", "method_details", "is_default", "created_at", "updated_at") VALUES ('100', '26', 'BANK_TRANSFER', 'Quo intellegitur nec intemperantiam propter se expetendam esse dicemus, sed quia.', '1', '2024-01-27 19:07:46', '2024-02-04 09:49:04');

INSERT INTO "refunds" ("refund_id", "transaction_id", "refund_amount", "reason", "status", "created_at", "updated_at") VALUES ('8d1e52b7-db6e-4bbd-af16-c6e9ca0e0225', '244cfce6-696c-4b96-9cbe-7b69078be4d0', '98.32', 'Cum illam severitatem in eo ipso parum vidit, deinde hoc quoque alienum; nam ante Aristippus, et.', 'COMPLETED', '2024-01-27 09:58:57', '2024-02-01 15:32:28');
INSERT INTO "refunds" ("refund_id", "transaction_id", "refund_amount", "reason", "status", "created_at", "updated_at") VALUES ('e5649c72-11e2-4c17-b53d-cb3b46308a0e', '8d7fe4e4-c02a-440d-9408-37c0aae64cce', '104.66', 'Servire, qui vel utrisque litteris uti velint.', 'PENDING', '2024-01-27 09:59:59', '2024-02-03 07:33:35');
INSERT INTO "refunds" ("refund_id", "transaction_id", "refund_amount", "reason", "status", "created_at", "updated_at") VALUES ('89e27ba4-29e4-46a3-8671-b3b76135a561', '6465bdc7-2914-4f26-9aa1-790ccedf71d8', '116.03', 'Esse bonum iucunde vivere. Id qui in ea voluptate velit esse, quam nihil molestiae consequatur, vel illum, qui dolorem eum fugiat.', 'FAILED', '2024-01-27 10:06:23', '2024-01-31 18:52:28');
INSERT INTO "refunds" ("refund_id", "transaction_id", "refund_amount", "reason", "status", "created_at", "updated_at") VALUES ('6d31692f-e82e-4830-a871-64e1d93c3208', 'dd7ff58c-73d1-41ea-a0ce-280dfe40d84f', '85.63', 'Exorsus est. Primum igitur, inquit, sic agam, ut ipsi auctori huius disciplinae placet: constituam, quid et quale sit id, de quo quaerimus, non quo.', 'PENDING', '2024-01-27 10:10:27', '2024-01-29 19:22:29');
INSERT INTO "refunds" ("refund_id", "transaction_id", "refund_amount", "reason", "status", "created_at", "updated_at") VALUES ('1ff30f71-1be6-4fe2-ab20-201accf76570', '1879fd4f-3049-41f5-b6bd-c9547daf2505', '98.42', 'Ignavi, numquam in sententia permanentes, quas ob causas in eorum vita nulla.', 'FAILED', '2024-01-27 10:13:05', '2024-02-01 21:07:44');
INSERT INTO "refunds" ("refund_id", "transaction_id", "refund_amount", "reason", "status", "created_at", "updated_at") VALUES ('ec3cf42b-a217-4e83-83b6-f3fa2752d12f', 'c1023c41-9739-49c8-a6e6-a1c09d0692e6', '105.84', 'Privavisse se etiam videtur multis voluptatibus, cum ipsi naturae patrioque amori praetulerit.', 'COMPLETED', '2024-01-27 10:19:30', '2024-02-04 05:23:03');
INSERT INTO "refunds" ("refund_id", "transaction_id", "refund_amount", "reason", "status", "created_at", "updated_at") VALUES ('c2186522-25bc-401e-b95b-a602630a28df', '8806ad1a-1036-4cbc-bcb7-f7bd5b7698c7', '112.52', 'Tamen, qui diligenter haec, quae vitam omnem continent, neglegentur? Nam, ut sint illa vendibiliora, haec uberiora certe sunt. Quamquam id quidem facio provocatus gratissimo mihi libro, quem ad modum, quaeso, interpretaris? Sicine.', 'FAILED', '2024-01-27 10:27:32', '2024-02-03 23:04:05');
INSERT INTO "refunds" ("refund_id", "transaction_id", "refund_amount", "reason", "status", "created_at", "updated_at") VALUES ('930ed203-86e9-45d0-8241-96dc9c289348', '0ef9c692-470c-4724-bd8e-caf064fb66a1', '97.02', 'Ego et Triarius te hortatore facimus, consumeret, in quibus sequitur Democritum, non fere labitur. Quamquam utriusque cum multa non probo, tum illud in primis, quod, cum in rerum.', 'FAILED', '2024-01-27 10:31:13', '2024-02-01 02:11:25');
INSERT INTO "refunds" ("refund_id", "transaction_id", "refund_amount", "reason", "status", "created_at", "updated_at") VALUES ('931df8ef-745b-43b3-adf5-93683dec3fb1', 'ae3b67f1-cea8-497a-81df-bea6dc3a8907', '92.46', 'Sit provident ob eamque debilitatem animi multi parentes, multi amicos, non nulli patriam, plerique autem se ipsos diligant. Quod et posse fieri intellegimus et saepe disserui, Latinam linguam non modo numquam nocet.', 'FAILED', '2024-01-27 10:33:25', '2024-02-05 10:38:13');
INSERT INTO "refunds" ("refund_id", "transaction_id", "refund_amount", "reason", "status", "created_at", "updated_at") VALUES ('b0b5a423-5843-41a3-9fcd-6bf859f3ecc6', '9cf6cf0a-9e8e-4268-870d-62582297f65a', '84.06', 'Ille, sciscat et probet, id est corpora individua propter soliditatem, censet.', 'COMPLETED', '2024-01-27 10:34:39', '2024-01-30 21:57:36');
INSERT INTO "refunds" ("refund_id", "transaction_id", "refund_amount", "reason", "status", "created_at", "updated_at") VALUES ('4e0df2e8-da23-4118-aa4a-37a32330b999', '8c25e871-8232-48c4-b320-7b9acbe53d55', '94.85', 'Tibi videtur de voluptatibus suis cogitavisse? Sed ut omittam pericula, labores, dolorem etiam, quem optimus quisque pro patria et pro suis suscipit, ut non modo quid nobis probaretur, sed etiam spe eriguntur consequentis.', 'PENDING', '2024-01-27 10:38:51', '2024-02-04 02:25:09');
INSERT INTO "refunds" ("refund_id", "transaction_id", "refund_amount", "reason", "status", "created_at", "updated_at") VALUES ('cdba9a65-7db7-4c0e-aa41-1564b7f00385', '7365b2b4-7aa6-445d-85bf-f09253c73977', '80.51', 'Carum esse iucundum est propterea, quia tutiorem vitam et voluptatem pleniorem efficit. Itaque non.', 'FAILED', '2024-01-27 10:46:51', '2024-02-04 02:56:16');
INSERT INTO "refunds" ("refund_id", "transaction_id", "refund_amount", "reason", "status", "created_at", "updated_at") VALUES ('3002fc8f-71d6-41c9-b89a-2fb12f455c40', '795de140-6936-42bc-96ea-8e1b3f72d096', '78.27', 'Qui rebus infinitis modum constituant in reque eo meliore, quo maior sit, si nihil efficeret; nunc expetitur, quod est tamquam artifex conquirendae et comparandae voluptatis -- Quam autem ego dicam voluptatem, iam videtis, ne invidia verbi.', 'FAILED', '2024-01-27 10:50:23', '2024-02-01 18:02:01');
INSERT INTO "refunds" ("refund_id", "transaction_id", "refund_amount", "reason", "status", "created_at", "updated_at") VALUES ('b3a28790-0eea-47fc-8d0b-4e9acefb2e24', 'b92ea567-78e2-4a9b-9eb2-efcf16b1843a', '95.74', 'Contereret, quae et splendide dicta sint neque sint conversa de Graecis? Nam si ea sola voluptas esset, quae quasi titillaret sensus, ut ita dicam, et ad dolores ita paratus est, ut necessariae nec opera multa nec.', 'COMPLETED', '2024-01-27 10:54:01', '2024-02-04 03:55:06');
INSERT INTO "refunds" ("refund_id", "transaction_id", "refund_amount", "reason", "status", "created_at", "updated_at") VALUES ('b31bb516-3409-4a68-a96d-2ef9cc15483c', 'a536a754-bb57-443e-b477-4f62a07188cd', '81.02', 'Vel illum, qui dolorem eum fugiat, quo voluptas nulla pariatur? At vero eos et accusamus et iusto odio dignissimos ducimus, qui blanditiis praesentium voluptatum deleniti atque corrupti, quos.', 'PENDING', '2024-01-27 10:59:32', '2024-01-30 11:35:14');
INSERT INTO "refunds" ("refund_id", "transaction_id", "refund_amount", "reason", "status", "created_at", "updated_at") VALUES ('cab75bd0-f985-4e1e-8f87-e858360c2dff', '9cf6cf0a-9e8e-4268-870d-62582297f65a', '120.80', 'Scilicet novi, ea tamen, quae te ipsum probaturum esse confidam. Certe, inquam, pertinax non ero tibique, si mihi probabis ea, quae sensum moveat, nulla successerit, eoque.', 'COMPLETED', '2024-01-27 11:03:22', '2024-02-03 23:55:49');
INSERT INTO "refunds" ("refund_id", "transaction_id", "refund_amount", "reason", "status", "created_at", "updated_at") VALUES ('cc211d13-6973-483f-a8fc-e6de571c294b', '8bcdd630-54ba-4e4d-99d4-4a5bf5958aa1', '116.98', 'Affecta, secundum non recte, si voluptas summum sit bonum, affirmatis nullam omnino fore. De qua omne certamen est? Tuo vero id quidem, inquam, arbitratu. Sic faciam igitur, inquit: unam rem explicabo, eamque maximam, de physicis alias.', 'FAILED', '2024-01-27 11:07:37', '2024-01-30 13:02:11');
INSERT INTO "refunds" ("refund_id", "transaction_id", "refund_amount", "reason", "status", "created_at", "updated_at") VALUES ('d5391681-5a74-4508-9ea3-93ad8c4709e0', 'c34df7a1-7103-4217-acd9-f7fed9600788', '111.87', 'Sermo atque fama, tum accusator.', 'PENDING', '2024-01-27 11:16:54', '2024-01-28 05:41:15');
INSERT INTO "refunds" ("refund_id", "transaction_id", "refund_amount", "reason", "status", "created_at", "updated_at") VALUES ('008cd13d-0511-4cf9-a4d3-bc772e2237b7', 'e562bc96-ac07-47d7-8d55-b5eff04ae581', '76.51', 'Divitias, quibus contenta sit, et parabilis et terminatas habet; inanium autem cupiditatum nec modus ullus nec finis inveniri potest. Quodsi vitam omnem continent, neglegentur? Nam, ut sint illa vendibiliora, haec uberiora certe sunt.', 'COMPLETED', '2024-01-27 11:25:32', '2024-02-06 11:18:46');
INSERT INTO "refunds" ("refund_id", "transaction_id", "refund_amount", "reason", "status", "created_at", "updated_at") VALUES ('0b169c30-48f8-4539-84f4-0a2244447cee', 'a536a754-bb57-443e-b477-4f62a07188cd', '113.86', 'Adoptionem D. Silano emancipaverat, ut eum Macedonum legatis.', 'COMPLETED', '2024-01-27 11:29:59', '2024-02-06 04:29:20');
INSERT INTO "refunds" ("refund_id", "transaction_id", "refund_amount", "reason", "status", "created_at", "updated_at") VALUES ('4130273e-5bf1-40d2-b74d-91b07fb63e98', '96537ccd-2218-4599-a670-21c9177ea97e', '102.23', 'Quibus nulla solida utilitas omnisque puerilis est delectatio, aut se, ut Plato, in musicis, geometria, numeris, astris contereret, quae et splendide dicta sint neque sint conversa de Graecis? Nam si ea sola voluptas.', 'COMPLETED', '2024-01-27 11:34:20', '2024-01-28 10:22:43');
INSERT INTO "refunds" ("refund_id", "transaction_id", "refund_amount", "reason", "status", "created_at", "updated_at") VALUES ('c99193c6-9645-4986-91df-3d786f32d193', '795de140-6936-42bc-96ea-8e1b3f72d096', '115.45', 'Et praesentibus ita potitur, ut animadvertat quanta sint ea quamque iucunda, neque pendet ex futuris, sed expectat illa, fruitur praesentibus ab iisque vitiis, quae.', 'PENDING', '2024-01-27 11:42:33', '2024-01-31 20:20:58');
INSERT INTO "refunds" ("refund_id", "transaction_id", "refund_amount", "reason", "status", "created_at", "updated_at") VALUES ('d50346dc-5c7b-408a-a06c-8f90c1500c3e', 'b873149f-7699-41a1-85ea-54f0cbdf288d', '85.04', 'Quibus haec efficiantur ignorant. Animi autem voluptates et dolores nasci.', 'PENDING', '2024-01-27 11:51:50', '2024-01-27 13:09:38');
INSERT INTO "refunds" ("refund_id", "transaction_id", "refund_amount", "reason", "status", "created_at", "updated_at") VALUES ('e332a2a4-b020-4fce-a8f6-47045387a60c', 'b92ea567-78e2-4a9b-9eb2-efcf16b1843a', '86.60', 'Ponti, Tritani, centurionum, praeclarorum hominum ac primorum signiferumque.', 'FAILED', '2024-01-27 12:00:11', '2024-01-27 13:38:07');
INSERT INTO "refunds" ("refund_id", "transaction_id", "refund_amount", "reason", "status", "created_at", "updated_at") VALUES ('fb864b3f-4bdf-4b11-8d2c-b2ebd5c9da49', '795de140-6936-42bc-96ea-8e1b3f72d096', '112.28', 'Hominum vita vexetur, ob eumque errorem et voluptatibus maximis saepe.', 'PENDING', '2024-01-27 12:08:45', '2024-02-05 05:06:16');
INSERT INTO "refunds" ("refund_id", "transaction_id", "refund_amount", "reason", "status", "created_at", "updated_at") VALUES ('4a1c64a2-3d68-40f8-ad37-0e17e732e832', 'eb325dc0-253c-46cb-87a4-cadad83c8b24', '82.44', 'Fuissent, et in conspectum suum venire vetuit, numquid tibi videtur de voluptatibus suis cogitavisse? Sed ut iis bonis erigimur, quae expectamus, sic laetamur iis, quae et a falsis initiis profecta vera esse non possunt et, si.', 'PENDING', '2024-01-27 12:18:27', '2024-02-06 07:56:58');
INSERT INTO "refunds" ("refund_id", "transaction_id", "refund_amount", "reason", "status", "created_at", "updated_at") VALUES ('3296b197-2a23-4296-975a-214dee1782d7', '8b6c37ac-5a77-45ec-9458-f28a5ca5c684', '100.74', 'Nec libidinum nec epularum nec reliquarum cupiditatum, quas nulla praeda umquam improbe parta minuit.', 'PENDING', '2024-01-27 12:21:42', '2024-02-05 14:12:09');
INSERT INTO "refunds" ("refund_id", "transaction_id", "refund_amount", "reason", "status", "created_at", "updated_at") VALUES ('4d7c90f9-0753-4cf6-b810-f825e5fd8de5', 'a536a754-bb57-443e-b477-4f62a07188cd', '84.22', 'Oratoribus bonis aut poetis, postea quidem quam fuit quem imitarentur, ullus orationis vel copiosae vel elegantis ornatus defuit?', 'COMPLETED', '2024-01-27 12:26:52', '2024-01-31 04:28:33');
INSERT INTO "refunds" ("refund_id", "transaction_id", "refund_amount", "reason", "status", "created_at", "updated_at") VALUES ('051d92a1-2a45-4418-a1ed-d3cc09bbe0e0', '581aa919-e19c-4ebe-b03f-1fca6727212c', '89.81', 'Acute, nihil ad iucunde vivendum reperiri posse, quod coniunctione tali sit aptius. Quibus ex omnibus iudicari potest non modo quid nobis probaretur, sed etiam quid a singulis philosophiae disciplinis diceretur, persecuti sumus. Ut autem a facillimis ordiamur, prima veniat in.', 'COMPLETED', '2024-01-27 12:34:39', '2024-01-27 18:45:33');
INSERT INTO "refunds" ("refund_id", "transaction_id", "refund_amount", "reason", "status", "created_at", "updated_at") VALUES ('257e7b70-b3a2-4d1d-8483-dd4e2089d5dd', 'fc53f620-9a91-40dc-a01c-aed6cfca85cf', '113.57', 'Ratio reperietur. Nam neque laborum perfunctio neque perpessio dolorum per se ipsas tam expetendas, quam.', 'FAILED', '2024-01-27 12:36:55', '2024-01-29 22:40:41');
INSERT INTO "refunds" ("refund_id", "transaction_id", "refund_amount", "reason", "status", "created_at", "updated_at") VALUES ('9a9c3b1c-9f92-4af1-970d-9924cafd237d', 'b1c7edf2-659c-44f4-a68c-0de7385b56ed', '112.17', 'E theatro exeamus. Quibus rebus intellegitur nec timiditatem ignaviamque vituperari nec fortitudinem patientiamque laudari suo nomine, sed illas reici, quia dolorem pariant, has optari, quia voluptatem. Iustitia restat, ut de utilitatibus, nihil ut de commodis suis cogitarent? At id ne.', 'COMPLETED', '2024-01-27 12:45:08', '2024-02-02 16:25:45');
INSERT INTO "refunds" ("refund_id", "transaction_id", "refund_amount", "reason", "status", "created_at", "updated_at") VALUES ('ffcce72c-9c2b-47f8-926c-185e0c5a0b0b', '2c8b9d7b-1368-452b-8afa-fefbf013fed2', '123.52', 'Quid habent, cur Graeca anteponant iis, quae et terroribus cupiditatibusque detractis et omnium falsarum opinionum temeritate derepta certissimam se nobis ducem praebeat ad voluptatem. Sapientia enim est a Chrysippo praetermissum in Stoicis?', 'PENDING', '2024-01-27 12:53:24', '2024-01-28 11:44:56');
INSERT INTO "refunds" ("refund_id", "transaction_id", "refund_amount", "reason", "status", "created_at", "updated_at") VALUES ('d6de087b-0ffa-4df4-a0fe-793c77689758', '8bcdd630-54ba-4e4d-99d4-4a5bf5958aa1', '100.82', 'Non sinat. Qua praeceptrice in tranquillitate vivi potest omnium cupiditatum ardore restincto. Cupiditates.', 'COMPLETED', '2024-01-27 13:01:14', '2024-02-03 11:14:40');
INSERT INTO "refunds" ("refund_id", "transaction_id", "refund_amount", "reason", "status", "created_at", "updated_at") VALUES ('bac90398-6f30-4d36-8297-94b26c97cd23', '160d9fc8-9579-431a-98f4-cc4a45d3154c', '123.88', 'A nobis, aequi esse debent.', 'FAILED', '2024-01-27 13:04:26', '2024-01-31 08:05:30');
INSERT INTO "refunds" ("refund_id", "transaction_id", "refund_amount", "reason", "status", "created_at", "updated_at") VALUES ('716bc5a0-33ba-4c57-84ce-7c98bc817896', '8d7fe4e4-c02a-440d-9408-37c0aae64cce', '122.00', 'Quaerendi ac disserendi, quae logikh dicitur, iste vester plane, ut.', 'COMPLETED', '2024-01-27 13:13:10', '2024-01-29 01:19:39');
INSERT INTO "refunds" ("refund_id", "transaction_id", "refund_amount", "reason", "status", "created_at", "updated_at") VALUES ('848d9ce4-329d-4d46-89b3-330c063bcc7a', '7ea4fd3a-1b5c-4f5e-a9b0-779a0a95719e', '86.91', 'Angore et metu maximeque cruciantur, cum sero sentiunt frustra se aut pecuniae studuisse aut imperiis aut opibus aut gloriae. Nullas enim consequuntur voluptates, quarum potiendi spe inflammati multos labores magnosque susceperant. Ecce autem alii minuti et.', 'COMPLETED', '2024-01-27 13:19:42', '2024-02-03 22:49:06');
INSERT INTO "refunds" ("refund_id", "transaction_id", "refund_amount", "reason", "status", "created_at", "updated_at") VALUES ('bfcf20c8-74fc-46e4-9218-7741ddfdabc6', 'b873149f-7699-41a1-85ea-54f0cbdf288d', '102.43', 'Scriptorem'', verum, opinor, scriptorem tamen, ut legendus sit. Rudem enim esse censet, quantus videtur, vel paulo aut maiorem aut minorem. Ita, quae mutat, ea corrumpit, quae sequitur sunt tota Democriti, atomi, inane, imagines, quae eidola nominant.', 'FAILED', '2024-01-27 13:22:14', '2024-01-30 21:47:41');
INSERT INTO "refunds" ("refund_id", "transaction_id", "refund_amount", "reason", "status", "created_at", "updated_at") VALUES ('94fb6c4a-7e3f-4237-941b-82f40884345f', '5a497e82-ca4e-433b-aaeb-e33fa9728649', '122.00', 'Sed ut omittam pericula, labores, dolorem etiam, quem optimus quisque pro patria et pro suis suscipit, ut non modo voluptatem.', 'FAILED', '2024-01-27 13:30:37', '2024-02-01 20:21:51');
INSERT INTO "refunds" ("refund_id", "transaction_id", "refund_amount", "reason", "status", "created_at", "updated_at") VALUES ('56a46147-fb4e-42ac-8ff9-5ca3efbcf0cf', 'ee3a6e25-0dfe-40a3-ae52-af0a114ef6d0', '114.25', 'Paria reperiuntur, ut ad Orestem pervenias profectus a Theseo. At vero Epicurus una in domo, et ea quidem angusta, quam magnos quantaque amoris conspiratione consentientis tenuit amicorum greges! Quod fit etiam nunc ab Epicureis. Sed ad.', 'COMPLETED', '2024-01-27 13:36:16', '2024-02-05 03:01:20');
INSERT INTO "refunds" ("refund_id", "transaction_id", "refund_amount", "reason", "status", "created_at", "updated_at") VALUES ('18a7c0b7-654b-4c04-93be-c5aae772fd7e', '737baa93-e3a2-44b2-8f02-248215163a78', '95.03', 'Autem alii minuti et angusti aut omnia semper desperantes.', 'COMPLETED', '2024-01-27 13:37:30', '2024-02-03 18:21:53');
INSERT INTO "refunds" ("refund_id", "transaction_id", "refund_amount", "reason", "status", "created_at", "updated_at") VALUES ('aacfb199-8725-4064-885a-99356b3b6d0c', 'd00f113a-d33b-4e51-a318-eb0843838cd1', '122.63', 'Accedunt aegritudines, molestiae, maerores, qui exedunt animos conficiuntque curis hominum non intellegentium nihil dolendum esse animo, quod sit.', 'COMPLETED', '2024-01-27 13:47:12', '2024-02-05 11:46:55');
INSERT INTO "refunds" ("refund_id", "transaction_id", "refund_amount", "reason", "status", "created_at", "updated_at") VALUES ('47353c86-499c-4466-9389-780e9e023705', '5a497e82-ca4e-433b-aaeb-e33fa9728649', '80.72', 'Tanta tot versuum memoria voluptatis affert? Nec mihi illud dixeris: ''Haec enim ipsa mihi sunt voluptati, et erant illa Torquatis.'' Numquam hoc.', 'PENDING', '2024-01-27 13:48:39', '2024-01-28 18:28:42');
INSERT INTO "refunds" ("refund_id", "transaction_id", "refund_amount", "reason", "status", "created_at", "updated_at") VALUES ('fc0505e7-40fc-4900-855b-94ee1c5ef455', 'e5b4dc57-7f41-4358-8e66-966d9e4d0bed', '108.19', 'Vel copiosae vel elegantis ornatus defuit? Ego vero, quoniam forensibus operis, laboribus, periculis non deseruisse mihi videor praesidium, in quo admirer, cur in gravissimis rebus non delectet eos.', 'COMPLETED', '2024-01-27 13:50:17', '2024-02-02 10:23:49');
INSERT INTO "refunds" ("refund_id", "transaction_id", "refund_amount", "reason", "status", "created_at", "updated_at") VALUES ('e724df6e-a04a-4645-8331-0d1bf379b28a', 'bf6c0ede-f150-473c-b64d-5df484cb132f', '108.22', 'Iucunde vivi, nisi sapienter, honeste iusteque vivatur, nec sapienter, honeste, iuste, nisi iucunde. Neque enim civitas in seditione beata esse potest nec in discordia dominorum domus; quo minus id, quod ipsi statuerunt, non.', 'PENDING', '2024-01-27 13:58:30', '2024-02-02 19:43:54');
INSERT INTO "refunds" ("refund_id", "transaction_id", "refund_amount", "reason", "status", "created_at", "updated_at") VALUES ('bb1c0012-739f-460f-ac26-d96390717d23', '80472e93-5ea8-45ad-91b8-d93f6ee22b47', '120.01', 'Pro suis suscipit, ut non dicas, quid non probes. Principio, inquam, in physicis, quibus maxime gloriatur, primum totus est alienus. Democritea dicit perpauca mutans, sed ita.', 'COMPLETED', '2024-01-27 14:03:33', '2024-01-29 04:20:47');
INSERT INTO "refunds" ("refund_id", "transaction_id", "refund_amount", "reason", "status", "created_at", "updated_at") VALUES ('d2340f03-1db3-4054-baf5-c535e26f8cff', 'bf6c0ede-f150-473c-b64d-5df484cb132f', '111.65', 'Tum fit ut aegritudo sequatur, si illa mala sint, laetitia, si bona. O.', 'COMPLETED', '2024-01-27 14:09:05', '2024-01-30 19:42:06');
INSERT INTO "refunds" ("refund_id", "transaction_id", "refund_amount", "reason", "status", "created_at", "updated_at") VALUES ('9ba275ca-25c6-469d-8c6a-095a3d3afc3b', '97e5bde9-b89c-49a0-b5eb-3b79927ef954', '98.29', 'Est omnino hic docendi locus; sed ita sentio et saepe etiam videmus, et perspicuum est omnis rectas res atque laudabilis eo referri, ut cum voluptate vivere. Nec enim.', 'PENDING', '2024-01-27 14:14:24', '2024-01-30 08:37:10');
INSERT INTO "refunds" ("refund_id", "transaction_id", "refund_amount", "reason", "status", "created_at", "updated_at") VALUES ('788188d2-1190-4e8a-a39c-54ac64a520a7', 'ed98b21f-e344-4c0a-a2f9-e58a383abaae', '120.33', 'Et directam viam! Cum enim certe nihil homini possit melius esse quam.', 'COMPLETED', '2024-01-27 14:16:12', '2024-02-04 19:21:16');
INSERT INTO "refunds" ("refund_id", "transaction_id", "refund_amount", "reason", "status", "created_at", "updated_at") VALUES ('ac97a6f8-2181-4f19-8f2b-bec14252096b', '11b480cd-8520-4fbb-beab-c8613ec5b923', '112.42', 'Et doctus adolescens, ei disputationi interesset. Nam cum ad me.', 'FAILED', '2024-01-27 14:17:53', '2024-01-28 04:06:40');
INSERT INTO "refunds" ("refund_id", "transaction_id", "refund_amount", "reason", "status", "created_at", "updated_at") VALUES ('05edd7c1-cc7e-4454-91b7-d73a231f1022', 'ae3b67f1-cea8-497a-81df-bea6dc3a8907', '116.40', 'Aliae suo nutu recte ferentur, primum erit hoc quasi, provincias atomis dare, quae recte, quae oblique ferantur, deinde eadem illa.', 'FAILED', '2024-01-27 14:24:44', '2024-02-06 10:20:10');
INSERT INTO "refunds" ("refund_id", "transaction_id", "refund_amount", "reason", "status", "created_at", "updated_at") VALUES ('79bbbb5f-b644-487a-a712-51ecccb06783', '63c64483-8400-4f21-8c94-10cee6c8a7f2', '106.01', 'Ipsum quidem expedire possunt, quod disserunt. Praeterea sublata cognitione et scientia.', 'PENDING', '2024-01-27 14:33:51', '2024-01-27 16:54:56');
INSERT INTO "refunds" ("refund_id", "transaction_id", "refund_amount", "reason", "status", "created_at", "updated_at") VALUES ('a6a8c130-ed5f-4b80-b61f-d58b7c2b70ff', 'ea6dfb73-3a76-4750-b615-f8eac6b5f98b', '117.24', 'Te, quoquo modo loqueretur, intellegere, quid diceret? Aliena dixit in physicis nec ea ipsa, quae tibi probarentur; si qua in iis corrigere voluit, deteriora.', 'PENDING', '2024-01-27 14:39:42', '2024-01-28 22:58:39');
INSERT INTO "refunds" ("refund_id", "transaction_id", "refund_amount", "reason", "status", "created_at", "updated_at") VALUES ('f025650d-11c4-4c0d-a9f7-0b9c01004e86', '5a497e82-ca4e-433b-aaeb-e33fa9728649', '89.12', 'Sunt. Praeclare enim Epicurus his paene verbis: ''Eadem'', inquit, ''scientia confirmavit animum, ne quod aut sempiternum aut diuturnum timeret malum, quae perspexit in hoc ipso vitae spatio amicitiae praesidium esse.', 'PENDING', '2024-01-27 14:48:09', '2024-01-28 05:54:11');
INSERT INTO "refunds" ("refund_id", "transaction_id", "refund_amount", "reason", "status", "created_at", "updated_at") VALUES ('ae9a257a-cfd3-4a63-82ce-a51a2fab2e82', '160d9fc8-9579-431a-98f4-cc4a45d3154c', '104.92', 'Quibus neque depravate iudicant neque corrupte, nonne ei maximam gratiam habere debemus, qui hac exaudita quasi.', 'PENDING', '2024-01-27 14:51:33', '2024-02-04 04:03:54');
INSERT INTO "refunds" ("refund_id", "transaction_id", "refund_amount", "reason", "status", "created_at", "updated_at") VALUES ('76c1f2e7-51c9-41e3-8a6c-1af8e944e81e', '75c4163e-235f-48b7-a964-99ee4177cf8f', '111.80', 'Mihi videtur, expediunt. Ut enim mortis metu omnis quietae vitae status perturbatur, et ut succumbere doloribus eosque humili animo inbecilloque ferre miserum est, ob eamque debilitatem animi multi.', 'FAILED', '2024-01-27 14:57:57', '2024-01-31 06:54:33');
INSERT INTO "refunds" ("refund_id", "transaction_id", "refund_amount", "reason", "status", "created_at", "updated_at") VALUES ('4db066de-7808-4b7b-9a85-b0b084092330', '41767d14-61bf-4385-b960-f2f339307ccc', '81.85', 'Enim in vita tantopere quaerendum quam cum omnia in philosophia, tum id.', 'PENDING', '2024-01-27 15:06:55', '2024-01-30 13:36:11');
INSERT INTO "refunds" ("refund_id", "transaction_id", "refund_amount", "reason", "status", "created_at", "updated_at") VALUES ('c2d4b360-f745-4ff6-babd-630b8cbd91e0', '256eb4cd-5c43-44aa-b161-9730d265e8b8', '96.87', 'Nec vero hoc oratione solum, sed multo magis vita et factis et moribus comprobavit. Quod quam magnum sit fictae veterum fabulae.', 'FAILED', '2024-01-27 15:08:12', '2024-01-31 02:58:15');
INSERT INTO "refunds" ("refund_id", "transaction_id", "refund_amount", "reason", "status", "created_at", "updated_at") VALUES ('fcedb8fb-9bc0-4b42-b3ca-a39722625217', '1a47fb6c-cd19-4e2e-ae82-abb4fcc78bbb', '88.83', 'In nemore . . .'' nihilo minus legimus quam hoc.', 'FAILED', '2024-01-27 15:17:45', '2024-02-02 15:34:15');
INSERT INTO "refunds" ("refund_id", "transaction_id", "refund_amount", "reason", "status", "created_at", "updated_at") VALUES ('f43c1161-9d66-4aca-a525-30cff67148e8', '6465bdc7-2914-4f26-9aa1-790ccedf71d8', '105.54', 'Consecutus? -- Laudem et caritatem, quae sunt vitae sine metu degendae praesidia firmissima. -- Filium morte.', 'FAILED', '2024-01-27 15:25:17', '2024-02-02 15:33:44');
INSERT INTO "refunds" ("refund_id", "transaction_id", "refund_amount", "reason", "status", "created_at", "updated_at") VALUES ('4e8df677-9bea-46e6-ba12-90d3217fbad7', 'dd7ff58c-73d1-41ea-a0ce-280dfe40d84f', '77.55', 'Illa ipsa, ne simulent, et iis quidem non admodum indoctis, totum hoc displicet philosophari. Quidam autem non tam solido quam.', 'PENDING', '2024-01-27 15:28:25', '2024-01-27 19:18:09');
INSERT INTO "refunds" ("refund_id", "transaction_id", "refund_amount", "reason", "status", "created_at", "updated_at") VALUES ('55102c69-7189-4faa-9c65-e59f10b5bef8', 'bf6c0ede-f150-473c-b64d-5df484cb132f', '79.55', 'Recordatione renovata delectant. Est autem situm in nobis ut et voluptates et dolores nasci fatemur e corporis voluptatibus et doloribus -- itaque concedo, quod modo dicebas, cadere causa.', 'PENDING', '2024-01-27 15:32:02', '2024-01-28 02:09:16');
INSERT INTO "refunds" ("refund_id", "transaction_id", "refund_amount", "reason", "status", "created_at", "updated_at") VALUES ('4fb85055-5bdd-49fc-86c6-2887a18bffc2', 'cfe61bb7-f791-4d02-8a13-18010fab05c6', '103.91', 'Fugiendam inprobitatem putamus, sed multo magis vita et factis et moribus comprobavit.', 'COMPLETED', '2024-01-27 15:37:45', '2024-01-30 08:58:05');
INSERT INTO "refunds" ("refund_id", "transaction_id", "refund_amount", "reason", "status", "created_at", "updated_at") VALUES ('2f4f74ad-f5cc-4521-9d89-dd98da7eb6e3', '7b004dfe-331c-40f7-9852-3ce1953f8510', '82.58', 'Dolore magna aliqua. Ut enim ad sapientiam perveniri potest, non paranda nobis solum ea, sed fruenda etiam sapientia est; sive hoc difficile est, tamen nec modus ullus nec finis inveniri potest. Quodsi vitam omnem continent, neglegentur? Nam, ut sint illa vendibiliora, haec uberiora certe sunt. Quamquam id quidem.', 'COMPLETED', '2024-01-27 15:45:23', '2024-02-01 23:11:42');
INSERT INTO "refunds" ("refund_id", "transaction_id", "refund_amount", "reason", "status", "created_at", "updated_at") VALUES ('02965789-2eba-4198-8fde-1c1c690df1dc', 'ccd381f6-3d51-405f-ad80-6c6419d9c6c6', '104.93', 'Ergo artes persequeretur, vivendi artem tantam tamque et operosam et perinde fructuosam relinqueret? Non.', 'FAILED', '2024-01-27 15:53:18', '2024-01-30 08:38:11');
INSERT INTO "refunds" ("refund_id", "transaction_id", "refund_amount", "reason", "status", "created_at", "updated_at") VALUES ('062db8e6-1a8f-4bd6-8659-c52bc1d29dc5', '80472e93-5ea8-45ad-91b8-d93f6ee22b47', '104.67', 'Inter doctissimos summa dissensio, quis alienum putet eius esse dignitatis, quam mihi quisque tribuat, quid in omni re doloris amotio successionem efficit voluptatis. Itaque non placuit Epicuro medium.', 'PENDING', '2024-01-27 15:56:25', '2024-02-04 04:42:39');
INSERT INTO "refunds" ("refund_id", "transaction_id", "refund_amount", "reason", "status", "created_at", "updated_at") VALUES ('c0a08e17-8d0c-44e8-9282-4c426ad5c8b9', 'd75b4440-a4fd-45e3-9a92-204f7c697247', '108.14', 'Feci adhuc nec mihi tamen, ne faciam, interdictum puto. Locos.', 'PENDING', '2024-01-27 16:03:12', '2024-02-01 13:35:23');
INSERT INTO "refunds" ("refund_id", "transaction_id", "refund_amount", "reason", "status", "created_at", "updated_at") VALUES ('414fa294-e9fd-436c-a515-9f31a86c8a42', 'd00f113a-d33b-4e51-a318-eb0843838cd1', '79.27', 'Non queo unde hoc sit tam insolens domesticarum rerum fastidium. Non est.', 'PENDING', '2024-01-27 16:04:38', '2024-02-01 08:28:23');
INSERT INTO "refunds" ("refund_id", "transaction_id", "refund_amount", "reason", "status", "created_at", "updated_at") VALUES ('7f776f40-d129-4d88-af3d-be64648e253d', '897b483c-0af1-4e11-9577-afcde8dbc9d6', '93.18', 'Cognitio rerum, quod minime ille vult expetenda. Haec igitur Epicuri non probo, tum illud in primis, quod, cum.', 'COMPLETED', '2024-01-27 16:12:44', '2024-02-05 02:36:42');
INSERT INTO "refunds" ("refund_id", "transaction_id", "refund_amount", "reason", "status", "created_at", "updated_at") VALUES ('04111a81-896c-4244-846b-0bfc5e6e423f', '256eb4cd-5c43-44aa-b161-9730d265e8b8', '111.79', 'Et mortem contemnit, qua qui est imbutus quietus esse numquam potest. Praeterea bona praeterita non meminerunt, praesentibus non fruuntur, futura modo expectant, quae quia certa esse non possunt et, si essent vera, nihil afferrent, quo iucundius, id est voluptatem. Homines optimi non intellegunt totam.', 'FAILED', '2024-01-27 16:22:28', '2024-02-03 20:54:55');
INSERT INTO "refunds" ("refund_id", "transaction_id", "refund_amount", "reason", "status", "created_at", "updated_at") VALUES ('9dc79709-c4f5-4d72-b9b0-191a0773213a', '91f0170e-56e7-419b-942d-dfd79a56733d', '120.99', 'Motus et impetus quo pertineant non intellegamus, tu tam egregios viros censes tantas res gessisse sine causa? Quae fuerit causa, mox videro; interea hoc tenebo, si ob aliquam causam ista, quae sine dubio praeclara sunt, fecerint.', 'COMPLETED', '2024-01-27 16:26:46', '2024-02-04 05:51:18');
INSERT INTO "refunds" ("refund_id", "transaction_id", "refund_amount", "reason", "status", "created_at", "updated_at") VALUES ('90accb3b-5443-497e-b65b-ab511344998f', '581aa919-e19c-4ebe-b03f-1fca6727212c', '118.98', 'Maluisti dici. Graece ergo praetor.', 'COMPLETED', '2024-01-27 16:32:33', '2024-01-28 23:21:59');
INSERT INTO "refunds" ("refund_id", "transaction_id", "refund_amount", "reason", "status", "created_at", "updated_at") VALUES ('a56bf24b-2382-485e-b0cc-e90b60ece41a', 'b92ea567-78e2-4a9b-9eb2-efcf16b1843a', '78.25', 'Perpetua malo quam interrogare aut.', 'FAILED', '2024-01-27 16:38:43', '2024-01-29 17:50:02');
INSERT INTO "refunds" ("refund_id", "transaction_id", "refund_amount", "reason", "status", "created_at", "updated_at") VALUES ('4dc60ee3-51fc-4f36-abe8-7bb3a085400d', '507f2790-afd7-4f04-a7d9-4d1390ab643e', '76.19', 'Ad cognitionem omnium, regula, ad quam omnia iudicia rerum in sensibus ponit, quibus si semel aliquid falsi pro vero probatum sit, sublatum esse omne iudicium veri et falsi putat. Confirmat autem illud vel maxime, quod ipsa natura, ut ait ille, sciscat et probet, id est vel summum bonorum vel ultimum vel extremum -- quod Graeci telos.', 'FAILED', '2024-01-27 16:44:53', '2024-01-28 01:32:49');
INSERT INTO "refunds" ("refund_id", "transaction_id", "refund_amount", "reason", "status", "created_at", "updated_at") VALUES ('deaf6261-1220-4877-971b-629cc0441ae6', '795de140-6936-42bc-96ea-8e1b3f72d096', '116.39', 'Est, ipsa detractio molestiae consecutionem affert voluptatis, sic in omni re doloris amotio successionem efficit voluptatis. Itaque non.', 'PENDING', '2024-01-27 16:50:11', '2024-01-27 19:45:51');
INSERT INTO "refunds" ("refund_id", "transaction_id", "refund_amount", "reason", "status", "created_at", "updated_at") VALUES ('5e45bad5-b158-494a-a275-f2b4875f9faa', '2c8b9d7b-1368-452b-8afa-fefbf013fed2', '106.68', 'Periculum adiit. -- In oculis quidem exercitus. -- Quid ex eo credo.', 'COMPLETED', '2024-01-27 16:56:08', '2024-01-31 18:16:55');
INSERT INTO "refunds" ("refund_id", "transaction_id", "refund_amount", "reason", "status", "created_at", "updated_at") VALUES ('f1c665c2-8b84-4234-8263-66e143fc535a', '63e3c799-a720-48d8-97e6-b574e5c790bf', '118.19', 'Plurimum et, cum stultorum vitam cum sua comparat, magna afficitur voluptate. Dolores autem si.', 'PENDING', '2024-01-27 17:03:09', '2024-02-02 12:34:25');
INSERT INTO "refunds" ("refund_id", "transaction_id", "refund_amount", "reason", "status", "created_at", "updated_at") VALUES ('11215798-8d90-4a89-a0aa-d72b3bcad7ec', '8b6c37ac-5a77-45ec-9458-f28a5ca5c684', '78.77', 'Maluisti, te, cum ad me in Cumanum salutandi causa uterque venisset, pauca primo inter nos de litteris, quarum summum erat in utroque studium, deinde Torquatus: Quoniam nacti te, inquit, sumus aliquando otiosum, certe.', 'FAILED', '2024-01-27 17:05:57', '2024-02-06 08:15:46');
INSERT INTO "refunds" ("refund_id", "transaction_id", "refund_amount", "reason", "status", "created_at", "updated_at") VALUES ('424d45f8-d44b-4312-89a2-35414b357b9b', '97e5bde9-b89c-49a0-b5eb-3b79927ef954', '94.42', 'Perspici potest: Constituamus aliquem magnis, multis, perpetuis fruentem et animo et corpore voluptatibus nullo dolore nec impediente nec inpendente, quem tandem hoc statu praestabiliorem aut magis.', 'COMPLETED', '2024-01-27 17:14:23', '2024-02-01 05:05:07');
INSERT INTO "refunds" ("refund_id", "transaction_id", "refund_amount", "reason", "status", "created_at", "updated_at") VALUES ('ab62d159-7d8c-4dde-8178-05c0c5712a63', '897b483c-0af1-4e11-9577-afcde8dbc9d6', '112.70', 'Quibus ante dictum est, sic amicitiam negant posse a voluptate aut a voluptate discedere. Nam cum ignoratione rerum bonarum et malarum maxime hominum vita vexetur, ob eumque errorem et voluptatibus maximis saepe priventur.', 'COMPLETED', '2024-01-27 17:16:29', '2024-02-04 00:57:04');
INSERT INTO "refunds" ("refund_id", "transaction_id", "refund_amount", "reason", "status", "created_at", "updated_at") VALUES ('aed487d7-7b26-4d14-b331-f73317b017b9', '97e5bde9-b89c-49a0-b5eb-3b79927ef954', '84.16', 'Legendi sunt. Quid enim me prohiberet Epicureum esse, si probarem.', 'COMPLETED', '2024-01-27 17:21:39', '2024-02-01 11:27:19');
INSERT INTO "refunds" ("refund_id", "transaction_id", "refund_amount", "reason", "status", "created_at", "updated_at") VALUES ('318a5581-e671-49b0-937e-f2e09fdbef10', 'e11b6466-c087-49a6-bb9a-e602f0647220', '110.24', 'Qui rebus infinitis modum constituant in reque eo meliore, quo maior sit, si nihil efficeret; nunc expetitur, quod est tamquam artifex conquirendae et comparandae voluptatis -- Quam autem ego dicam.', 'PENDING', '2024-01-27 17:26:08', '2024-01-30 02:44:08');
INSERT INTO "refunds" ("refund_id", "transaction_id", "refund_amount", "reason", "status", "created_at", "updated_at") VALUES ('a6b8820d-e408-4162-a16f-8c570fe25214', '956d5158-15d1-4fb5-aff3-453476f594a1', '98.24', 'Habuit. Voluptatem cum summum bonum consequamur? Clamat Epicurus, is quem vos nimis voluptatibus esse deditum dicitis; non posse reperiri. Quapropter.', 'PENDING', '2024-01-27 17:35:14', '2024-01-31 20:27:50');
INSERT INTO "refunds" ("refund_id", "transaction_id", "refund_amount", "reason", "status", "created_at", "updated_at") VALUES ('3bb36573-957d-40cb-9bc4-32367e59db1b', 'b873149f-7699-41a1-85ea-54f0cbdf288d', '81.86', 'E theatro exeamus. Quibus rebus intellegitur nec timiditatem ignaviamque vituperari nec fortitudinem patientiamque laudari suo nomine, sed illas reici, quia dolorem pariant, has optari, quia voluptatem. Iustitia restat, ut de commodis suis cogitarent? At id ne ferae quidem faciunt, ut ita ruant itaque turbent.', 'FAILED', '2024-01-27 17:39:52', '2024-02-03 13:23:31');
INSERT INTO "refunds" ("refund_id", "transaction_id", "refund_amount", "reason", "status", "created_at", "updated_at") VALUES ('0c6a8616-fff6-452e-a7fa-557f0b083034', 'd75b4440-a4fd-45e3-9a92-204f7c697247', '114.29', 'Non inhumanus, qui novum vicinum non vult ''fodere aut arare.', 'PENDING', '2024-01-27 17:40:58', '2024-02-03 04:48:02');
INSERT INTO "refunds" ("refund_id", "transaction_id", "refund_amount", "reason", "status", "created_at", "updated_at") VALUES ('03b2636b-816a-44b3-a4d8-f51961bb6a2b', 'd606d840-b126-4ef4-8f10-b11d14c4244d', '92.78', 'Sumitur contra mortis timorem et constantia contra metum religionis et sedatio animi omnium rerum.', 'COMPLETED', '2024-01-27 17:42:18', '2024-02-03 23:34:07');
INSERT INTO "refunds" ("refund_id", "transaction_id", "refund_amount", "reason", "status", "created_at", "updated_at") VALUES ('e14beda6-c861-4748-8a74-ebf826933410', 'd902ad60-bafb-4ee4-bf32-fe1b439a7bd3', '107.94', 'His libris quaeritur, qui sit finis, quid extremum, quid ultimum, quo sint omnia bene vivendi recteque faciendi consilia referenda, quid sequatur natura ut summum malum et, quantum possit, a se ipse dissidens secumque discordans gustare partem.', 'PENDING', '2024-01-27 17:48:11', '2024-01-29 11:37:17');
INSERT INTO "refunds" ("refund_id", "transaction_id", "refund_amount", "reason", "status", "created_at", "updated_at") VALUES ('3735aceb-b5cb-4004-a7db-0b389f939518', 'be4a39ca-28d4-488c-b7fe-b5f78c81b853', '97.07', 'Aut voluptatem aut molestiam plus aut ad bene beateque vivendo a Platone disputata sunt, haec explicari non placebit Latine? Quid?', 'PENDING', '2024-01-27 17:51:42', '2024-01-31 21:50:30');
INSERT INTO "refunds" ("refund_id", "transaction_id", "refund_amount", "reason", "status", "created_at", "updated_at") VALUES ('66ac9082-93da-4fa4-929e-c89113a491c7', '6d2260ac-9402-4f97-b8d3-eefff84f8504', '123.17', 'Omne certamen est? Tuo vero id quidem, inquam, arbitratu. Sic faciam igitur, inquit: unam rem explicabo, eamque maximam, de physicis alias, et quidem tibi et declinationem istam atomorum.', 'PENDING', '2024-01-27 17:58:01', '2024-02-03 20:39:07');
INSERT INTO "refunds" ("refund_id", "transaction_id", "refund_amount", "reason", "status", "created_at", "updated_at") VALUES ('674addb9-737d-44bc-be33-a22c357ab079', '507f2790-afd7-4f04-a7d9-4d1390ab643e', '79.98', 'Aliquando otiosum, certe audiam, quid sit, quod Epicurum nostrum non tu quidem oderis, ut fere.', 'PENDING', '2024-01-27 18:00:19', '2024-02-03 03:48:55');
INSERT INTO "refunds" ("refund_id", "transaction_id", "refund_amount", "reason", "status", "created_at", "updated_at") VALUES ('3aee0b68-5422-4116-b39e-a8f9f0511719', '160d9fc8-9579-431a-98f4-cc4a45d3154c', '92.40', 'Poterit et iustius? Sunt autem, qui dicant foedus esse quoddam sapientium, ut ne minus amicos quam se ipsos.', 'COMPLETED', '2024-01-27 18:07:16', '2024-01-29 20:37:00');
INSERT INTO "refunds" ("refund_id", "transaction_id", "refund_amount", "reason", "status", "created_at", "updated_at") VALUES ('9c977553-a1ad-452c-8346-3183ae74d6e1', '6300ffb6-0716-4fb1-a94d-34af0c1ee149', '77.71', 'Deorsus e regione inferiorem locum petentium sine causa dicere, -- et illum motum naturalem omnium ponderum, ut ipse.', 'FAILED', '2024-01-27 18:13:35', '2024-02-01 05:15:52');
INSERT INTO "refunds" ("refund_id", "transaction_id", "refund_amount", "reason", "status", "created_at", "updated_at") VALUES ('87a5d39a-3705-4ee0-9324-a05b7cea0b33', 'cfe61bb7-f791-4d02-8a13-18010fab05c6', '86.76', 'Nihil sane praeter sedulitatem probarent, omnes mihi Epicuri sententiae satis notae sunt. Atque eos, quos nominavi, cum inciderit, ut id meo arbitratu facerem, ante hoc tempus numquam est suspicio insequitur, dein sermo atque fama, tum accusator, tum iudex; Multi.', 'FAILED', '2024-01-27 18:19:37', '2024-01-29 07:11:02');
INSERT INTO "refunds" ("refund_id", "transaction_id", "refund_amount", "reason", "status", "created_at", "updated_at") VALUES ('739a97ed-758d-49d1-ac7d-f425add9c55a', '41767d14-61bf-4385-b960-f2f339307ccc', '77.01', 'Quidem rerum facilis est et ad tranquillitatem ferant, quid est cur verear, ne ad eam non possim accommodare Torquatos nostros? Quos tu paulo ante collegi, abest plurimum et, cum stultorum vitam cum sua comparat, magna afficitur voluptate. Dolores autem si qui incurrunt, numquam vim tantam habent, ut non plus voluptatum habeat quam dolorum. Nam et ipsa.', 'COMPLETED', '2024-01-27 18:25:29', '2024-02-05 08:29:23');
INSERT INTO "refunds" ("refund_id", "transaction_id", "refund_amount", "reason", "status", "created_at", "updated_at") VALUES ('35687a47-f690-4c80-9864-0edcdae6fd30', 'a5cb999f-1fb7-4cd8-a344-827c3c722946', '89.41', 'Finibus contentus sine aegritudine possit et sine.', 'PENDING', '2024-01-27 18:31:31', '2024-01-31 12:11:20');
INSERT INTO "refunds" ("refund_id", "transaction_id", "refund_amount", "reason", "status", "created_at", "updated_at") VALUES ('43575f21-b11f-42f0-b338-b35c8b4831f1', '9b9f3765-c909-4965-a696-8677a18a3952', '122.04', 'Fuisse. -- Torquem detraxit hosti. -- Et quidem.', 'FAILED', '2024-01-27 18:35:23', '2024-02-04 10:25:45');
INSERT INTO "refunds" ("refund_id", "transaction_id", "refund_amount", "reason", "status", "created_at", "updated_at") VALUES ('23fcbbe3-bc77-4615-9279-cecf80decf5d', '0dfc5bc6-2e15-44d0-8157-7463523ed3aa', '84.89', 'Ad ea, quae hoc non minus declarant, sed videntur leviora, veniamus. Quid.', 'COMPLETED', '2024-01-27 18:39:09', '2024-02-01 02:56:13');
INSERT INTO "refunds" ("refund_id", "transaction_id", "refund_amount", "reason", "status", "created_at", "updated_at") VALUES ('73b6a108-8218-4c97-b1fc-fe0af9b616fe', '3127d8f2-1372-472e-987b-d38091b8fc4f', '109.27', 'Nulla successerit, eoque intellegi potest quanta voluptas sit non dolere.', 'COMPLETED', '2024-01-27 18:46:34', '2024-02-03 13:39:59');
INSERT INTO "refunds" ("refund_id", "transaction_id", "refund_amount", "reason", "status", "created_at", "updated_at") VALUES ('b2b75494-6258-4264-b9ac-db2bf549a2fd', '6465bdc7-2914-4f26-9aa1-790ccedf71d8', '120.26', 'Oriantur et intereant cotidie. Quae etsi mihi nullo modo poterimus sensuum iudicia defendere. Quicquid porro animo cernimus, id omne oritur a sensibus; qui si omnes veri erunt, ut Epicuri ratio docet, tum denique poterit aliquid cognosci et percipi. Quos qui tollunt et nihil posse percipi dicunt, ii remotis sensibus ne id ipsum.', 'COMPLETED', '2024-01-27 18:50:32', '2024-01-28 22:32:55');
INSERT INTO "refunds" ("refund_id", "transaction_id", "refund_amount", "reason", "status", "created_at", "updated_at") VALUES ('39957821-aeb1-4f5f-a5f9-02c135ce8972', 'a52945f5-0391-409d-9e31-bbb5f0cd541e', '104.58', 'Semel admissum coerceri reprimique non potest, ut non dicas, quid non probes. Principio, inquam, in physicis, quibus maxime gloriatur, primum totus est alienus. Democritea dicit perpauca mutans, sed ita, ut ea, quae.', 'COMPLETED', '2024-01-27 18:52:48', '2024-02-02 10:10:50');
INSERT INTO "refunds" ("refund_id", "transaction_id", "refund_amount", "reason", "status", "created_at", "updated_at") VALUES ('5b84bf6f-3748-4e2c-927b-6a0d7356e801', '63c64483-8400-4f21-8c94-10cee6c8a7f2', '89.31', 'Tamque et operosam et perinde fructuosam relinqueret? Non ergo Epicurus ineruditus, sed ii.', 'FAILED', '2024-01-27 18:59:37', '2024-02-01 23:57:20');

INSERT INTO "transactions" ("transaction_id", "user_id", "amount", "currency", "status", "payment_method_id", "remarks", "created_at", "updated_at") VALUES ('7ea4fd3a-1b5c-4f5e-a9b0-779a0a95719e', '34', '545.69', 'USD', 'SUCCESS', '64', 'Magni dolores eos, qui ratione voluptatem sequi nesciunt, neque porro quisquam est, qui alienae modum statuat industriae? Nam ut Terentianus Chremes non inhumanus, qui novum vicinum non vult ''fodere aut.', '2024-01-27 09:58:57', '2024-01-29 13:40:34');
INSERT INTO "transactions" ("transaction_id", "user_id", "amount", "currency", "status", "payment_method_id", "remarks", "created_at", "updated_at") VALUES ('35f43549-ea42-4532-9695-5059416b8628', '53', '475.97', 'USD', 'PENDING', '95', 'Natura nihil esse prosperum nisi voluptatem, nihil asperum nisi dolorem, de quibus et ab Epicuro scriptum est et expedita distinctio. Nam libero tempore, cum soluta nobis est eligendi optio, cumque.', '2024-01-27 10:08:32', '2024-02-02 22:53:53');
INSERT INTO "transactions" ("transaction_id", "user_id", "amount", "currency", "status", "payment_method_id", "remarks", "created_at", "updated_at") VALUES ('75c4163e-235f-48b7-a964-99ee4177cf8f', '80', '489.08', 'USD', 'PENDING', '48', 'Animadversionem atque admonitionem. Altera occulta quaedam et quasi involuta aperiri, altera prompta et aperta iudicari. Etenim quoniam detractis de homine sensibus reliqui nihil est.', '2024-01-27 10:10:25', '2024-01-29 12:58:20');
INSERT INTO "transactions" ("transaction_id", "user_id", "amount", "currency", "status", "payment_method_id", "remarks", "created_at", "updated_at") VALUES ('1ef33435-1b8b-4579-bb56-57c1f125d9fe', '8', '460.69', 'USD', 'FAILED', '14', 'Synephebos ego, inquit, potius Caecilii aut Andriam Terentii quam utramque Menandri legam?', '2024-01-27 10:17:57', '2024-02-03 05:54:11');
INSERT INTO "transactions" ("transaction_id", "user_id", "amount", "currency", "status", "payment_method_id", "remarks", "created_at", "updated_at") VALUES ('795de140-6936-42bc-96ea-8e1b3f72d096', '22', '459.99', 'USD', 'REFUNDED', '68', 'Non ob ea solum incommoda, quae eveniunt inprobis, fugiendam inprobitatem putamus, sed multo magis vita et factis et moribus comprobavit. Quod quam magnum sit fictae veterum fabulae.', '2024-01-27 10:20:49', '2024-02-06 08:46:01');
INSERT INTO "transactions" ("transaction_id", "user_id", "amount", "currency", "status", "payment_method_id", "remarks", "created_at", "updated_at") VALUES ('a52945f5-0391-409d-9e31-bbb5f0cd541e', '55', '500.64', 'USD', 'REFUNDED', '42', 'Res (est) ficta pueriliter, tum ne efficit quidem, quod vult. Nam.', '2024-01-27 10:23:31', '2024-02-01 08:49:28');
INSERT INTO "transactions" ("transaction_id", "user_id", "amount", "currency", "status", "payment_method_id", "remarks", "created_at", "updated_at") VALUES ('14f7ce90-b44e-4f31-adbc-fa43016b01e7', '8', '613.15', 'USD', 'SUCCESS', '46', 'Variis ab ultima antiquitate repetitis tria vix amicorum paria reperiuntur, ut ad Orestem pervenias profectus a Theseo. At vero Epicurus una in domo, et ea quidem angusta, quam magnos quantaque amoris conspiratione consentientis.', '2024-01-27 10:28:57', '2024-02-06 05:31:19');
INSERT INTO "transactions" ("transaction_id", "user_id", "amount", "currency", "status", "payment_method_id", "remarks", "created_at", "updated_at") VALUES ('d902ad60-bafb-4ee4-bf32-fe1b439a7bd3', '57', '419.95', 'USD', 'PENDING', '78', 'Autem quibusdam et aut officiis debitis aut rerum necessitatibus saepe eveniet, ut.', '2024-01-27 10:31:33', '2024-02-04 18:04:17');
INSERT INTO "transactions" ("transaction_id", "user_id", "amount", "currency", "status", "payment_method_id", "remarks", "created_at", "updated_at") VALUES ('97e5bde9-b89c-49a0-b5eb-3b79927ef954', '33', '537.03', 'USD', 'SUCCESS', '66', 'Evolvendis, ut ego et Triarius te hortatore facimus, consumeret, in quibus sequitur Democritum, non fere labitur. Quamquam utriusque cum multa non probo, inquam. De cetero vellem equidem aut ipse doctrinis fuisset instructior.', '2024-01-27 10:41:13', '2024-02-01 03:08:58');
INSERT INTO "transactions" ("transaction_id", "user_id", "amount", "currency", "status", "payment_method_id", "remarks", "created_at", "updated_at") VALUES ('b1c7edf2-659c-44f4-a68c-0de7385b56ed', '32', '474.94', 'USD', 'REFUNDED', '1', 'Animos conficiuntque curis hominum non intellegentium nihil dolendum esse animo, quod sit iudicatum. Plerique autem, quod tenere atque servare id, quod sentiant non esse faciendum, ii voluptatem maximam adipiscuntur praetermittenda voluptate. Idem etiam dolorem saepe perpetiuntur, ne, si id non faciant, incidant in maiorem. Ex quo efficiantur ea, quae audiebamus, conferebamus, neque erat umquam controversia, quid.', '2024-01-27 10:48:05', '2024-01-27 16:09:47');
INSERT INTO "transactions" ("transaction_id", "user_id", "amount", "currency", "status", "payment_method_id", "remarks", "created_at", "updated_at") VALUES ('eb325dc0-253c-46cb-87a4-cadad83c8b24', '97', '489.16', 'USD', 'FAILED', '87', 'Inventore veritatis et quasi architecto beatae vitae deduceret? Qui quod tibi ita videri necesse est, non satis politus iis artibus, quas qui tenent, eruditi appellantur -- aut ne deterruisset alios.', '2024-01-27 10:52:50', '2024-01-28 04:30:26');
INSERT INTO "transactions" ("transaction_id", "user_id", "amount", "currency", "status", "payment_method_id", "remarks", "created_at", "updated_at") VALUES ('67097fa9-9632-4144-9959-0e8cff6608ea', '29', '437.96', 'USD', 'REFUNDED', '25', 'Virtutes, de quibus et ab antiquis, ad arbitrium suum scribere? Quodsi Graeci leguntur a Graecis isdem de rebus.', '2024-01-27 10:59:44', '2024-01-31 03:53:14');
INSERT INTO "transactions" ("transaction_id", "user_id", "amount", "currency", "status", "payment_method_id", "remarks", "created_at", "updated_at") VALUES ('6300ffb6-0716-4fb1-a94d-34af0c1ee149', '90', '501.21', 'USD', 'SUCCESS', '94', 'Aut perferendis doloribus asperiores repellat. Hanc ego cum teneam sententiam, quid est enim aut utilior aut.', '2024-01-27 11:02:03', '2024-02-05 01:44:49');
INSERT INTO "transactions" ("transaction_id", "user_id", "amount", "currency", "status", "payment_method_id", "remarks", "created_at", "updated_at") VALUES ('8b6c37ac-5a77-45ec-9458-f28a5ca5c684', '91', '388.60', 'USD', 'FAILED', '86', 'Contumeliae, tum iracundiae, contentiones concertationesque in disputando pertinaces indignae philosophia mihi videri solent. Tum Torquatus: Prorsus, inquit, assentior; neque enim tempus est.', '2024-01-27 11:11:41', '2024-02-05 23:57:14');
INSERT INTO "transactions" ("transaction_id", "user_id", "amount", "currency", "status", "payment_method_id", "remarks", "created_at", "updated_at") VALUES ('3127d8f2-1372-472e-987b-d38091b8fc4f', '90', '488.98', 'USD', 'PENDING', '55', 'Dedocendi esse videantur. Invitat igitur vera ratio bene sanos in viam placatae, tranquillae, quietae.', '2024-01-27 11:21:37', '2024-02-01 14:15:30');
INSERT INTO "transactions" ("transaction_id", "user_id", "amount", "currency", "status", "payment_method_id", "remarks", "created_at", "updated_at") VALUES ('1879fd4f-3049-41f5-b6bd-c9547daf2505', '43', '569.23', 'USD', 'PENDING', '98', 'Bene vivendum aptior partitio quam illa, qua est usus Epicurus? Qui unum genus posuit earum cupiditatum, quae essent et naturales et necessariae, alterum, quae vis sit, quae quidque efficiat, de materia disseruerunt, vim et causam efficiendi reliquerunt. Sed hoc.', '2024-01-27 11:22:52', '2024-02-05 10:37:51');
INSERT INTO "transactions" ("transaction_id", "user_id", "amount", "currency", "status", "payment_method_id", "remarks", "created_at", "updated_at") VALUES ('96537ccd-2218-4599-a670-21c9177ea97e', '22', '378.41', 'USD', 'REFUNDED', '41', 'Maiestatis atque imperii. Quid? T. Torquatus, is qui consul cum Cn. Octavio fuit, cum illam severitatem in eo essent. Quae cum dixissem.', '2024-01-27 11:25:30', '2024-02-04 14:26:45');
INSERT INTO "transactions" ("transaction_id", "user_id", "amount", "currency", "status", "payment_method_id", "remarks", "created_at", "updated_at") VALUES ('7b004dfe-331c-40f7-9852-3ce1953f8510', '57', '488.54', 'USD', 'FAILED', '76', 'Nihil asperum nisi dolorem, de quibus neque depravate iudicant neque corrupte, nonne ei maximam gratiam habere.', '2024-01-27 11:26:42', '2024-01-30 16:03:23');
INSERT INTO "transactions" ("transaction_id", "user_id", "amount", "currency", "status", "payment_method_id", "remarks", "created_at", "updated_at") VALUES ('de91ca07-d715-4acc-87a8-b9c8d90b7ca0', '63', '524.59', 'USD', 'FAILED', '11', 'Ut enim ad sapientiam perveniri potest, non paranda nobis solum ea, sed fruenda etiam sapientia est; sive hoc difficile est, tamen nec modus ullus nec finis inveniri potest.', '2024-01-27 11:36:19', '2024-02-06 11:01:25');
INSERT INTO "transactions" ("transaction_id", "user_id", "amount", "currency", "status", "payment_method_id", "remarks", "created_at", "updated_at") VALUES ('4af5dad1-6f50-41be-980f-d4021cb06c8c', '71', '443.06', 'USD', 'REFUNDED', '63', 'Est eligendi optio, cumque nihil impedit, quo minus omnes.', '2024-01-27 11:45:42', '2024-01-30 13:37:49');
INSERT INTO "transactions" ("transaction_id", "user_id", "amount", "currency", "status", "payment_method_id", "remarks", "created_at", "updated_at") VALUES ('11b480cd-8520-4fbb-beab-c8613ec5b923', '9', '471.69', 'USD', 'SUCCESS', '24', 'Declinare dixit atomum perpaulum, quo nihil posset fieri minus; ita effici complexiones et copulationes et adhaesiones atomorum inter se, ex quo efficiantur ea, quae praeterierunt, acri animo et corpore voluptatibus nullo dolore nec impediente nec inpendente.', '2024-01-27 11:47:50', '2024-02-02 12:15:00');
INSERT INTO "transactions" ("transaction_id", "user_id", "amount", "currency", "status", "payment_method_id", "remarks", "created_at", "updated_at") VALUES ('d75b4440-a4fd-45e3-9a92-204f7c697247', '39', '586.78', 'USD', 'REFUNDED', '36', 'Temporis. Quod quia nullo modo probantur, tamen Democritum laudatum a ceteris ab hoc, qui eum unum secutus esset, nollem vituperatum.', '2024-01-27 11:48:58', '2024-02-03 09:23:21');
INSERT INTO "transactions" ("transaction_id", "user_id", "amount", "currency", "status", "payment_method_id", "remarks", "created_at", "updated_at") VALUES ('c8e6fd35-1c66-4d18-b5b8-8fb2e8384495', '22', '494.10', 'USD', 'PENDING', '24', 'Fugiendam temperantiamque expetendam, non quia voluptates fugiat, sed quia iucunditatis vel plurimum afferat. Nam diligi et carum esse iucundum est propterea, quia tutiorem vitam et voluptatem ipsam per se ipsas tam expetendas, quam nostras expeteremus, quo loco videtur quibusdam.', '2024-01-27 11:51:04', '2024-01-29 00:25:22');
INSERT INTO "transactions" ("transaction_id", "user_id", "amount", "currency", "status", "payment_method_id", "remarks", "created_at", "updated_at") VALUES ('7dfd3774-bde0-43e5-bf71-120a705c51d0', '30', '512.95', 'USD', 'FAILED', '95', 'Civitas in seditione beata esse potest nec in discordia dominorum domus; quo minus omnes mea legant. Utinam esset ille Persius, Scipio.', '2024-01-27 11:52:17', '2024-01-28 09:07:38');
INSERT INTO "transactions" ("transaction_id", "user_id", "amount", "currency", "status", "payment_method_id", "remarks", "created_at", "updated_at") VALUES ('451288c2-561c-436c-8fce-df3f7f5157e0', '24', '596.74', 'USD', 'PENDING', '35', 'Testibus, si infantes pueri, mutae etiam bestiae paene loquuntur magistra ac duce natura nihil esse maius amicitia, nihil uberius, nihil iucundius. Nec vero quisquam stultus non horum morborum.', '2024-01-27 11:56:10', '2024-01-29 11:19:58');
INSERT INTO "transactions" ("transaction_id", "user_id", "amount", "currency", "status", "payment_method_id", "remarks", "created_at", "updated_at") VALUES ('0ef9c692-470c-4724-bd8e-caf064fb66a1', '68', '552.46', 'USD', 'SUCCESS', '71', 'Animo et attento intuemur, tum fit ut aegritudo sequatur, si illa mala sint, laetitia, si bona. O praeclaram beate vivendi et apertam et simplicem et directam viam! Cum enim certe nihil homini possit melius esse quam Graecam. Quando enim nobis, vel dicam aut oratoribus bonis aut poetis, postea quidem quam fuit quem imitarentur, ullus orationis vel.', '2024-01-27 12:02:13', '2024-02-03 02:18:49');
INSERT INTO "transactions" ("transaction_id", "user_id", "amount", "currency", "status", "payment_method_id", "remarks", "created_at", "updated_at") VALUES ('eb233e9a-411b-475e-a19a-9e35e2b55483', '46', '580.84', 'USD', 'REFUNDED', '34', 'Et Rutilius multo etiam magis, quod, cuius in.', '2024-01-27 12:05:47', '2024-02-06 02:29:28');
INSERT INTO "transactions" ("transaction_id", "user_id", "amount", "currency", "status", "payment_method_id", "remarks", "created_at", "updated_at") VALUES ('ae3b67f1-cea8-497a-81df-bea6dc3a8907', '59', '592.44', 'USD', 'PENDING', '54', 'Solis probabo et Democriti errata ab Epicuro scriptum est et ab antiquis, ad arbitrium suum scribere? Quodsi Graeci leguntur a Graecis isdem de rebus alia ratione compositis, quid est, quod huc possit, quod conetur, nec optinere, si effecerit, et opes.', '2024-01-27 12:15:37', '2024-02-02 10:53:06');
INSERT INTO "transactions" ("transaction_id", "user_id", "amount", "currency", "status", "payment_method_id", "remarks", "created_at", "updated_at") VALUES ('376266c6-3ef4-4263-a668-2b22175fb1f6', '53', '511.48', 'USD', 'REFUNDED', '71', 'Aegritudines ad dolorem referuntur, nec praeterea est res ulla, quae sua natura aut sollicitare possit.', '2024-01-27 12:24:42', '2024-01-31 08:12:59');
INSERT INTO "transactions" ("transaction_id", "user_id", "amount", "currency", "status", "payment_method_id", "remarks", "created_at", "updated_at") VALUES ('b92ea567-78e2-4a9b-9eb2-efcf16b1843a', '47', '621.18', 'USD', 'FAILED', '55', 'Natura ipsa iudicari. Ea quid percipit aut quid malum, sensu iudicari, sed animo etiam ac ratione intellegi posse et voluptatem pleniorem.', '2024-01-27 12:30:48', '2024-02-05 02:33:36');
INSERT INTO "transactions" ("transaction_id", "user_id", "amount", "currency", "status", "payment_method_id", "remarks", "created_at", "updated_at") VALUES ('60a90265-aa41-4674-93f9-c1231122d82d', '65', '612.83', 'USD', 'SUCCESS', '43', 'Assentior, dum modo de isdem rebus ne Graecos quidem legendos putent. Res vero bonas.', '2024-01-27 12:33:22', '2024-01-28 16:35:14');
INSERT INTO "transactions" ("transaction_id", "user_id", "amount", "currency", "status", "payment_method_id", "remarks", "created_at", "updated_at") VALUES ('da7875db-8402-4d66-b674-48f5c7afd7a8', '69', '610.62', 'USD', 'SUCCESS', '30', 'Voluptate velit esse cillum dolore eu fugiat nulla pariatur. Excepteur sint occaecat cupidatat non proident, sunt in culpa, qui officia deserunt mollit anim id est laborum et dolorum fuga. Et harum quidem rerum facilis est et expedita distinctio. Nam libero tempore, cum soluta nobis est eligendi optio, cumque nihil impedit, quo minus.', '2024-01-27 12:35:52', '2024-01-29 14:45:51');
INSERT INTO "transactions" ("transaction_id", "user_id", "amount", "currency", "status", "payment_method_id", "remarks", "created_at", "updated_at") VALUES ('ea6dfb73-3a76-4750-b615-f8eac6b5f98b', '54', '491.02', 'USD', 'REFUNDED', '77', 'Nos esse dominos, ut, si tolerabiles sint, feramus, si minus, animo aequo e vita, cum ea non placeat, tamquam e theatro exeamus. Quibus rebus intellegitur nec intemperantiam propter.', '2024-01-27 12:39:05', '2024-02-04 09:45:27');
INSERT INTO "transactions" ("transaction_id", "user_id", "amount", "currency", "status", "payment_method_id", "remarks", "created_at", "updated_at") VALUES ('4b6d6174-8956-4094-897e-05a9d6e38649', '29', '497.99', 'USD', 'REFUNDED', '42', 'Quidem videtur. Ac fieri potest, ut errem, sed ita sentio et saepe disserui, Latinam linguam non modo quid nobis probaretur, sed etiam effectrices sunt voluptatum tam amicis quam sibi, quibus non solum.', '2024-01-27 12:42:25', '2024-01-29 22:53:15');
INSERT INTO "transactions" ("transaction_id", "user_id", "amount", "currency", "status", "payment_method_id", "remarks", "created_at", "updated_at") VALUES ('aa8ae41a-eeff-435c-9197-385bd2490672', '47', '591.71', 'USD', 'REFUNDED', '90', 'Omnesque et metus plena sit, ratio ipsa monet amicitias comparare, quibus partis confirmatur animus et a spe pariendarum voluptatum seiungi non potest. Atque ut odia, invidiae, despicationes adversantur voluptatibus, sic amicitiae non modo non impediri rationem amicitiae, si summum bonum.', '2024-01-27 12:52:13', '2024-01-27 19:07:26');
INSERT INTO "transactions" ("transaction_id", "user_id", "amount", "currency", "status", "payment_method_id", "remarks", "created_at", "updated_at") VALUES ('91f0170e-56e7-419b-942d-dfd79a56733d', '51', '428.23', 'USD', 'FAILED', '83', 'Inquam, nisi te audire vellem, censes haec dicturum fuisse? Utrum igitur percurri omnem Epicuri.', '2024-01-27 12:55:36', '2024-02-05 01:35:38');
INSERT INTO "transactions" ("transaction_id", "user_id", "amount", "currency", "status", "payment_method_id", "remarks", "created_at", "updated_at") VALUES ('160d9fc8-9579-431a-98f4-cc4a45d3154c', '26', '422.62', 'USD', 'FAILED', '67', 'Stabilitas amicitiae vacillare, tuentur tamen eum locum seque facile, ut mihi quidem depravare videatur. Ille atomos quas appellat.', '2024-01-27 13:01:08', '2024-01-30 19:17:29');
INSERT INTO "transactions" ("transaction_id", "user_id", "amount", "currency", "status", "payment_method_id", "remarks", "created_at", "updated_at") VALUES ('e5b4dc57-7f41-4358-8e66-966d9e4d0bed', '12', '580.38', 'USD', 'SUCCESS', '58', 'Vult, et dicit plane, quod intellegam; et tamen in quibusdam neque pecuniae modus est ullus investigandi veri, nisi inveneris, et quaerendi defatigatio turpis est.', '2024-01-27 13:05:41', '2024-02-03 16:08:57');
INSERT INTO "transactions" ("transaction_id", "user_id", "amount", "currency", "status", "payment_method_id", "remarks", "created_at", "updated_at") VALUES ('e11b6466-c087-49a6-bb9a-e602f0647220', '72', '452.86', 'USD', 'FAILED', '32', 'Magnitudinem solis probabo et Democriti errata ab Epicuro scriptum est et expedita distinctio. Nam.', '2024-01-27 13:15:22', '2024-02-04 14:50:26');
INSERT INTO "transactions" ("transaction_id", "user_id", "amount", "currency", "status", "payment_method_id", "remarks", "created_at", "updated_at") VALUES ('5a497e82-ca4e-433b-aaeb-e33fa9728649', '99', '492.13', 'USD', 'PENDING', '17', 'Et directam viam! Cum enim certe nihil homini possit melius esse quam Graecam. Quando enim nobis, vel dicam aut oratoribus bonis aut poetis, postea quidem quam fuit quem imitarentur, ullus.', '2024-01-27 13:16:58', '2024-02-02 05:23:57');
INSERT INTO "transactions" ("transaction_id", "user_id", "amount", "currency", "status", "payment_method_id", "remarks", "created_at", "updated_at") VALUES ('7116d2d1-50b6-40e3-8d60-73b8f5b0cdba', '14', '416.13', 'USD', 'REFUNDED', '50', 'Quibusdam, et iis quidem non admodum indoctis, totum hoc displicet philosophari. Quidam autem non tam solido quam splendido nomine, virtutem autem nixam hoc honesto nullam requirere voluptatem atque ad beate vivendum sapientia comparaverit.', '2024-01-27 13:26:11', '2024-02-03 02:17:55');
INSERT INTO "transactions" ("transaction_id", "user_id", "amount", "currency", "status", "payment_method_id", "remarks", "created_at", "updated_at") VALUES ('7365b2b4-7aa6-445d-85bf-f09253c73977', '71', '495.32', 'USD', 'FAILED', '22', 'Quae summis ingeniis exquisitaque doctrina philosophi Graeco sermone tractavissent, ea Latinis litteris mandaremus, fore ut atomus altera alteram posset attingere itaque ** attulit rem.', '2024-01-27 13:32:16', '2024-01-28 05:30:07');
INSERT INTO "transactions" ("transaction_id", "user_id", "amount", "currency", "status", "payment_method_id", "remarks", "created_at", "updated_at") VALUES ('897b483c-0af1-4e11-9577-afcde8dbc9d6', '86', '615.35', 'USD', 'SUCCESS', '59', 'Mihi non aeque satisfacit, et quidem tibi et declinationem istam atomorum et magnitudinem solis probabo et Democriti errata ab Epicuro reprehensa et correcta permulta.', '2024-01-27 13:36:51', '2024-02-03 08:36:04');
INSERT INTO "transactions" ("transaction_id", "user_id", "amount", "currency", "status", "payment_method_id", "remarks", "created_at", "updated_at") VALUES ('be4a39ca-28d4-488c-b7fe-b5f78c81b853', '1', '504.78', 'USD', 'SUCCESS', '71', 'Nostris poetis aut inertissimae segnitiae est aut in voluptate ponit, quod summum bonum esse vult, summumque malum dolorem, idque instituit docere sic: Omne animal, simul atque natum.', '2024-01-27 13:41:38', '2024-01-29 11:46:31');
INSERT INTO "transactions" ("transaction_id", "user_id", "amount", "currency", "status", "payment_method_id", "remarks", "created_at", "updated_at") VALUES ('066d2ad0-6362-436c-b53f-60b3d5e9cbba', '4', '460.36', 'USD', 'SUCCESS', '70', 'Esset, quae quasi saxum Tantalo semper impendet, tum superstitio, qua qui affecti sunt in eadem causa sunt, qua ante quam nati, et ad tranquillitatem ferant, quid est enim contra Cyrenaicos satis acute, nihil ad iucunde vivendum reperiri posse, quod.', '2024-01-27 13:48:15', '2024-02-02 23:57:07');
INSERT INTO "transactions" ("transaction_id", "user_id", "amount", "currency", "status", "payment_method_id", "remarks", "created_at", "updated_at") VALUES ('ee3a6e25-0dfe-40a3-ae52-af0a114ef6d0', '28', '433.38', 'USD', 'PENDING', '70', 'Satis hoc loco dictum sit. Erit enim iam de omnium virtutum cursu.', '2024-01-27 13:57:13', '2024-02-02 10:58:36');
INSERT INTO "transactions" ("transaction_id", "user_id", "amount", "currency", "status", "payment_method_id", "remarks", "created_at", "updated_at") VALUES ('b873149f-7699-41a1-85ea-54f0cbdf288d', '96', '507.72', 'USD', 'REFUNDED', '42', 'Et angore et metu maximeque cruciantur, cum sero sentiunt frustra se aut.', '2024-01-27 14:06:59', '2024-02-05 10:28:02');
INSERT INTO "transactions" ("transaction_id", "user_id", "amount", "currency", "status", "payment_method_id", "remarks", "created_at", "updated_at") VALUES ('e562bc96-ac07-47d7-8d55-b5eff04ae581', '71', '551.89', 'USD', 'FAILED', '85', 'Veritatis et quasi involuta aperiri, altera prompta et aperta iudicari. Etenim quoniam detractis de homine sensibus reliqui nihil est, necesse est, non satis politus iis artibus, quas qui tenent, eruditi appellantur -- aut ne deterruisset alios a studiis. Quamquam te quidem video.', '2024-01-27 14:08:49', '2024-02-02 05:49:52');
INSERT INTO "transactions" ("transaction_id", "user_id", "amount", "currency", "status", "payment_method_id", "remarks", "created_at", "updated_at") VALUES ('cf582cc3-fd3c-47ff-a018-336323aeb8b4', '86', '575.81', 'USD', 'PENDING', '31', 'Aequitate, quam ostendis. Sed uti oratione perpetua malo quam interrogare aut interrogari. Ut placet, inquam. Tum dicere exorsus est. Primum igitur, inquit, sic agam, ut ipsi auctori.', '2024-01-27 14:15:33', '2024-02-03 15:14:11');
INSERT INTO "transactions" ("transaction_id", "user_id", "amount", "currency", "status", "payment_method_id", "remarks", "created_at", "updated_at") VALUES ('66d219ae-0807-4033-94d1-613d23b35013', '92', '445.64', 'USD', 'FAILED', '83', 'Nec epularum nec reliquarum cupiditatum, quas nulla praeda umquam improbe parta minuit, sed potius inflammat, ut.', '2024-01-27 14:20:16', '2024-02-06 03:04:43');
INSERT INTO "transactions" ("transaction_id", "user_id", "amount", "currency", "status", "payment_method_id", "remarks", "created_at", "updated_at") VALUES ('a536a754-bb57-443e-b477-4f62a07188cd', '15', '586.92', 'USD', 'REFUNDED', '77', 'Dixit in physicis nec ea ipsa, quae ab illo inventore veritatis et quasi involuta aperiri, altera prompta et aperta iudicari.', '2024-01-27 14:29:07', '2024-01-29 11:07:01');
INSERT INTO "transactions" ("transaction_id", "user_id", "amount", "currency", "status", "payment_method_id", "remarks", "created_at", "updated_at") VALUES ('581aa919-e19c-4ebe-b03f-1fca6727212c', '84', '553.07', 'USD', 'SUCCESS', '76', 'Potione fames sitisque depulsa est, ipsa detractio molestiae consecutionem affert voluptatis, sic in omni munere vitae optimum et verissimum sit, exquirere? An, partus ancillae sitne in fructu habendus, disseretur inter principes civitatis, P.', '2024-01-27 14:34:42', '2024-02-03 01:29:25');
INSERT INTO "transactions" ("transaction_id", "user_id", "amount", "currency", "status", "payment_method_id", "remarks", "created_at", "updated_at") VALUES ('63e3c799-a720-48d8-97e6-b574e5c790bf', '93', '410.06', 'USD', 'FAILED', '13', 'Inpotenti iniuste facta conducunt, qui nec facile efficere possit, quod melius sit, migrare de vita.', '2024-01-27 14:43:15', '2024-01-31 13:14:21');
INSERT INTO "transactions" ("transaction_id", "user_id", "amount", "currency", "status", "payment_method_id", "remarks", "created_at", "updated_at") VALUES ('2c8b9d7b-1368-452b-8afa-fefbf013fed2', '97', '601.39', 'USD', 'REFUNDED', '23', 'Nec praeterea est res ulla, quae sua natura aut.', '2024-01-27 14:50:07', '2024-01-28 00:16:20');
INSERT INTO "transactions" ("transaction_id", "user_id", "amount", "currency", "status", "payment_method_id", "remarks", "created_at", "updated_at") VALUES ('6465bdc7-2914-4f26-9aa1-790ccedf71d8', '23', '580.18', 'USD', 'REFUNDED', '68', 'Est delectatio, aut se, ut Plato, in musicis, geometria, numeris, astris contereret, quae et terroribus cupiditatibusque.', '2024-01-27 14:52:25', '2024-01-29 07:58:30');
INSERT INTO "transactions" ("transaction_id", "user_id", "amount", "currency", "status", "payment_method_id", "remarks", "created_at", "updated_at") VALUES ('41767d14-61bf-4385-b960-f2f339307ccc', '68', '390.13', 'USD', 'REFUNDED', '15', 'Quid? Theophrastus mediocriterne delectat, cum tractat locos ab Aristotele ante tractatos? Quid? Epicurei num desistunt de isdem, de quibus et ab Epicuro sapiens semper beatus inducitur: finitas habet cupiditates, neglegit mortem, de diis inmortalibus sine ullo metu vera sentit, non.', '2024-01-27 14:54:13', '2024-02-03 11:44:10');
INSERT INTO "transactions" ("transaction_id", "user_id", "amount", "currency", "status", "payment_method_id", "remarks", "created_at", "updated_at") VALUES ('dd7ff58c-73d1-41ea-a0ce-280dfe40d84f', '32', '404.60', 'USD', 'REFUNDED', '16', 'Esse non possunt et, si essent vera, nihil afferrent, quo iucundius, id est laborum et dolorum fuga. Et harum quidem rerum facilis est et.', '2024-01-27 15:01:34', '2024-01-30 17:20:30');
INSERT INTO "transactions" ("transaction_id", "user_id", "amount", "currency", "status", "payment_method_id", "remarks", "created_at", "updated_at") VALUES ('c34df7a1-7103-4217-acd9-f7fed9600788', '81', '591.19', 'USD', 'PENDING', '27', 'Peccandi. Quae enim cupiditates a natura ipsa iudicari. Ea quid percipit aut quid malum, sensu iudicari, sed animo etiam ac ratione intellegi posse et voluptatem pleniorem efficit. Itaque non ob ea solum incommoda, quae eveniunt inprobis.', '2024-01-27 15:10:03', '2024-01-28 16:25:47');
INSERT INTO "transactions" ("transaction_id", "user_id", "amount", "currency", "status", "payment_method_id", "remarks", "created_at", "updated_at") VALUES ('956d5158-15d1-4fb5-aff3-453476f594a1', '33', '386.76', 'USD', 'PENDING', '52', 'Voluptas esset bonum, desideraret.'' -- Ita credo. -- ''Non est igitur voluptas bonum.'' Hoc ne statuam quidem dicturam pater aiebat, si loqui posset. Conclusum est enim.', '2024-01-27 15:17:38', '2024-01-28 09:00:15');
INSERT INTO "transactions" ("transaction_id", "user_id", "amount", "currency", "status", "payment_method_id", "remarks", "created_at", "updated_at") VALUES ('9b9f3765-c909-4965-a696-8677a18a3952', '46', '426.55', 'USD', 'PENDING', '21', 'Repetitis tria vix amicorum paria reperiuntur, ut ad Orestem pervenias profectus a Theseo. At vero Epicurus una in domo, et ea quidem angusta, quam magnos quantaque amoris conspiratione consentientis tenuit amicorum greges! Quod fit etiam nunc.', '2024-01-27 15:26:50', '2024-02-03 01:16:51');
INSERT INTO "transactions" ("transaction_id", "user_id", "amount", "currency", "status", "payment_method_id", "remarks", "created_at", "updated_at") VALUES ('6d2260ac-9402-4f97-b8d3-eefff84f8504', '32', '419.87', 'USD', 'SUCCESS', '20', 'Ratione administrari neque maiorem voluptatem.', '2024-01-27 15:36:08', '2024-01-31 01:16:19');
INSERT INTO "transactions" ("transaction_id", "user_id", "amount", "currency", "status", "payment_method_id", "remarks", "created_at", "updated_at") VALUES ('d89ee2c4-f89b-4120-8ecd-dace08f3b17d', '4', '601.08', 'USD', 'FAILED', '53', 'Solum iactant nec tantum in alios caeco impetu incurrunt, sed intus etiam in animis inclusae inter se cohaerescant, ex quo efficiantur ea, quae sensum moveat, nulla successerit, eoque intellegi potest quanta voluptas sit non dolere. Sed ut omittam pericula, labores.', '2024-01-27 15:40:22', '2024-01-29 11:33:19');
INSERT INTO "transactions" ("transaction_id", "user_id", "amount", "currency", "status", "payment_method_id", "remarks", "created_at", "updated_at") VALUES ('2bc0d154-2471-472c-96c6-0b476c72cb56', '30', '377.49', 'USD', 'SUCCESS', '71', 'Vel copiosae vel elegantis ornatus defuit? Ego vero, quoniam forensibus operis, laboribus, periculis non deseruisse mihi videor praesidium, in quo admirer, cur in gravissimis rebus non delectet eos sermo patrius, cum idem fabellas Latinas ad verbum.', '2024-01-27 15:44:15', '2024-01-30 10:57:16');
INSERT INTO "transactions" ("transaction_id", "user_id", "amount", "currency", "status", "payment_method_id", "remarks", "created_at", "updated_at") VALUES ('d00f113a-d33b-4e51-a318-eb0843838cd1', '72', '417.26', 'USD', 'FAILED', '21', 'Multi etiam, ut te consule, ipsi se indicaverunt. Quodsi qui satis sibi contra hominum conscientiam saepti esse et muniti videntur, deorum tamen horrent easque.', '2024-01-27 15:45:33', '2024-02-02 21:21:21');
INSERT INTO "transactions" ("transaction_id", "user_id", "amount", "currency", "status", "payment_method_id", "remarks", "created_at", "updated_at") VALUES ('c1023c41-9739-49c8-a6e6-a1c09d0692e6', '32', '527.56', 'USD', 'FAILED', '84', 'Explicabo brevi. Nullus in ipsis error est finibus bonorum et malorum, id est corpora.', '2024-01-27 15:51:05', '2024-02-06 02:18:32');
INSERT INTO "transactions" ("transaction_id", "user_id", "amount", "currency", "status", "payment_method_id", "remarks", "created_at", "updated_at") VALUES ('cfe61bb7-f791-4d02-8a13-18010fab05c6', '66', '586.41', 'USD', 'SUCCESS', '26', 'Voluptatem. Homines optimi non intellegunt totam rationem everti, si ita res se habeat. Nam si concederetur, etiamsi ad corpus nihil referatur, ista.', '2024-01-27 15:59:34', '2024-01-29 18:33:02');
INSERT INTO "transactions" ("transaction_id", "user_id", "amount", "currency", "status", "payment_method_id", "remarks", "created_at", "updated_at") VALUES ('e3b37296-b992-47dc-bf5e-2e6838e6c3fa', '44', '604.96', 'USD', 'PENDING', '83', 'In omni munere vitae optimum et verissimum sit, exquirere? An, partus ancillae sitne in fructu habendus, disseretur inter principes civitatis, P. Scaevolam M''.que Manilium, ab iisque M. Brutus dissentiet -- quod Graeci telos nominant --, quod ipsum nullam ad aliam rem, ad id omnia referri oporteat, ipsum autem nusquam. Hoc Epicurus in.', '2024-01-27 16:08:38', '2024-02-05 01:14:34');
INSERT INTO "transactions" ("transaction_id", "user_id", "amount", "currency", "status", "payment_method_id", "remarks", "created_at", "updated_at") VALUES ('13bb32c0-ea41-415a-a738-22983bef1d9e', '32', '550.27', 'USD', 'FAILED', '42', 'Sunt, fecerint, virtutem iis per se ipsam optabilem, sed quia iucunditatis vel plurimum afferat. Nam diligi et carum esse iucundum est propterea, quia tutiorem vitam et voluptatem pleniorem efficit. Itaque non ob ea solum incommoda, quae eveniunt inprobis, fugiendam inprobitatem putamus, sed multo etiam magis, quorum ille iudicium reformidans Tarentinis ait se et alliciat suapte natura.', '2024-01-27 16:17:57', '2024-02-04 10:34:05');
INSERT INTO "transactions" ("transaction_id", "user_id", "amount", "currency", "status", "payment_method_id", "remarks", "created_at", "updated_at") VALUES ('256eb4cd-5c43-44aa-b161-9730d265e8b8', '19', '444.17', 'USD', 'FAILED', '58', 'In quo enim maxime consuevit iactare vestra se oratio, tua praesertim, qui studiose antiqua persequeris, claris et fortibus viris commemorandis eorumque factis non emolumento aliquo, sed ipsius honestatis decore laudandis, id totum.', '2024-01-27 16:18:57', '2024-01-30 16:48:37');
INSERT INTO "transactions" ("transaction_id", "user_id", "amount", "currency", "status", "payment_method_id", "remarks", "created_at", "updated_at") VALUES ('60f7c849-ec52-4cab-8a82-243a426463af', '32', '597.55', 'USD', 'FAILED', '60', 'Omnium autem rerum natura cognita levamur superstitione, liberamur mortis metu, non conturbamur ignoratione rerum, e qua ipsa horribiles existunt saepe formidines. Denique etiam morati melius erimus, cum didicerimus quid natura postulet non intellegunt, errore maximo, si Epicurum audire voluerint, liberabuntur: istae enim vestrae eximiae.', '2024-01-27 16:20:16', '2024-01-28 02:10:32');
INSERT INTO "transactions" ("transaction_id", "user_id", "amount", "currency", "status", "payment_method_id", "remarks", "created_at", "updated_at") VALUES ('26c8869d-eaa2-42ca-be20-665ab3932c42', '12', '593.89', 'USD', 'FAILED', '8', 'Temperantiamque expetendam, non quia voluptates fugiat, sed quia iucunditatis vel plurimum afferat. Nam diligi et carum esse iucundum est propterea.', '2024-01-27 16:25:06', '2024-01-30 15:59:38');
INSERT INTO "transactions" ("transaction_id", "user_id", "amount", "currency", "status", "payment_method_id", "remarks", "created_at", "updated_at") VALUES ('63c64483-8400-4f21-8c94-10cee6c8a7f2', '17', '614.80', 'USD', 'SUCCESS', '68', 'Alienus. Democritea dicit perpauca mutans, sed ita, ut ea, quae hoc non minus declarant, sed videntur leviora, veniamus. Quid tibi, Torquate, quid huic Triario litterae, quid historiae cognitioque rerum, quid poetarum evolutio, quid tanta tot versuum memoria voluptatis affert? Nec mihi tamen, ne faciam.', '2024-01-27 16:28:39', '2024-02-04 14:10:17');
INSERT INTO "transactions" ("transaction_id", "user_id", "amount", "currency", "status", "payment_method_id", "remarks", "created_at", "updated_at") VALUES ('8c25e871-8232-48c4-b320-7b9acbe53d55', '30', '516.37', 'USD', 'REFUNDED', '21', 'Et percipi. Quos qui tollunt et nihil posse percipi.', '2024-01-27 16:32:49', '2024-02-03 06:28:07');
INSERT INTO "transactions" ("transaction_id", "user_id", "amount", "currency", "status", "payment_method_id", "remarks", "created_at", "updated_at") VALUES ('8bcdd630-54ba-4e4d-99d4-4a5bf5958aa1', '79', '584.84', 'USD', 'FAILED', '15', 'Accurate disserendum et rationibus conquisitis de voluptate et dolore magnam aliquam quaerat voluptatem. Ut enim ad sapientiam perveniri potest, non paranda nobis solum ea, sed fruenda etiam sapientia est; sive hoc difficile est, tamen nec modus est neque honoris neque imperii nec libidinum nec epularum nec reliquarum cupiditatum, quas nulla praeda umquam improbe parta minuit, sed.', '2024-01-27 16:41:32', '2024-02-04 07:02:19');
INSERT INTO "transactions" ("transaction_id", "user_id", "amount", "currency", "status", "payment_method_id", "remarks", "created_at", "updated_at") VALUES ('e32d9f1a-586d-472a-a7ed-db40fc0a05f0', '94', '429.81', 'USD', 'PENDING', '54', 'Tum iracundiae, contentiones concertationesque in disputando pertinaces indignae philosophia mihi videri solent. Tum Torquatus: Prorsus, inquit, assentior; neque enim tempus est ullum, quo non.', '2024-01-27 16:49:46', '2024-02-03 02:53:58');
INSERT INTO "transactions" ("transaction_id", "user_id", "amount", "currency", "status", "payment_method_id", "remarks", "created_at", "updated_at") VALUES ('4aad9011-2084-49e1-a8dc-09a879e40fe3', '91', '510.11', 'USD', 'SUCCESS', '80', 'Propterea quod ipsa natura incorrupte atque integre iudicante. Itaque negat opus esse ratione neque disputatione, quam ob rem tandem, inquit, non satisfacit? Te enim iudicem aequum puto, modo quae dicat ille bene noris. Nisi mihi Phaedrum, inquam, tu mentitum aut.', '2024-01-27 16:51:17', '2024-02-04 08:25:57');
INSERT INTO "transactions" ("transaction_id", "user_id", "amount", "currency", "status", "payment_method_id", "remarks", "created_at", "updated_at") VALUES ('bf6c0ede-f150-473c-b64d-5df484cb132f', '48', '557.34', 'USD', 'REFUNDED', '95', 'Et dolorem. Ad haec et quae vel aliter pararetur et qua etiam carere possent sine dolore tum in morbos gravis, tum in damna, tum in dedecora incurrunt, saepe etiam legum iudiciorumque poenis obligantur. Qui autem alia malunt scribi a.', '2024-01-27 16:52:53', '2024-01-30 07:34:48');
INSERT INTO "transactions" ("transaction_id", "user_id", "amount", "currency", "status", "payment_method_id", "remarks", "created_at", "updated_at") VALUES ('40e2770e-52a2-4da4-b9a6-39c7b57f139a', '58', '476.88', 'USD', 'SUCCESS', '70', 'Inter mediocrem animadversionem atque admonitionem. Altera occulta quaedam et horrida.', '2024-01-27 17:02:43', '2024-02-05 23:36:35');
INSERT INTO "transactions" ("transaction_id", "user_id", "amount", "currency", "status", "payment_method_id", "remarks", "created_at", "updated_at") VALUES ('8d7fe4e4-c02a-440d-9408-37c0aae64cce', '49', '548.39', 'USD', 'SUCCESS', '80', 'Bonum, affirmatis nullam omnino fore. De qua omne certamen est? Tuo vero id quidem, inquam, arbitratu. Sic faciam igitur, inquit: unam rem explicabo, eamque maximam, de physicis alias, et quidem tibi et declinationem istam atomorum et magnitudinem solis probabo et Democriti errata ab Epicuro scriptum est et ad tranquillitatem ferant, quid est cur verear, ne ad.', '2024-01-27 17:05:34', '2024-02-01 19:30:40');
INSERT INTO "transactions" ("transaction_id", "user_id", "amount", "currency", "status", "payment_method_id", "remarks", "created_at", "updated_at") VALUES ('fd464ee4-eace-44ab-9447-5bf5796624e3', '37', '400.99', 'USD', 'REFUNDED', '14', 'Id reprehendunt, si remissius agatur, sed tantum studium tamque multam.', '2024-01-27 17:10:26', '2024-02-04 15:15:23');
INSERT INTO "transactions" ("transaction_id", "user_id", "amount", "currency", "status", "payment_method_id", "remarks", "created_at", "updated_at") VALUES ('737baa93-e3a2-44b2-8f02-248215163a78', '51', '563.65', 'USD', 'SUCCESS', '40', 'Quae maestitiam pellat ex animis, quae nos exhorrescere metu non sinat. Qua praeceptrice in tranquillitate vivi potest omnium cupiditatum ardore restincto. Cupiditates enim sunt insatiabiles, quae non modo numquam nocet cuiquam, sed contra semper afficit cum vi sua atque.', '2024-01-27 17:13:46', '2024-01-30 23:05:13');
INSERT INTO "transactions" ("transaction_id", "user_id", "amount", "currency", "status", "payment_method_id", "remarks", "created_at", "updated_at") VALUES ('507f2790-afd7-4f04-a7d9-4d1390ab643e', '57', '511.73', 'USD', 'PENDING', '93', 'Esse nec ad commodius disserendum viam. In physicis plurimum posuit. Ea scientia et verborum vis et natura orationis et consequentium repugnantiumve ratio potest perspici. Omnium autem rerum natura duo quaerenda sint, unum, quae materia sit, ex qua quaeque res.', '2024-01-27 17:21:46', '2024-01-28 11:22:40');
INSERT INTO "transactions" ("transaction_id", "user_id", "amount", "currency", "status", "payment_method_id", "remarks", "created_at", "updated_at") VALUES ('2a27cc84-389d-4003-aed6-554c3691a13b', '55', '593.07', 'USD', 'REFUNDED', '41', 'Bonum, affirmatis nullam omnino fore. De qua omne certamen est? Tuo vero id quidem, inquam, arbitratu. Sic faciam igitur, inquit: unam rem explicabo, eamque maximam, de physicis alias, et quidem tibi et.', '2024-01-27 17:25:10', '2024-02-02 11:46:41');
INSERT INTO "transactions" ("transaction_id", "user_id", "amount", "currency", "status", "payment_method_id", "remarks", "created_at", "updated_at") VALUES ('8c3a8854-8e87-4df4-babf-2eaa1ee76d25', '91', '516.22', 'USD', 'SUCCESS', '34', 'Triarius te hortatore facimus, consumeret, in quibus tam multis tamque variis ab ultima antiquitate repetitis tria vix amicorum paria reperiuntur, ut ad Orestem pervenias profectus a Theseo. At vero Epicurus una in domo, et ea quidem.', '2024-01-27 17:32:40', '2024-01-28 19:02:01');
INSERT INTO "transactions" ("transaction_id", "user_id", "amount", "currency", "status", "payment_method_id", "remarks", "created_at", "updated_at") VALUES ('80472e93-5ea8-45ad-91b8-d93f6ee22b47', '35', '398.28', 'USD', 'SUCCESS', '26', 'Iudicant neque corrupte, nonne ei maximam gratiam habere debemus, qui hac exaudita quasi.', '2024-01-27 17:37:15', '2024-01-31 04:32:01');
INSERT INTO "transactions" ("transaction_id", "user_id", "amount", "currency", "status", "payment_method_id", "remarks", "created_at", "updated_at") VALUES ('0dfc5bc6-2e15-44d0-8157-7463523ed3aa', '86', '585.25', 'USD', 'SUCCESS', '36', 'Sapientia est; sive hoc difficile est, tamen nec modus est ullus investigandi veri, nisi inveneris, et quaerendi defatigatio turpis est, cum esset accusata et vituperata ab Hortensio. Qui liber cum et mortem contemnit, qua qui utuntur, benivolentiam sibi conciliant et, quod aptissimum est ad cognitionem omnium, regula, ad quam omnia iudicia rerum.', '2024-01-27 17:40:34', '2024-02-05 13:48:23');
INSERT INTO "transactions" ("transaction_id", "user_id", "amount", "currency", "status", "payment_method_id", "remarks", "created_at", "updated_at") VALUES ('f62c1e5b-31b1-40b9-9884-7d84cdc75c2c', '39', '522.86', 'USD', 'SUCCESS', '99', 'Et refugiendi et omnino rerum gerendarum initia proficiscuntur aut a dolore. Quod cum ita.', '2024-01-27 17:42:44', '2024-02-04 20:56:07');
INSERT INTO "transactions" ("transaction_id", "user_id", "amount", "currency", "status", "payment_method_id", "remarks", "created_at", "updated_at") VALUES ('244cfce6-696c-4b96-9cbe-7b69078be4d0', '86', '459.18', 'USD', 'PENDING', '56', 'Aut molestiam plus aut ad beatam aut ad beatam aut ad naturam aut contra sit, a natura ipsa iudicari. Ea quid percipit aut quid iudicat, quo aut petat aut fugiat aliquid, praeter voluptatem et dolorem? Sunt autem quidam Epicurei timidiores paulo contra vestra convicia, sed tamen satis acuti, qui verentur ne, si.', '2024-01-27 17:49:26', '2024-02-02 06:46:10');
INSERT INTO "transactions" ("transaction_id", "user_id", "amount", "currency", "status", "payment_method_id", "remarks", "created_at", "updated_at") VALUES ('8806ad1a-1036-4cbc-bcb7-f7bd5b7698c7', '4', '443.51', 'USD', 'REFUNDED', '15', 'Credo. -- ''Non est igitur voluptas bonum.'' Hoc ne statuam quidem dicturam pater aiebat.', '2024-01-27 17:57:25', '2024-02-05 16:32:36');
INSERT INTO "transactions" ("transaction_id", "user_id", "amount", "currency", "status", "payment_method_id", "remarks", "created_at", "updated_at") VALUES ('9cf6cf0a-9e8e-4268-870d-62582297f65a', '36', '606.20', 'USD', 'PENDING', '6', 'Quae perspexit in hoc ipso vitae spatio amicitiae praesidium esse firmissimum.'' Sunt autem quidam Epicurei.', '2024-01-27 18:05:56', '2024-01-28 18:48:12');
INSERT INTO "transactions" ("transaction_id", "user_id", "amount", "currency", "status", "payment_method_id", "remarks", "created_at", "updated_at") VALUES ('1a47fb6c-cd19-4e2e-ae82-abb4fcc78bbb', '51', '558.36', 'USD', 'PENDING', '42', 'Quidem, sed ista sequimur, ut sine cura metuque.', '2024-01-27 18:15:27', '2024-02-01 19:34:53');
INSERT INTO "transactions" ("transaction_id", "user_id", "amount", "currency", "status", "payment_method_id", "remarks", "created_at", "updated_at") VALUES ('05b9acf5-62a1-4e67-9c79-373bdc6b49e9', '65', '569.83', 'USD', 'FAILED', '70', 'Ei reliquisti, nisi te, quoquo modo loqueretur, intellegere, quid diceret? Aliena dixit in physicis nec ea ipsa, quae tibi probarentur.', '2024-01-27 18:23:01', '2024-02-06 04:05:17');
INSERT INTO "transactions" ("transaction_id", "user_id", "amount", "currency", "status", "payment_method_id", "remarks", "created_at", "updated_at") VALUES ('fc53f620-9a91-40dc-a01c-aed6cfca85cf', '46', '608.75', 'USD', 'FAILED', '70', 'Gravitate brevis soleat esse, ut eius magnitudinem celeritas, diuturnitatem allevatio consoletur. Ad ea cum.', '2024-01-27 18:30:03', '2024-02-06 16:11:49');
INSERT INTO "transactions" ("transaction_id", "user_id", "amount", "currency", "status", "payment_method_id", "remarks", "created_at", "updated_at") VALUES ('ed98b21f-e344-4c0a-a2f9-e58a383abaae', '31', '477.32', 'USD', 'PENDING', '53', 'Quod quamquam Aristippi est a Chrysippo praetermissum in Stoicis? Legimus tamen Diogenem, Antipatrum, Mnesarchum, Panaetium, multos alios in primisque familiarem nostrum Posidonium.', '2024-01-27 18:35:59', '2024-02-05 05:18:32');
INSERT INTO "transactions" ("transaction_id", "user_id", "amount", "currency", "status", "payment_method_id", "remarks", "created_at", "updated_at") VALUES ('d606d840-b126-4ef4-8f10-b11d14c4244d', '45', '444.12', 'USD', 'FAILED', '20', 'Fatendum est summum esse bonum quicquam nisi nescio quam illam umbram, quod appellant honestum non tam id reprehendunt, si remissius agatur, sed tantum studium tamque multam operam ponendam in eo ipso parum vidit, deinde hoc quoque.', '2024-01-27 18:43:17', '2024-01-29 10:02:07');
INSERT INTO "transactions" ("transaction_id", "user_id", "amount", "currency", "status", "payment_method_id", "remarks", "created_at", "updated_at") VALUES ('a5cb999f-1fb7-4cd8-a344-827c3c722946', '36', '499.41', 'USD', 'REFUNDED', '68', 'Causa; quo nihil turpius physico, quam fieri quicquam sine causa dicere, -- et illum motum naturalem omnium ponderum, ut ipse.', '2024-01-27 18:48:23', '2024-01-29 05:30:53');
INSERT INTO "transactions" ("transaction_id", "user_id", "amount", "currency", "status", "payment_method_id", "remarks", "created_at", "updated_at") VALUES ('0ebffb87-071c-49d7-85d2-d9480555639a', '65', '424.47', 'USD', 'SUCCESS', '84', 'Locum petentium sine causa dicere, -- et illum motum naturalem omnium ponderum, ut ipse constituit, e.', '2024-01-27 18:53:36', '2024-01-28 20:21:07');
INSERT INTO "transactions" ("transaction_id", "user_id", "amount", "currency", "status", "payment_method_id", "remarks", "created_at", "updated_at") VALUES ('468a2ea8-c84b-4425-b863-9c7dcd53cbd2', '20', '375.94', 'USD', 'FAILED', '26', 'Sed multo magis vita et factis et moribus comprobavit. Quod quam magnum sit.', '2024-01-27 18:56:26', '2024-01-30 07:39:29');
INSERT INTO "transactions" ("transaction_id", "user_id", "amount", "currency", "status", "payment_method_id", "remarks", "created_at", "updated_at") VALUES ('fd8b2b27-84f5-46aa-b85d-c060fbae141a', '3', '392.92', 'USD', 'PENDING', '40', 'Disserendi, quae logikh dicitur, iste vester plane, ut mihi quidem videtur, inermis ac nudus est. Tollit definitiones, nihil.', '2024-01-27 19:06:15', '2024-01-29 06:40:36');
INSERT INTO "transactions" ("transaction_id", "user_id", "amount", "currency", "status", "payment_method_id", "remarks", "created_at", "updated_at") VALUES ('ccd381f6-3d51-405f-ad80-6c6419d9c6c6', '9', '537.93', 'USD', 'REFUNDED', '7', 'Vero et Rutilius multo etiam magis, quorum ille iudicium reformidans Tarentinis.', '2024-01-27 19:14:28', '2024-02-03 03:39:22');

INSERT INTO "users" ("user_id", "first_name", "last_name", "email", "phone", "created_at", "updated_at") VALUES ('1', 'Shelly', 'Ullett', 'shelly.ullett@neuf.fr', '(773) 694-8628', '2024-01-27 09:58:57', '2024-01-27 13:04:33');
INSERT INTO "users" ("user_id", "first_name", "last_name", "email", "phone", "created_at", "updated_at") VALUES ('2', 'Candace', 'La Torre', 'candace.latorre@hotmail.com', '(203) 135-1173', '2024-01-27 10:00:13', '2024-01-28 17:48:13');
INSERT INTO "users" ("user_id", "first_name", "last_name", "email", "phone", "created_at", "updated_at") VALUES ('3', 'Giffy', 'Dyshart', 'giffy.dyshart@sky.com', '(682) 631-3136', '2024-01-27 10:06:20', '2024-01-31 14:11:26');
INSERT INTO "users" ("user_id", "first_name", "last_name", "email", "phone", "created_at", "updated_at") VALUES ('4', 'Tobey', 'Guice', 'tobey.guice@yahoo.com', '(440) 324-9243', '2024-01-27 10:09:31', '2024-01-31 09:41:10');
INSERT INTO "users" ("user_id", "first_name", "last_name", "email", "phone", "created_at", "updated_at") VALUES ('5', 'Merwin', 'Freda', 'merwin.freda@yahoo.com.br', '(512) 973-0591', '2024-01-27 10:11:45', '2024-01-28 03:17:30');
INSERT INTO "users" ("user_id", "first_name", "last_name", "email", "phone", "created_at", "updated_at") VALUES ('6', 'Tobit', 'Grzeszczak', 'tobit.grzeszczak@hotmail.com', '(915) 064-4671', '2024-01-27 10:15:57', '2024-02-06 01:56:18');
INSERT INTO "users" ("user_id", "first_name", "last_name", "email", "phone", "created_at", "updated_at") VALUES ('7', 'Marie', 'Mobius', 'marie.mobius@voila.fr', '(609) 937-9051', '2024-01-27 10:20:48', '2024-01-31 19:10:05');
INSERT INTO "users" ("user_id", "first_name", "last_name", "email", "phone", "created_at", "updated_at") VALUES ('8', 'Flora', 'Edmed', 'flora.edmed@yahoo.com', '(404) 422-5219', '2024-01-27 10:26:48', '2024-02-05 10:13:15');
INSERT INTO "users" ("user_id", "first_name", "last_name", "email", "phone", "created_at", "updated_at") VALUES ('9', 'Monty', 'Witcombe', 'monty.witcombe@yahoo.com', '(530) 630-2092', '2024-01-27 10:28:05', '2024-02-01 14:24:24');
INSERT INTO "users" ("user_id", "first_name", "last_name", "email", "phone", "created_at", "updated_at") VALUES ('10', 'Veronike', 'Goghin', 'veronike.goghin@hotmail.com', '(415) 797-7168', '2024-01-27 10:36:50', '2024-02-01 15:49:54');
INSERT INTO "users" ("user_id", "first_name", "last_name", "email", "phone", "created_at", "updated_at") VALUES ('11', 'Skipp', 'Dimock', 'skipp.dimock@aol.com', '(786) 941-7029', '2024-01-27 10:38:11', '2024-01-27 14:26:38');
INSERT INTO "users" ("user_id", "first_name", "last_name", "email", "phone", "created_at", "updated_at") VALUES ('12', 'Edmon', 'Brunstan', 'edmon.brunstan@gmail.com', '(256) 807-0198', '2024-01-27 10:42:14', '2024-01-29 04:30:22');
INSERT INTO "users" ("user_id", "first_name", "last_name", "email", "phone", "created_at", "updated_at") VALUES ('13', 'Lemuel', 'Ferrey', 'lemuel.ferrey@yahoo.fr', '(718) 843-9462', '2024-01-27 10:43:38', '2024-02-06 05:50:13');
INSERT INTO "users" ("user_id", "first_name", "last_name", "email", "phone", "created_at", "updated_at") VALUES ('14', 'Helen-elizabeth', 'Dogg', 'helenelizabeth.dogg@wanadoo.fr', '(404) 943-7354', '2024-01-27 10:52:56', '2024-01-28 10:33:15');
INSERT INTO "users" ("user_id", "first_name", "last_name", "email", "phone", "created_at", "updated_at") VALUES ('15', 'Briant', 'Itzakson', 'briant.itzakson@voila.fr', '(212) 746-7228', '2024-01-27 10:57:52', '2024-01-27 15:24:58');
INSERT INTO "users" ("user_id", "first_name", "last_name", "email", "phone", "created_at", "updated_at") VALUES ('16', 'Kylynn', 'Kira', 'kylynn.kira@yahoo.fr', '(319) 145-6031', '2024-01-27 11:02:53', '2024-02-03 02:10:38');
INSERT INTO "users" ("user_id", "first_name", "last_name", "email", "phone", "created_at", "updated_at") VALUES ('17', 'Lind', 'O''Heagertie', 'lind.oheagertie@gmail.com', '(813) 267-4539', '2024-01-27 11:04:49', '2024-01-30 16:52:23');
INSERT INTO "users" ("user_id", "first_name", "last_name", "email", "phone", "created_at", "updated_at") VALUES ('18', 'Nada', 'Dell ''Orto', 'nada.dellorto@hotmail.com', '(208) 484-2636', '2024-01-27 11:07:20', '2024-02-01 21:19:21');
INSERT INTO "users" ("user_id", "first_name", "last_name", "email", "phone", "created_at", "updated_at") VALUES ('19', 'Vevay', 'Beak', 'vevay.beak@yahoo.com', '(205) 779-2614', '2024-01-27 11:09:47', '2024-02-04 08:31:55');
INSERT INTO "users" ("user_id", "first_name", "last_name", "email", "phone", "created_at", "updated_at") VALUES ('20', 'Terrill', 'Ardron', 'terrill.ardron@gmail.com', '(703) 844-5388', '2024-01-27 11:19:41', '2024-01-31 01:25:41');
INSERT INTO "users" ("user_id", "first_name", "last_name", "email", "phone", "created_at", "updated_at") VALUES ('21', 'Art', 'Ravenhills', 'art.ravenhills@gmail.com', '(713) 548-9246', '2024-01-27 11:21:22', '2024-02-02 23:12:02');
INSERT INTO "users" ("user_id", "first_name", "last_name", "email", "phone", "created_at", "updated_at") VALUES ('22', 'Nelie', 'Roch', 'nelie.roch@hotmail.com', '(212) 572-0157', '2024-01-27 11:26:19', '2024-02-05 01:56:27');
INSERT INTO "users" ("user_id", "first_name", "last_name", "email", "phone", "created_at", "updated_at") VALUES ('23', 'Robers', 'Smouten', 'robers.smouten@hotmail.com', '(661) 320-0307', '2024-01-27 11:29:46', '2024-01-30 11:08:11');
INSERT INTO "users" ("user_id", "first_name", "last_name", "email", "phone", "created_at", "updated_at") VALUES ('24', 'Wainwright', 'Polleye', 'wainwright.polleye@hotmail.com', '(253) 064-1493', '2024-01-27 11:34:58', '2024-01-28 22:36:26');
INSERT INTO "users" ("user_id", "first_name", "last_name", "email", "phone", "created_at", "updated_at") VALUES ('25', 'Cull', 'Reeveley', 'cull.reeveley@hotmail.fr', '(512) 917-7357', '2024-01-27 11:40:33', '2024-01-29 16:45:38');
INSERT INTO "users" ("user_id", "first_name", "last_name", "email", "phone", "created_at", "updated_at") VALUES ('26', 'Merilyn', 'Greystock', 'merilyn.greystock@wanadoo.fr', '(317) 109-8851', '2024-01-27 11:47:48', '2024-01-31 01:29:06');
INSERT INTO "users" ("user_id", "first_name", "last_name", "email", "phone", "created_at", "updated_at") VALUES ('27', 'Alwyn', 'Spalding', 'alwyn.spalding@hotmail.com', '(508) 144-3572', '2024-01-27 11:57:11', '2024-02-02 08:54:54');
INSERT INTO "users" ("user_id", "first_name", "last_name", "email", "phone", "created_at", "updated_at") VALUES ('28', 'Othilia', 'MacAskie', 'othilia.macaskie@gmail.com', '(209) 556-1790', '2024-01-27 12:04:29', '2024-02-05 19:30:11');
INSERT INTO "users" ("user_id", "first_name", "last_name", "email", "phone", "created_at", "updated_at") VALUES ('29', 'Karoly', 'Brandsma', 'karoly.brandsma@rambler.ru', '(865) 474-7061', '2024-01-27 12:07:19', '2024-01-31 00:30:58');
INSERT INTO "users" ("user_id", "first_name", "last_name", "email", "phone", "created_at", "updated_at") VALUES ('30', 'Viole', 'Gallaway', 'viole.gallaway@gmail.com', '(713) 919-0346', '2024-01-27 12:16:49', '2024-01-27 12:17:09');
INSERT INTO "users" ("user_id", "first_name", "last_name", "email", "phone", "created_at", "updated_at") VALUES ('31', 'Kassandra', 'Hardwicke', 'kassandra.hardwicke@yahoo.com', '(415) 224-8956', '2024-01-27 12:23:16', '2024-02-04 21:45:33');
INSERT INTO "users" ("user_id", "first_name", "last_name", "email", "phone", "created_at", "updated_at") VALUES ('32', 'Libbie', 'Alyoshin', 'libbie.alyoshin@aol.com', '(830) 859-0330', '2024-01-27 12:30:51', '2024-02-01 18:28:34');
INSERT INTO "users" ("user_id", "first_name", "last_name", "email", "phone", "created_at", "updated_at") VALUES ('33', 'Evelina', 'Stocken', 'evelina.stocken@live.co.uk', '(407) 488-7946', '2024-01-27 12:33:23', '2024-02-06 11:12:57');
INSERT INTO "users" ("user_id", "first_name", "last_name", "email", "phone", "created_at", "updated_at") VALUES ('34', 'Jesus', 'Portail', 'jesus.portail@hotmail.com', '(651) 292-3481', '2024-01-27 12:36:43', '2024-02-05 02:45:58');
INSERT INTO "users" ("user_id", "first_name", "last_name", "email", "phone", "created_at", "updated_at") VALUES ('35', 'Caspar', 'Lacelett', 'caspar.lacelett@yahoo.com', '(608) 535-6367', '2024-01-27 12:45:42', '2024-02-03 02:07:27');
INSERT INTO "users" ("user_id", "first_name", "last_name", "email", "phone", "created_at", "updated_at") VALUES ('36', 'Ernie', 'Woodcroft', 'ernie.woodcroft@msn.com', '(410) 555-5661', '2024-01-27 12:46:57', '2024-02-02 11:12:09');
INSERT INTO "users" ("user_id", "first_name", "last_name", "email", "phone", "created_at", "updated_at") VALUES ('37', 'Wald', 'Muriel', 'wald.muriel@yahoo.com', '(609) 694-5940', '2024-01-27 12:52:38', '2024-01-31 22:34:55');
INSERT INTO "users" ("user_id", "first_name", "last_name", "email", "phone", "created_at", "updated_at") VALUES ('38', 'Gwenneth', 'Fishenden', 'gwenneth.fishenden@yahoo.com', '(202) 571-0454', '2024-01-27 12:57:34', '2024-01-28 22:13:14');
INSERT INTO "users" ("user_id", "first_name", "last_name", "email", "phone", "created_at", "updated_at") VALUES ('39', 'Cara', 'Potes', 'cara.potes@live.com', '(718) 067-0263', '2024-01-27 13:02:17', '2024-01-31 10:24:54');
INSERT INTO "users" ("user_id", "first_name", "last_name", "email", "phone", "created_at", "updated_at") VALUES ('40', 'Winny', 'Rivel', 'winny.rivel@hotmail.com', '(304) 227-0078', '2024-01-27 13:08:13', '2024-02-01 15:47:54');
INSERT INTO "users" ("user_id", "first_name", "last_name", "email", "phone", "created_at", "updated_at") VALUES ('41', 'Lissy', 'Creaney', 'lissy.creaney@sbcglobal.net', '(212) 283-9833', '2024-01-27 13:09:59', '2024-02-05 03:01:58');
INSERT INTO "users" ("user_id", "first_name", "last_name", "email", "phone", "created_at", "updated_at") VALUES ('42', 'Kerstin', 'Bernadon', 'kerstin.bernadon@tiscali.it', '(617) 305-1799', '2024-01-27 13:19:44', '2024-01-30 22:25:14');
INSERT INTO "users" ("user_id", "first_name", "last_name", "email", "phone", "created_at", "updated_at") VALUES ('43', 'Sammy', 'Coakley', 'sammy.coakley@hotmail.com', '(405) 345-7379', '2024-01-27 13:28:05', '2024-02-05 23:27:34');
INSERT INTO "users" ("user_id", "first_name", "last_name", "email", "phone", "created_at", "updated_at") VALUES ('44', 'Marve', 'Nussgen', 'marve.nussgen@live.com', '(901) 462-7350', '2024-01-27 13:32:41', '2024-02-04 19:42:13');
INSERT INTO "users" ("user_id", "first_name", "last_name", "email", "phone", "created_at", "updated_at") VALUES ('45', 'Mercie', 'Lackey', 'mercie.lackey@facebook.com', '(940) 101-1395', '2024-01-27 13:40:59', '2024-01-28 22:11:40');
INSERT INTO "users" ("user_id", "first_name", "last_name", "email", "phone", "created_at", "updated_at") VALUES ('46', 'Kissiah', 'Tombleson', 'kissiah.tombleson@hotmail.com', '(210) 133-1763', '2024-01-27 13:48:11', '2024-01-29 00:32:36');
INSERT INTO "users" ("user_id", "first_name", "last_name", "email", "phone", "created_at", "updated_at") VALUES ('47', 'Ealasaid', 'Basso', 'ealasaid.basso@yahoo.com', '(937) 845-2891', '2024-01-27 13:55:49', '2024-02-01 18:54:45');
INSERT INTO "users" ("user_id", "first_name", "last_name", "email", "phone", "created_at", "updated_at") VALUES ('48', 'Pascale', 'Lyttle', 'pascale.lyttle@yahoo.com', '(804) 497-7133', '2024-01-27 14:04:52', '2024-01-29 21:25:49');
INSERT INTO "users" ("user_id", "first_name", "last_name", "email", "phone", "created_at", "updated_at") VALUES ('49', 'Teodoor', 'Yeabsley', 'teodoor.yeabsley@yahoo.com', '(517) 612-8464', '2024-01-27 14:10:38', '2024-02-05 03:12:15');
INSERT INTO "users" ("user_id", "first_name", "last_name", "email", "phone", "created_at", "updated_at") VALUES ('50', 'Priscella', 'De Wolfe', 'priscella.dewolfe@yahoo.com', '(334) 844-0423', '2024-01-27 14:11:39', '2024-01-31 08:26:20');
INSERT INTO "users" ("user_id", "first_name", "last_name", "email", "phone", "created_at", "updated_at") VALUES ('51', 'Beatrisa', 'Romain', 'beatrisa.romain@yahoo.com', '(334) 439-5429', '2024-01-27 14:20:31', '2024-02-05 11:57:15');
INSERT INTO "users" ("user_id", "first_name", "last_name", "email", "phone", "created_at", "updated_at") VALUES ('52', 'Sal', 'Purves', 'sal.purves@hotmail.com', '(806) 245-5980', '2024-01-27 14:23:56', '2024-02-04 06:12:39');
INSERT INTO "users" ("user_id", "first_name", "last_name", "email", "phone", "created_at", "updated_at") VALUES ('53', 'Danni', 'Trebbett', 'danni.trebbett@gmail.com', '(530) 002-2974', '2024-01-27 14:27:33', '2024-02-02 15:19:44');
INSERT INTO "users" ("user_id", "first_name", "last_name", "email", "phone", "created_at", "updated_at") VALUES ('54', 'Ches', 'Scay', 'ches.scay@bigpond.com', '(909) 860-4533', '2024-01-27 14:28:35', '2024-02-04 09:39:24');
INSERT INTO "users" ("user_id", "first_name", "last_name", "email", "phone", "created_at", "updated_at") VALUES ('55', 'Gypsy', 'Haddleton', 'gypsy.haddleton@hotmail.com', '(323) 261-7096', '2024-01-27 14:36:19', '2024-01-30 13:58:24');
INSERT INTO "users" ("user_id", "first_name", "last_name", "email", "phone", "created_at", "updated_at") VALUES ('56', 'Toddie', 'Spieck', 'toddie.spieck@hotmail.com', '(804) 349-7087', '2024-01-27 14:44:57', '2024-01-31 00:21:00');
INSERT INTO "users" ("user_id", "first_name", "last_name", "email", "phone", "created_at", "updated_at") VALUES ('57', 'Iver', 'Shovlar', 'iver.shovlar@yahoo.com', '(915) 614-5135', '2024-01-27 14:54:38', '2024-01-30 01:45:51');
INSERT INTO "users" ("user_id", "first_name", "last_name", "email", "phone", "created_at", "updated_at") VALUES ('58', 'Aliza', 'McAline', 'aliza.mcaline@hotmail.co.uk', '(559) 948-2578', '2024-01-27 14:56:58', '2024-02-03 14:29:11');
INSERT INTO "users" ("user_id", "first_name", "last_name", "email", "phone", "created_at", "updated_at") VALUES ('59', 'Thomasa', 'Fermoy', 'thomasa.fermoy@msn.com', '(512) 513-0935', '2024-01-27 15:06:45', '2024-02-03 20:05:44');
INSERT INTO "users" ("user_id", "first_name", "last_name", "email", "phone", "created_at", "updated_at") VALUES ('60', 'Tatum', 'Thatcham', 'tatum.thatcham@gmail.com', '(971) 949-6357', '2024-01-27 15:16:12', '2024-01-31 12:24:24');
INSERT INTO "users" ("user_id", "first_name", "last_name", "email", "phone", "created_at", "updated_at") VALUES ('61', 'Devland', 'Greguol', 'devland.greguol@hotmail.co.uk', '(804) 685-6798', '2024-01-27 15:21:11', '2024-02-02 03:23:54');
INSERT INTO "users" ("user_id", "first_name", "last_name", "email", "phone", "created_at", "updated_at") VALUES ('62', 'Matilda', 'Swannie', 'matilda.swannie@aol.com', '(520) 191-3771', '2024-01-27 15:22:13', '2024-01-30 00:11:13');
INSERT INTO "users" ("user_id", "first_name", "last_name", "email", "phone", "created_at", "updated_at") VALUES ('63', 'Shandee', 'Kelshaw', 'shandee.kelshaw@yahoo.fr', '(434) 218-4069', '2024-01-27 15:23:27', '2024-02-03 04:45:46');
INSERT INTO "users" ("user_id", "first_name", "last_name", "email", "phone", "created_at", "updated_at") VALUES ('64', 'Savina', 'Shingles', 'savina.shingles@hotmail.com', '(405) 470-0987', '2024-01-27 15:30:03', '2024-02-03 05:20:44');
INSERT INTO "users" ("user_id", "first_name", "last_name", "email", "phone", "created_at", "updated_at") VALUES ('65', 'Edna', 'Towson', 'edna.towson@yahoo.com', '(267) 266-2740', '2024-01-27 15:38:05', '2024-01-31 21:49:53');
INSERT INTO "users" ("user_id", "first_name", "last_name", "email", "phone", "created_at", "updated_at") VALUES ('66', 'Ripley', 'Loxston', 'ripley.loxston@gmail.com', '(512) 941-4853', '2024-01-27 15:45:44', '2024-02-02 03:39:20');
INSERT INTO "users" ("user_id", "first_name", "last_name", "email", "phone", "created_at", "updated_at") VALUES ('67', 'Joanie', 'Bewick', 'joanie.bewick@yahoo.com', '(808) 332-6630', '2024-01-27 15:52:59', '2024-02-05 22:16:49');
INSERT INTO "users" ("user_id", "first_name", "last_name", "email", "phone", "created_at", "updated_at") VALUES ('68', 'Murdock', 'Foad', 'murdock.foad@hotmail.fr', '(505) 202-9888', '2024-01-27 15:57:15', '2024-02-02 19:14:30');
INSERT INTO "users" ("user_id", "first_name", "last_name", "email", "phone", "created_at", "updated_at") VALUES ('69', 'Kellina', 'O'' Hanvey', 'kellina.ohanvey@yahoo.com.br', '(408) 881-0337', '2024-01-27 16:06:27', '2024-01-31 19:23:09');
INSERT INTO "users" ("user_id", "first_name", "last_name", "email", "phone", "created_at", "updated_at") VALUES ('70', 'Blake', 'Guild', 'blake.guild@gmail.com', '(504) 461-8154', '2024-01-27 16:07:46', '2024-02-05 05:08:45');
INSERT INTO "users" ("user_id", "first_name", "last_name", "email", "phone", "created_at", "updated_at") VALUES ('71', 'Jocelyne', 'Cheal', 'jocelyne.cheal@yahoo.com', '(318) 833-9304', '2024-01-27 16:11:21', '2024-01-30 22:31:25');
INSERT INTO "users" ("user_id", "first_name", "last_name", "email", "phone", "created_at", "updated_at") VALUES ('72', 'Merle', 'Hacaud', 'merle.hacaud@msn.com', '(504) 543-6131', '2024-01-27 16:17:28', '2024-02-03 14:32:43');
INSERT INTO "users" ("user_id", "first_name", "last_name", "email", "phone", "created_at", "updated_at") VALUES ('73', 'Gwyneth', 'Weich', 'gwyneth.weich@hotmail.co.uk', '(786) 556-7328', '2024-01-27 16:21:44', '2024-02-03 07:03:17');
INSERT INTO "users" ("user_id", "first_name", "last_name", "email", "phone", "created_at", "updated_at") VALUES ('74', 'Kristy', 'Wapplington', 'kristy.wapplington@yahoo.com', '(916) 932-8524', '2024-01-27 16:31:32', '2024-02-03 14:49:45');
INSERT INTO "users" ("user_id", "first_name", "last_name", "email", "phone", "created_at", "updated_at") VALUES ('75', 'Sigismond', 'Brayshaw', 'sigismond.brayshaw@hotmail.com', '(614) 472-3058', '2024-01-27 16:39:43', '2024-02-02 13:56:37');
INSERT INTO "users" ("user_id", "first_name", "last_name", "email", "phone", "created_at", "updated_at") VALUES ('76', 'Milo', 'Shadrach', 'milo.shadrach@hotmail.com', '(714) 359-5743', '2024-01-27 16:43:42', '2024-02-03 21:19:24');
INSERT INTO "users" ("user_id", "first_name", "last_name", "email", "phone", "created_at", "updated_at") VALUES ('77', 'Denis', 'Trustie', 'denis.trustie@gmail.com', '(863) 978-7698', '2024-01-27 16:52:42', '2024-01-29 17:21:40');
INSERT INTO "users" ("user_id", "first_name", "last_name", "email", "phone", "created_at", "updated_at") VALUES ('78', 'Gina', 'Trewin', 'gina.trewin@sbcglobal.net', '(410) 633-5325', '2024-01-27 16:58:38', '2024-01-28 13:00:31');
INSERT INTO "users" ("user_id", "first_name", "last_name", "email", "phone", "created_at", "updated_at") VALUES ('79', 'Dyann', 'Jinkin', 'dyann.jinkin@sbcglobal.net', '(915) 616-9031', '2024-01-27 17:04:23', '2024-01-29 23:47:06');
INSERT INTO "users" ("user_id", "first_name", "last_name", "email", "phone", "created_at", "updated_at") VALUES ('80', 'Dino', 'Huckel', 'dino.huckel@aol.com', '(843) 537-4556', '2024-01-27 17:14:03', '2024-02-06 03:45:23');
INSERT INTO "users" ("user_id", "first_name", "last_name", "email", "phone", "created_at", "updated_at") VALUES ('81', 'Mellicent', 'Osmond', 'mellicent.osmond@yahoo.com', '(510) 762-0855', '2024-01-27 17:15:08', '2024-01-30 04:02:17');
INSERT INTO "users" ("user_id", "first_name", "last_name", "email", "phone", "created_at", "updated_at") VALUES ('82', 'Lee', 'Gaize', 'lee.gaize@live.co.uk', '(864) 738-7857', '2024-01-27 17:19:09', '2024-01-30 23:28:45');
INSERT INTO "users" ("user_id", "first_name", "last_name", "email", "phone", "created_at", "updated_at") VALUES ('83', 'Olvan', 'Cranny', 'olvan.cranny@yahoo.com', '(801) 178-9814', '2024-01-27 17:26:24', '2024-01-28 18:08:52');
INSERT INTO "users" ("user_id", "first_name", "last_name", "email", "phone", "created_at", "updated_at") VALUES ('84', 'Jordanna', 'Perri', 'jordanna.perri@verizon.net', '(850) 615-4818', '2024-01-27 17:28:47', '2024-02-01 12:28:12');
INSERT INTO "users" ("user_id", "first_name", "last_name", "email", "phone", "created_at", "updated_at") VALUES ('85', 'Tailor', 'Elia', 'tailor.elia@yahoo.com', '(217) 546-5798', '2024-01-27 17:33:00', '2024-02-03 19:53:57');
INSERT INTO "users" ("user_id", "first_name", "last_name", "email", "phone", "created_at", "updated_at") VALUES ('86', 'Belicia', 'Puckham', 'belicia.puckham@yahoo.de', '(570) 425-0014', '2024-01-27 17:37:16', '2024-01-28 04:50:17');
INSERT INTO "users" ("user_id", "first_name", "last_name", "email", "phone", "created_at", "updated_at") VALUES ('87', 'Bronnie', 'Bartholat', 'bronnie.bartholat@gmail.com', '(225) 969-0218', '2024-01-27 17:38:31', '2024-01-29 16:14:52');
INSERT INTO "users" ("user_id", "first_name", "last_name", "email", "phone", "created_at", "updated_at") VALUES ('88', 'Jason', 'Corro', 'jason.corro@gmail.com', '(915) 133-6747', '2024-01-27 17:42:36', '2024-01-30 14:16:49');
INSERT INTO "users" ("user_id", "first_name", "last_name", "email", "phone", "created_at", "updated_at") VALUES ('89', 'Riki', 'Abercrombie', 'riki.abercrombie@yahoo.com', '(619) 313-1465', '2024-01-27 17:46:28', '2024-02-03 00:05:17');
INSERT INTO "users" ("user_id", "first_name", "last_name", "email", "phone", "created_at", "updated_at") VALUES ('90', 'Chery', 'Peters', 'chery.peters@hotmail.com', '(651) 946-9230', '2024-01-27 17:50:30', '2024-02-04 02:15:21');
INSERT INTO "users" ("user_id", "first_name", "last_name", "email", "phone", "created_at", "updated_at") VALUES ('91', 'Rivalee', 'Dyhouse', 'rivalee.dyhouse@yahoo.fr', '(202) 924-8857', '2024-01-27 17:57:00', '2024-02-02 15:32:59');
INSERT INTO "users" ("user_id", "first_name", "last_name", "email", "phone", "created_at", "updated_at") VALUES ('92', 'Cacilia', 'O'' Concannon', 'cacilia.oconcannon@yahoo.co.uk', '(202) 095-4586', '2024-01-27 18:04:15', '2024-02-01 20:18:16');
INSERT INTO "users" ("user_id", "first_name", "last_name", "email", "phone", "created_at", "updated_at") VALUES ('93', 'Lemmy', 'Starmont', 'lemmy.starmont@yahoo.com', '(228) 108-4170', '2024-01-27 18:12:35', '2024-01-29 10:22:31');
INSERT INTO "users" ("user_id", "first_name", "last_name", "email", "phone", "created_at", "updated_at") VALUES ('94', 'Dory', 'Rapson', 'dory.rapson@gmail.com', '(423) 278-0722', '2024-01-27 18:16:11', '2024-01-28 16:31:44');
INSERT INTO "users" ("user_id", "first_name", "last_name", "email", "phone", "created_at", "updated_at") VALUES ('95', 'Rosene', 'Glossop', 'rosene.glossop@gmail.com', '(305) 549-1646', '2024-01-27 18:17:43', '2024-01-27 20:03:47');
INSERT INTO "users" ("user_id", "first_name", "last_name", "email", "phone", "created_at", "updated_at") VALUES ('96', 'Sander', 'Moorhead', 'sander.moorhead@msn.com', '(251) 242-6113', '2024-01-27 18:21:58', '2024-01-31 20:49:36');
INSERT INTO "users" ("user_id", "first_name", "last_name", "email", "phone", "created_at", "updated_at") VALUES ('97', 'Shep', 'Viant', 'shep.viant@gmail.com', '(919) 104-5980', '2024-01-27 18:31:39', '2024-02-06 05:38:41');
INSERT INTO "users" ("user_id", "first_name", "last_name", "email", "phone", "created_at", "updated_at") VALUES ('98', 'Bart', 'Ebenezer', 'bart.ebenezer@gmail.com', '(202) 249-6928', '2024-01-27 18:34:41', '2024-02-01 11:46:43');
INSERT INTO "users" ("user_id", "first_name", "last_name", "email", "phone", "created_at", "updated_at") VALUES ('99', 'Shoshana', 'Cluet', 'shoshana.cluet@mail.ru', '(734) 741-1464', '2024-01-27 18:42:27', '2024-01-29 18:50:45');
INSERT INTO "users" ("user_id", "first_name", "last_name", "email", "phone", "created_at", "updated_at") VALUES ('100', 'Cullan', 'Nattriss', 'cullan.nattriss@hotmail.com', '(404) 197-5427', '2024-01-27 18:50:00', '2024-02-02 17:01:07');

INSERT INTO "wallets" ("wallet_id", "user_id", "balance", "created_at", "updated_at") VALUES ('1', '12', '5505.86', '2024-01-27 09:58:57', '2024-02-01 06:01:30');
INSERT INTO "wallets" ("wallet_id", "user_id", "balance", "created_at", "updated_at") VALUES ('2', '62', '4020.83', '2024-01-27 10:05:22', '2024-01-30 12:38:01');
INSERT INTO "wallets" ("wallet_id", "user_id", "balance", "created_at", "updated_at") VALUES ('3', '9', '5036.36', '2024-01-27 10:07:22', '2024-02-03 01:14:38');
INSERT INTO "wallets" ("wallet_id", "user_id", "balance", "created_at", "updated_at") VALUES ('4', '91', '5999.52', '2024-01-27 10:12:23', '2024-01-30 12:31:20');
INSERT INTO "wallets" ("wallet_id", "user_id", "balance", "created_at", "updated_at") VALUES ('5', '6', '4752.93', '2024-01-27 10:20:44', '2024-01-30 08:23:19');
INSERT INTO "wallets" ("wallet_id", "user_id", "balance", "created_at", "updated_at") VALUES ('6', '12', '4920.79', '2024-01-27 10:21:48', '2024-02-05 21:52:14');
INSERT INTO "wallets" ("wallet_id", "user_id", "balance", "created_at", "updated_at") VALUES ('7', '28', '4097.46', '2024-01-27 10:27:26', '2024-02-06 10:01:28');
INSERT INTO "wallets" ("wallet_id", "user_id", "balance", "created_at", "updated_at") VALUES ('8', '73', '5115.17', '2024-01-27 10:35:50', '2024-02-01 07:40:56');
INSERT INTO "wallets" ("wallet_id", "user_id", "balance", "created_at", "updated_at") VALUES ('9', '62', '5846.08', '2024-01-27 10:42:19', '2024-01-31 19:06:56');
INSERT INTO "wallets" ("wallet_id", "user_id", "balance", "created_at", "updated_at") VALUES ('10', '8', '5944.45', '2024-01-27 10:51:24', '2024-02-02 20:51:25');
INSERT INTO "wallets" ("wallet_id", "user_id", "balance", "created_at", "updated_at") VALUES ('11', '54', '3942.93', '2024-01-27 10:59:30', '2024-01-27 18:42:43');
INSERT INTO "wallets" ("wallet_id", "user_id", "balance", "created_at", "updated_at") VALUES ('12', '43', '5953.68', '2024-01-27 11:09:23', '2024-02-04 20:15:11');
INSERT INTO "wallets" ("wallet_id", "user_id", "balance", "created_at", "updated_at") VALUES ('13', '59', '4476.31', '2024-01-27 11:17:48', '2024-02-02 18:56:47');
INSERT INTO "wallets" ("wallet_id", "user_id", "balance", "created_at", "updated_at") VALUES ('14', '61', '3984.44', '2024-01-27 11:23:43', '2024-02-04 23:27:46');
INSERT INTO "wallets" ("wallet_id", "user_id", "balance", "created_at", "updated_at") VALUES ('15', '50', '5179.42', '2024-01-27 11:30:37', '2024-01-30 13:08:09');
INSERT INTO "wallets" ("wallet_id", "user_id", "balance", "created_at", "updated_at") VALUES ('16', '85', '4089.34', '2024-01-27 11:40:04', '2024-02-03 13:05:44');
INSERT INTO "wallets" ("wallet_id", "user_id", "balance", "created_at", "updated_at") VALUES ('17', '60', '4137.99', '2024-01-27 11:43:42', '2024-02-04 21:13:00');
INSERT INTO "wallets" ("wallet_id", "user_id", "balance", "created_at", "updated_at") VALUES ('18', '60', '4530.07', '2024-01-27 11:48:32', '2024-02-06 03:20:27');
INSERT INTO "wallets" ("wallet_id", "user_id", "balance", "created_at", "updated_at") VALUES ('19', '11', '4550.79', '2024-01-27 11:58:07', '2024-01-30 13:46:11');
INSERT INTO "wallets" ("wallet_id", "user_id", "balance", "created_at", "updated_at") VALUES ('20', '53', '3750.92', '2024-01-27 12:02:02', '2024-02-01 15:29:05');
INSERT INTO "wallets" ("wallet_id", "user_id", "balance", "created_at", "updated_at") VALUES ('21', '5', '4205.72', '2024-01-27 12:08:10', '2024-01-28 13:48:39');
INSERT INTO "wallets" ("wallet_id", "user_id", "balance", "created_at", "updated_at") VALUES ('22', '10', '5741.18', '2024-01-27 12:14:35', '2024-02-05 00:53:47');
INSERT INTO "wallets" ("wallet_id", "user_id", "balance", "created_at", "updated_at") VALUES ('23', '28', '4663.50', '2024-01-27 12:19:40', '2024-02-06 11:56:03');
INSERT INTO "wallets" ("wallet_id", "user_id", "balance", "created_at", "updated_at") VALUES ('24', '10', '5700.20', '2024-01-27 12:25:58', '2024-02-02 20:21:09');
INSERT INTO "wallets" ("wallet_id", "user_id", "balance", "created_at", "updated_at") VALUES ('25', '23', '5182.36', '2024-01-27 12:34:37', '2024-02-04 11:36:52');
INSERT INTO "wallets" ("wallet_id", "user_id", "balance", "created_at", "updated_at") VALUES ('26', '47', '6166.49', '2024-01-27 12:39:46', '2024-02-02 14:19:24');
INSERT INTO "wallets" ("wallet_id", "user_id", "balance", "created_at", "updated_at") VALUES ('27', '32', '5773.77', '2024-01-27 12:46:48', '2024-01-31 02:07:51');
INSERT INTO "wallets" ("wallet_id", "user_id", "balance", "created_at", "updated_at") VALUES ('28', '67', '4009.42', '2024-01-27 12:51:18', '2024-01-28 07:37:18');
INSERT INTO "wallets" ("wallet_id", "user_id", "balance", "created_at", "updated_at") VALUES ('29', '15', '6054.90', '2024-01-27 12:58:13', '2024-01-28 15:46:37');
INSERT INTO "wallets" ("wallet_id", "user_id", "balance", "created_at", "updated_at") VALUES ('30', '74', '5468.44', '2024-01-27 13:04:35', '2024-02-02 07:43:22');
INSERT INTO "wallets" ("wallet_id", "user_id", "balance", "created_at", "updated_at") VALUES ('31', '80', '5734.55', '2024-01-27 13:10:26', '2024-02-04 02:29:22');
INSERT INTO "wallets" ("wallet_id", "user_id", "balance", "created_at", "updated_at") VALUES ('32', '51', '3838.54', '2024-01-27 13:15:27', '2024-01-29 07:34:15');
INSERT INTO "wallets" ("wallet_id", "user_id", "balance", "created_at", "updated_at") VALUES ('33', '8', '4970.00', '2024-01-27 13:21:58', '2024-02-04 01:53:49');
INSERT INTO "wallets" ("wallet_id", "user_id", "balance", "created_at", "updated_at") VALUES ('34', '85', '4593.36', '2024-01-27 13:31:16', '2024-02-05 22:07:45');
INSERT INTO "wallets" ("wallet_id", "user_id", "balance", "created_at", "updated_at") VALUES ('35', '49', '4801.40', '2024-01-27 13:41:02', '2024-01-29 08:21:47');
INSERT INTO "wallets" ("wallet_id", "user_id", "balance", "created_at", "updated_at") VALUES ('36', '64', '5775.02', '2024-01-27 13:45:42', '2024-02-02 18:13:25');
INSERT INTO "wallets" ("wallet_id", "user_id", "balance", "created_at", "updated_at") VALUES ('37', '48', '3868.79', '2024-01-27 13:49:32', '2024-01-28 07:33:48');
INSERT INTO "wallets" ("wallet_id", "user_id", "balance", "created_at", "updated_at") VALUES ('38', '76', '5844.58', '2024-01-27 13:59:01', '2024-02-05 11:33:20');
INSERT INTO "wallets" ("wallet_id", "user_id", "balance", "created_at", "updated_at") VALUES ('39', '94', '5042.69', '2024-01-27 14:05:46', '2024-01-29 06:34:29');
INSERT INTO "wallets" ("wallet_id", "user_id", "balance", "created_at", "updated_at") VALUES ('40', '38', '4441.08', '2024-01-27 14:11:36', '2024-02-01 00:38:02');
INSERT INTO "wallets" ("wallet_id", "user_id", "balance", "created_at", "updated_at") VALUES ('41', '53', '4797.30', '2024-01-27 14:14:00', '2024-01-31 03:00:59');
INSERT INTO "wallets" ("wallet_id", "user_id", "balance", "created_at", "updated_at") VALUES ('42', '8', '4485.27', '2024-01-27 14:21:57', '2024-02-01 11:45:08');
INSERT INTO "wallets" ("wallet_id", "user_id", "balance", "created_at", "updated_at") VALUES ('43', '83', '5023.52', '2024-01-27 14:23:30', '2024-01-29 13:01:45');
INSERT INTO "wallets" ("wallet_id", "user_id", "balance", "created_at", "updated_at") VALUES ('44', '11', '5197.06', '2024-01-27 14:28:58', '2024-02-04 10:53:56');
INSERT INTO "wallets" ("wallet_id", "user_id", "balance", "created_at", "updated_at") VALUES ('45', '69', '4725.21', '2024-01-27 14:34:44', '2024-01-31 06:00:41');
INSERT INTO "wallets" ("wallet_id", "user_id", "balance", "created_at", "updated_at") VALUES ('46', '10', '5017.09', '2024-01-27 14:41:02', '2024-02-03 17:41:27');
INSERT INTO "wallets" ("wallet_id", "user_id", "balance", "created_at", "updated_at") VALUES ('47', '87', '5874.94', '2024-01-27 14:43:25', '2024-02-04 20:17:27');
INSERT INTO "wallets" ("wallet_id", "user_id", "balance", "created_at", "updated_at") VALUES ('48', '33', '3921.58', '2024-01-27 14:49:53', '2024-01-28 21:57:03');
INSERT INTO "wallets" ("wallet_id", "user_id", "balance", "created_at", "updated_at") VALUES ('49', '36', '5369.92', '2024-01-27 14:58:45', '2024-02-05 00:04:43');
INSERT INTO "wallets" ("wallet_id", "user_id", "balance", "created_at", "updated_at") VALUES ('50', '98', '4837.77', '2024-01-27 15:06:41', '2024-01-29 11:11:41');
INSERT INTO "wallets" ("wallet_id", "user_id", "balance", "created_at", "updated_at") VALUES ('51', '99', '4054.92', '2024-01-27 15:08:01', '2024-01-31 14:49:44');
INSERT INTO "wallets" ("wallet_id", "user_id", "balance", "created_at", "updated_at") VALUES ('52', '39', '6056.81', '2024-01-27 15:15:41', '2024-02-03 20:33:42');
INSERT INTO "wallets" ("wallet_id", "user_id", "balance", "created_at", "updated_at") VALUES ('53', '23', '4098.81', '2024-01-27 15:18:56', '2024-02-01 23:24:02');
INSERT INTO "wallets" ("wallet_id", "user_id", "balance", "created_at", "updated_at") VALUES ('54', '45', '5543.80', '2024-01-27 15:22:50', '2024-01-29 19:31:22');
INSERT INTO "wallets" ("wallet_id", "user_id", "balance", "created_at", "updated_at") VALUES ('55', '27', '5783.61', '2024-01-27 15:29:10', '2024-02-06 14:21:11');
INSERT INTO "wallets" ("wallet_id", "user_id", "balance", "created_at", "updated_at") VALUES ('56', '68', '5448.81', '2024-01-27 15:37:24', '2024-01-28 21:47:44');
INSERT INTO "wallets" ("wallet_id", "user_id", "balance", "created_at", "updated_at") VALUES ('57', '78', '6226.94', '2024-01-27 15:44:09', '2024-02-06 02:28:47');
INSERT INTO "wallets" ("wallet_id", "user_id", "balance", "created_at", "updated_at") VALUES ('58', '89', '3861.65', '2024-01-27 15:47:23', '2024-01-30 17:53:11');
INSERT INTO "wallets" ("wallet_id", "user_id", "balance", "created_at", "updated_at") VALUES ('59', '32', '4673.01', '2024-01-27 15:51:29', '2024-01-31 17:20:02');
INSERT INTO "wallets" ("wallet_id", "user_id", "balance", "created_at", "updated_at") VALUES ('60', '58', '4945.48', '2024-01-27 15:53:11', '2024-01-29 16:03:44');
INSERT INTO "wallets" ("wallet_id", "user_id", "balance", "created_at", "updated_at") VALUES ('61', '5', '4679.53', '2024-01-27 15:57:54', '2024-01-31 19:03:11');
INSERT INTO "wallets" ("wallet_id", "user_id", "balance", "created_at", "updated_at") VALUES ('62', '39', '4509.81', '2024-01-27 16:06:01', '2024-02-05 20:31:53');
INSERT INTO "wallets" ("wallet_id", "user_id", "balance", "created_at", "updated_at") VALUES ('63', '90', '3824.82', '2024-01-27 16:07:13', '2024-02-04 07:49:42');
INSERT INTO "wallets" ("wallet_id", "user_id", "balance", "created_at", "updated_at") VALUES ('64', '97', '5377.03', '2024-01-27 16:14:34', '2024-01-31 04:30:36');
INSERT INTO "wallets" ("wallet_id", "user_id", "balance", "created_at", "updated_at") VALUES ('65', '59', '5779.46', '2024-01-27 16:19:19', '2024-02-03 10:23:26');
INSERT INTO "wallets" ("wallet_id", "user_id", "balance", "created_at", "updated_at") VALUES ('66', '31', '5608.20', '2024-01-27 16:22:39', '2024-02-05 16:39:42');
INSERT INTO "wallets" ("wallet_id", "user_id", "balance", "created_at", "updated_at") VALUES ('67', '91', '5006.55', '2024-01-27 16:28:53', '2024-01-29 16:58:48');
INSERT INTO "wallets" ("wallet_id", "user_id", "balance", "created_at", "updated_at") VALUES ('68', '84', '6176.29', '2024-01-27 16:35:01', '2024-01-31 21:56:35');
INSERT INTO "wallets" ("wallet_id", "user_id", "balance", "created_at", "updated_at") VALUES ('69', '60', '6058.19', '2024-01-27 16:40:17', '2024-01-29 10:13:24');
INSERT INTO "wallets" ("wallet_id", "user_id", "balance", "created_at", "updated_at") VALUES ('70', '72', '6054.41', '2024-01-27 16:47:26', '2024-02-01 13:08:56');
INSERT INTO "wallets" ("wallet_id", "user_id", "balance", "created_at", "updated_at") VALUES ('71', '71', '5217.82', '2024-01-27 16:50:10', '2024-02-03 11:35:47');
INSERT INTO "wallets" ("wallet_id", "user_id", "balance", "created_at", "updated_at") VALUES ('72', '52', '5674.55', '2024-01-27 16:58:27', '2024-02-02 10:36:32');
INSERT INTO "wallets" ("wallet_id", "user_id", "balance", "created_at", "updated_at") VALUES ('73', '88', '4895.63', '2024-01-27 17:00:03', '2024-02-04 11:44:34');
INSERT INTO "wallets" ("wallet_id", "user_id", "balance", "created_at", "updated_at") VALUES ('74', '14', '5349.26', '2024-01-27 17:07:18', '2024-02-01 06:17:44');
INSERT INTO "wallets" ("wallet_id", "user_id", "balance", "created_at", "updated_at") VALUES ('75', '11', '4765.51', '2024-01-27 17:13:02', '2024-02-06 13:42:59');
INSERT INTO "wallets" ("wallet_id", "user_id", "balance", "created_at", "updated_at") VALUES ('76', '39', '4727.62', '2024-01-27 17:15:54', '2024-02-04 10:09:22');
INSERT INTO "wallets" ("wallet_id", "user_id", "balance", "created_at", "updated_at") VALUES ('77', '2', '3879.88', '2024-01-27 17:17:29', '2024-01-28 15:03:52');
INSERT INTO "wallets" ("wallet_id", "user_id", "balance", "created_at", "updated_at") VALUES ('78', '85', '6142.61', '2024-01-27 17:26:03', '2024-02-03 18:01:37');
INSERT INTO "wallets" ("wallet_id", "user_id", "balance", "created_at", "updated_at") VALUES ('79', '3', '4517.74', '2024-01-27 17:30:33', '2024-01-29 12:31:12');
INSERT INTO "wallets" ("wallet_id", "user_id", "balance", "created_at", "updated_at") VALUES ('80', '22', '4569.46', '2024-01-27 17:33:57', '2024-02-02 22:45:24');
INSERT INTO "wallets" ("wallet_id", "user_id", "balance", "created_at", "updated_at") VALUES ('81', '47', '4817.65', '2024-01-27 17:37:43', '2024-01-29 07:53:57');
INSERT INTO "wallets" ("wallet_id", "user_id", "balance", "created_at", "updated_at") VALUES ('82', '70', '4892.76', '2024-01-27 17:38:52', '2024-02-02 23:57:02');
INSERT INTO "wallets" ("wallet_id", "user_id", "balance", "created_at", "updated_at") VALUES ('83', '14', '4161.82', '2024-01-27 17:44:25', '2024-02-03 18:04:00');
INSERT INTO "wallets" ("wallet_id", "user_id", "balance", "created_at", "updated_at") VALUES ('84', '87', '4202.84', '2024-01-27 17:45:59', '2024-01-30 09:15:20');
INSERT INTO "wallets" ("wallet_id", "user_id", "balance", "created_at", "updated_at") VALUES ('85', '74', '4410.16', '2024-01-27 17:47:09', '2024-02-01 08:08:04');
INSERT INTO "wallets" ("wallet_id", "user_id", "balance", "created_at", "updated_at") VALUES ('86', '13', '4062.96', '2024-01-27 17:54:15', '2024-02-05 05:05:48');
INSERT INTO "wallets" ("wallet_id", "user_id", "balance", "created_at", "updated_at") VALUES ('87', '89', '3802.55', '2024-01-27 17:59:57', '2024-02-04 03:14:43');
INSERT INTO "wallets" ("wallet_id", "user_id", "balance", "created_at", "updated_at") VALUES ('88', '80', '4832.33', '2024-01-27 18:03:55', '2024-02-02 05:18:01');
INSERT INTO "wallets" ("wallet_id", "user_id", "balance", "created_at", "updated_at") VALUES ('89', '13', '5526.85', '2024-01-27 18:06:07', '2024-02-01 04:18:13');
INSERT INTO "wallets" ("wallet_id", "user_id", "balance", "created_at", "updated_at") VALUES ('90', '19', '5344.15', '2024-01-27 18:07:44', '2024-02-05 06:42:29');
INSERT INTO "wallets" ("wallet_id", "user_id", "balance", "created_at", "updated_at") VALUES ('91', '19', '5407.11', '2024-01-27 18:12:19', '2024-01-28 23:55:43');
INSERT INTO "wallets" ("wallet_id", "user_id", "balance", "created_at", "updated_at") VALUES ('92', '17', '5075.85', '2024-01-27 18:18:19', '2024-02-01 15:54:58');
INSERT INTO "wallets" ("wallet_id", "user_id", "balance", "created_at", "updated_at") VALUES ('93', '65', '6215.78', '2024-01-27 18:21:38', '2024-02-03 20:38:37');
INSERT INTO "wallets" ("wallet_id", "user_id", "balance", "created_at", "updated_at") VALUES ('94', '42', '4435.52', '2024-01-27 18:23:20', '2024-02-01 18:59:28');
INSERT INTO "wallets" ("wallet_id", "user_id", "balance", "created_at", "updated_at") VALUES ('95', '7', '4336.71', '2024-01-27 18:27:57', '2024-02-05 14:03:36');
INSERT INTO "wallets" ("wallet_id", "user_id", "balance", "created_at", "updated_at") VALUES ('96', '15', '5411.02', '2024-01-27 18:34:42', '2024-01-31 06:41:17');
INSERT INTO "wallets" ("wallet_id", "user_id", "balance", "created_at", "updated_at") VALUES ('97', '93', '4697.48', '2024-01-27 18:42:34', '2024-01-29 19:31:00');
INSERT INTO "wallets" ("wallet_id", "user_id", "balance", "created_at", "updated_at") VALUES ('98', '29', '3964.67', '2024-01-27 18:49:39', '2024-01-29 09:44:09');
INSERT INTO "wallets" ("wallet_id", "user_id", "balance", "created_at", "updated_at") VALUES ('99', '59', '5654.27', '2024-01-27 18:53:11', '2024-01-30 14:05:49');
INSERT INTO "wallets" ("wallet_id", "user_id", "balance", "created_at", "updated_at") VALUES ('100', '62', '4141.45', '2024-01-27 18:56:50', '2024-01-29 10:43:32');

INSERT INTO "wallet_transactions" ("wallet_transaction_id", "wallet_id", "transaction_type", "amount", "transaction_id", "remarks", "created_at") VALUES ('1', '90', 'CREDIT', '552.23', 'ccd381f6-3d51-405f-ad80-6c6419d9c6c6', 'Expedire possunt, quod disserunt. Praeterea sublata cognitione et scientia tollitur omnis ratio et vitae degendae et rerum gerendarum. Sic e physicis et fortitudo sumitur contra mortis timorem et constantia contra metum religionis et sedatio animi omnium rerum occultarum ignoratione sublata et moderatio natura cupiditatum generibusque earum explicatis, et, ut dixi, ad lineam.', '2024-01-27 09:58:57');
INSERT INTO "wallet_transactions" ("wallet_transaction_id", "wallet_id", "transaction_type", "amount", "transaction_id", "remarks", "created_at") VALUES ('2', '4', 'DEBIT', '621.37', 'fc53f620-9a91-40dc-a01c-aed6cfca85cf', 'Atomum perpaulum, quo nihil turpius physico, quam fieri quicquam sine causa dicere, -- et illum motum naturalem omnium ponderum, ut ipse loquerer, tum Triarius leniter arridens.', '2024-01-27 10:04:36');
INSERT INTO "wallet_transactions" ("wallet_transaction_id", "wallet_id", "transaction_type", "amount", "transaction_id", "remarks", "created_at") VALUES ('3', '38', 'CREDIT', '481.10', '26c8869d-eaa2-42ca-be20-665ab3932c42', 'Mutans, sed ita, ut ea, quae voluptaria, delicata.', '2024-01-27 10:10:41');
INSERT INTO "wallet_transactions" ("wallet_transaction_id", "wallet_id", "transaction_type", "amount", "transaction_id", "remarks", "created_at") VALUES ('4', '79', 'CREDIT', '555.91', '376266c6-3ef4-4263-a668-2b22175fb1f6', 'Dicturum fuisse? Utrum igitur percurri omnem Epicuri disciplinam placet an de una voluptate quaeri, de qua Epicurus quidem ita dicit, omnium rerum, quas ad beate vivendum sapientia comparaverit, nihil esse prosperum nisi voluptatem, nihil asperum nisi dolorem, de quibus neque depravate iudicant neque corrupte, nonne ei maximam gratiam habere debemus, qui hac.', '2024-01-27 10:20:21');
INSERT INTO "wallet_transactions" ("wallet_transaction_id", "wallet_id", "transaction_type", "amount", "transaction_id", "remarks", "created_at") VALUES ('5', '17', 'CREDIT', '571.42', 'dd7ff58c-73d1-41ea-a0ce-280dfe40d84f', 'Quasi perpetua oblivione obruamus et secunda iucunde ac suaviter meminerimus. Sed cum ea, quae sint quaeque cernantur, omnia, eumque motum atomorum nullo a principio.', '2024-01-27 10:24:06');
INSERT INTO "wallet_transactions" ("wallet_transaction_id", "wallet_id", "transaction_type", "amount", "transaction_id", "remarks", "created_at") VALUES ('6', '15', 'CREDIT', '446.00', 'e32d9f1a-586d-472a-a7ed-db40fc0a05f0', 'Cruciantur, cum sero sentiunt frustra se aut pecuniae studuisse aut imperiis aut opibus aut gloriae. Nullas enim consequuntur voluptates, quarum.', '2024-01-27 10:26:58');
INSERT INTO "wallet_transactions" ("wallet_transaction_id", "wallet_id", "transaction_type", "amount", "transaction_id", "remarks", "created_at") VALUES ('7', '72', 'CREDIT', '432.08', '0ef9c692-470c-4724-bd8e-caf064fb66a1', 'Non solum videamus, sed etiam quid a singulis philosophiae disciplinis diceretur, persecuti sumus. Ut autem a facillimis ordiamur, prima veniat in medium Epicuri ratio, quae plerisque notissima est.', '2024-01-27 10:32:47');
INSERT INTO "wallet_transactions" ("wallet_transaction_id", "wallet_id", "transaction_type", "amount", "transaction_id", "remarks", "created_at") VALUES ('8', '70', 'CREDIT', '512.75', '60a90265-aa41-4674-93f9-c1231122d82d', 'Secumque discordans gustare partem ullam liquidae voluptatis et liberae potest. Atqui pugnantibus.', '2024-01-27 10:40:55');
INSERT INTO "wallet_transactions" ("wallet_transaction_id", "wallet_id", "transaction_type", "amount", "transaction_id", "remarks", "created_at") VALUES ('9', '5', 'DEBIT', '610.19', 'b92ea567-78e2-4a9b-9eb2-efcf16b1843a', 'Isdem Euripidis fabulis delectari dicat, Latinas litteras oderit? Synephebos ego, inquit.', '2024-01-27 10:48:53');
INSERT INTO "wallet_transactions" ("wallet_transaction_id", "wallet_id", "transaction_type", "amount", "transaction_id", "remarks", "created_at") VALUES ('10', '84', 'DEBIT', '428.35', '67097fa9-9632-4144-9959-0e8cff6608ea', 'Principio, sed ex aeterno tempore intellegi convenire. Epicurus autem, in quibus tam multis tamque variis ab ultima antiquitate repetitis tria vix amicorum paria reperiuntur, ut ad Orestem pervenias profectus a.', '2024-01-27 10:55:03');
INSERT INTO "wallet_transactions" ("wallet_transaction_id", "wallet_id", "transaction_type", "amount", "transaction_id", "remarks", "created_at") VALUES ('11', '48', 'CREDIT', '434.54', '05b9acf5-62a1-4e67-9c79-373bdc6b49e9', 'Me istius philosophi non offendit; nam et complectitur verbis, quod vult, et dicit plane.', '2024-01-27 10:57:46');
INSERT INTO "wallet_transactions" ("wallet_transaction_id", "wallet_id", "transaction_type", "amount", "transaction_id", "remarks", "created_at") VALUES ('12', '45', 'CREDIT', '557.19', 'd00f113a-d33b-4e51-a318-eb0843838cd1', 'Sed id neque feci adhuc nec mihi tamen, ne faciam, interdictum puto. Locos quidem quosdam.', '2024-01-27 11:01:13');
INSERT INTO "wallet_transactions" ("wallet_transaction_id", "wallet_id", "transaction_type", "amount", "transaction_id", "remarks", "created_at") VALUES ('13', '8', 'DEBIT', '491.79', 'ee3a6e25-0dfe-40a3-ae52-af0a114ef6d0', 'Tantum in alios caeco impetu incurrunt, sed intus etiam in animis nostris inesse notionem, ut alterum esse appetendum, alterum aspernandum sentiamus. Alii autem, quibus.', '2024-01-27 11:10:22');
INSERT INTO "wallet_transactions" ("wallet_transaction_id", "wallet_id", "transaction_type", "amount", "transaction_id", "remarks", "created_at") VALUES ('14', '10', 'CREDIT', '595.15', 'e32d9f1a-586d-472a-a7ed-db40fc0a05f0', 'Chremes non inhumanus, qui novum vicinum non vult ''fodere aut arare aut aliquid ferre denique'' -- non enim illum ab industria, sed ab inliberali labore deterret --, sic isti curiosi, quos offendit noster minime nobis iniucundus labor. Iis igitur est difficilius satis facere, qui se dicant in Graecis legendis operam malle consumere.', '2024-01-27 11:17:50');
INSERT INTO "wallet_transactions" ("wallet_transaction_id", "wallet_id", "transaction_type", "amount", "transaction_id", "remarks", "created_at") VALUES ('15', '79', 'DEBIT', '622.32', '80472e93-5ea8-45ad-91b8-d93f6ee22b47', 'Et Consentinis et Siculis scribere. Facete is quidem, sicut alia; sed neque tam docti tum erant, ad quorum iudicium elaboraret, et sunt illius scripta.', '2024-01-27 11:21:20');
INSERT INTO "wallet_transactions" ("wallet_transaction_id", "wallet_id", "transaction_type", "amount", "transaction_id", "remarks", "created_at") VALUES ('16', '8', 'DEBIT', '506.53', '7b004dfe-331c-40f7-9852-3ce1953f8510', 'Humili animo inbecilloque ferre miserum est, ob eamque.', '2024-01-27 11:30:32');
INSERT INTO "wallet_transactions" ("wallet_transaction_id", "wallet_id", "transaction_type", "amount", "transaction_id", "remarks", "created_at") VALUES ('17', '68', 'DEBIT', '449.54', '1879fd4f-3049-41f5-b6bd-c9547daf2505', 'Ut eum Macedonum legatis accusantibus, quod pecunias praetorem in provincia cepisse arguerent, causam apud se dicere iuberet reque ex utraque parte audita pronuntiaret eum non talem videri fuisse in imperio, quales eius maiores fuissent, et in conspectum suum venire vetuit, numquid tibi videtur de voluptatibus suis cogitavisse? Sed ut omittam pericula, labores.', '2024-01-27 11:34:29');
INSERT INTO "wallet_transactions" ("wallet_transaction_id", "wallet_id", "transaction_type", "amount", "transaction_id", "remarks", "created_at") VALUES ('18', '48', 'DEBIT', '616.47', '7ea4fd3a-1b5c-4f5e-a9b0-779a0a95719e', 'Magnis, multis, perpetuis fruentem et animo et.', '2024-01-27 11:43:44');
INSERT INTO "wallet_transactions" ("wallet_transaction_id", "wallet_id", "transaction_type", "amount", "transaction_id", "remarks", "created_at") VALUES ('19', '31', 'CREDIT', '536.57', '451288c2-561c-436c-8fce-df3f7f5157e0', 'Stabilem scientiam rerum tenebimus, servata illa.', '2024-01-27 11:49:43');
INSERT INTO "wallet_transactions" ("wallet_transaction_id", "wallet_id", "transaction_type", "amount", "transaction_id", "remarks", "created_at") VALUES ('20', '52', 'CREDIT', '478.84', '41767d14-61bf-4385-b960-f2f339307ccc', 'Esse tractatas, ne ipsos quidem Graecos est cur tam multi sint Epicurei, sunt.', '2024-01-27 11:57:48');
INSERT INTO "wallet_transactions" ("wallet_transaction_id", "wallet_id", "transaction_type", "amount", "transaction_id", "remarks", "created_at") VALUES ('21', '71', 'DEBIT', '574.80', '0dfc5bc6-2e15-44d0-8157-7463523ed3aa', 'Nunc dicam de voluptate, a meque ei responsum, cum C. Triarius, in primis gravis et.', '2024-01-27 12:06:46');
INSERT INTO "wallet_transactions" ("wallet_transaction_id", "wallet_id", "transaction_type", "amount", "transaction_id", "remarks", "created_at") VALUES ('22', '65', 'CREDIT', '447.09', '97e5bde9-b89c-49a0-b5eb-3b79927ef954', 'Vero, ut noster Lucilius, recusabo, quo minus omnes mea legant. Utinam esset ille Persius, Scipio vero et Rutilius multo etiam magis, quorum ille iudicium reformidans Tarentinis ait se.', '2024-01-27 12:12:04');
INSERT INTO "wallet_transactions" ("wallet_transaction_id", "wallet_id", "transaction_type", "amount", "transaction_id", "remarks", "created_at") VALUES ('23', '84', 'DEBIT', '423.75', '160d9fc8-9579-431a-98f4-cc4a45d3154c', 'Quamquam, si plane sic verterem Platonem aut Aristotelem, ut verterunt nostri.', '2024-01-27 12:21:46');
INSERT INTO "wallet_transactions" ("wallet_transaction_id", "wallet_id", "transaction_type", "amount", "transaction_id", "remarks", "created_at") VALUES ('24', '10', 'DEBIT', '441.29', 'bf6c0ede-f150-473c-b64d-5df484cb132f', 'Amicitia firmam et perpetuam iucunditatem vitae tenere possumus neque vero ipsam amicitiam tueri, nisi aeque amicos et nosmet ipsos diligamus, idcirco et hoc ipsum.', '2024-01-27 12:27:26');
INSERT INTO "wallet_transactions" ("wallet_transaction_id", "wallet_id", "transaction_type", "amount", "transaction_id", "remarks", "created_at") VALUES ('25', '58', 'CREDIT', '380.11', '66d219ae-0807-4033-94d1-613d23b35013', 'Animis inclusae inter se cohaerescant, ex quo vitam amarissimam necesse est aut in armatum hostem impetum fecisse aut in liberos.', '2024-01-27 12:36:04');
INSERT INTO "wallet_transactions" ("wallet_transaction_id", "wallet_id", "transaction_type", "amount", "transaction_id", "remarks", "created_at") VALUES ('26', '21', 'CREDIT', '577.64', '9cf6cf0a-9e8e-4268-870d-62582297f65a', 'Debeo profecto, quantumcumque possum, in eo ipso parum.', '2024-01-27 12:45:22');
INSERT INTO "wallet_transactions" ("wallet_transaction_id", "wallet_id", "transaction_type", "amount", "transaction_id", "remarks", "created_at") VALUES ('27', '94', 'CREDIT', '520.16', '96537ccd-2218-4599-a670-21c9177ea97e', 'Inquam, pertinax non ero tibique, si mihi probabis ea, quae corrigere vult, mihi quidem depravare videatur. Ille atomos quas appellat, id est voluptatem. Homines optimi non intellegunt totam rationem everti.', '2024-01-27 12:54:18');
INSERT INTO "wallet_transactions" ("wallet_transaction_id", "wallet_id", "transaction_type", "amount", "transaction_id", "remarks", "created_at") VALUES ('28', '8', 'DEBIT', '436.17', '3127d8f2-1372-472e-987b-d38091b8fc4f', 'Et refugiendi et omnino rerum gerendarum initia proficiscuntur aut a voluptate discedere. Nam cum solitudo et vita sine amicis insidiarum et metus.', '2024-01-27 12:55:30');
INSERT INTO "wallet_transactions" ("wallet_transaction_id", "wallet_id", "transaction_type", "amount", "transaction_id", "remarks", "created_at") VALUES ('29', '84', 'CREDIT', '505.88', '1ef33435-1b8b-4579-bb56-57c1f125d9fe', 'Quod ista Platonis, Aristoteli, Theophrasti orationis ornamenta neglexerit. Nam illud quidem perspicuum est, maximam animi aut voluptatem aut.', '2024-01-27 12:59:20');
INSERT INTO "wallet_transactions" ("wallet_transaction_id", "wallet_id", "transaction_type", "amount", "transaction_id", "remarks", "created_at") VALUES ('30', '76', 'CREDIT', '558.45', 'd89ee2c4-f89b-4120-8ecd-dace08f3b17d', 'Debemus, qui hac exaudita quasi voce naturae sic eam firme graviterque comprehenderit, ut omnes bene sanos in viam.', '2024-01-27 13:08:16');
INSERT INTO "wallet_transactions" ("wallet_transaction_id", "wallet_id", "transaction_type", "amount", "transaction_id", "remarks", "created_at") VALUES ('31', '9', 'CREDIT', '577.06', '1879fd4f-3049-41f5-b6bd-c9547daf2505', 'Ob ea solum incommoda, quae eveniunt inprobis, fugiendam inprobitatem putamus, sed multo etiam magis, quorum ille iudicium reformidans Tarentinis ait se et alliciat suapte natura, non potest.', '2024-01-27 13:17:04');
INSERT INTO "wallet_transactions" ("wallet_transaction_id", "wallet_id", "transaction_type", "amount", "transaction_id", "remarks", "created_at") VALUES ('32', '96', 'CREDIT', '567.80', 'e11b6466-c087-49a6-bb9a-e602f0647220', 'Et qua etiam carere possent sine dolore tum.', '2024-01-27 13:26:34');
INSERT INTO "wallet_transactions" ("wallet_transaction_id", "wallet_id", "transaction_type", "amount", "transaction_id", "remarks", "created_at") VALUES ('33', '46', 'CREDIT', '521.94', '8c3a8854-8e87-4df4-babf-2eaa1ee76d25', 'Ferant, quid est enim in vita tantopere quaerendum quam cum omnia in philosophia, tum.', '2024-01-27 13:28:44');
INSERT INTO "wallet_transactions" ("wallet_transaction_id", "wallet_id", "transaction_type", "amount", "transaction_id", "remarks", "created_at") VALUES ('34', '87', 'CREDIT', '494.62', 'd00f113a-d33b-4e51-a318-eb0843838cd1', 'Neglegentur? Nam, ut sint opera, studio, labore meo doctiores.', '2024-01-27 13:33:11');
INSERT INTO "wallet_transactions" ("wallet_transaction_id", "wallet_id", "transaction_type", "amount", "transaction_id", "remarks", "created_at") VALUES ('35', '23', 'DEBIT', '602.06', '63c64483-8400-4f21-8c94-10cee6c8a7f2', 'Et semper sollicitant turbulentaeque sunt, sic ut plura nemini e nostris, qui haec subtilius.', '2024-01-27 13:40:20');
INSERT INTO "wallet_transactions" ("wallet_transaction_id", "wallet_id", "transaction_type", "amount", "transaction_id", "remarks", "created_at") VALUES ('36', '74', 'CREDIT', '562.14', '2a27cc84-389d-4003-aed6-554c3691a13b', 'Libris quaeritur, qui sit finis, quid extremum, quid ultimum, quo sint omnia bene vivendi recteque faciendi consilia referenda, quid sequatur natura ut summum ex.', '2024-01-27 13:43:09');
INSERT INTO "wallet_transactions" ("wallet_transaction_id", "wallet_id", "transaction_type", "amount", "transaction_id", "remarks", "created_at") VALUES ('37', '84', 'CREDIT', '585.14', '60a90265-aa41-4674-93f9-c1231122d82d', 'Eius magnitudinem celeritas, diuturnitatem allevatio consoletur. Ad ea.', '2024-01-27 13:46:36');
INSERT INTO "wallet_transactions" ("wallet_transaction_id", "wallet_id", "transaction_type", "amount", "transaction_id", "remarks", "created_at") VALUES ('38', '60', 'DEBIT', '504.49', 'e11b6466-c087-49a6-bb9a-e602f0647220', 'Sed etiam quid a singulis philosophiae disciplinis diceretur, persecuti sumus. Ut autem a facillimis ordiamur, prima veniat in medium Epicuri ratio, quae plerisque notissima est. Quam a nobis explicatam esse his litteris arbitramur, in quibus, quantum.', '2024-01-27 13:52:14');
INSERT INTO "wallet_transactions" ("wallet_transaction_id", "wallet_id", "transaction_type", "amount", "transaction_id", "remarks", "created_at") VALUES ('39', '69', 'CREDIT', '507.11', '1a47fb6c-cd19-4e2e-ae82-abb4fcc78bbb', 'Hoc scribendi, etsi sit elegans, personae tamen et dignitatis esse negent. Contra quos omnis dicendum breviter existimo. Quamquam philosophiae quidem vituperatoribus satis responsum est eo libro, quo a nobis explicatam.', '2024-01-27 13:57:41');
INSERT INTO "wallet_transactions" ("wallet_transaction_id", "wallet_id", "transaction_type", "amount", "transaction_id", "remarks", "created_at") VALUES ('40', '79', 'DEBIT', '437.56', '13bb32c0-ea41-415a-a738-22983bef1d9e', '-- Ita credo. -- ''Non est igitur voluptas bonum.'' Hoc ne statuam.', '2024-01-27 14:06:13');
INSERT INTO "wallet_transactions" ("wallet_transaction_id", "wallet_id", "transaction_type", "amount", "transaction_id", "remarks", "created_at") VALUES ('41', '30', 'DEBIT', '446.61', '97e5bde9-b89c-49a0-b5eb-3b79927ef954', 'Quam Graecam. Quando enim nobis, vel dicam aut oratoribus bonis aut poetis, postea quidem quam fuit quem imitarentur, ullus orationis vel copiosae vel elegantis ornatus defuit? Ego vero, quoniam forensibus operis, laboribus, periculis.', '2024-01-27 14:10:23');
INSERT INTO "wallet_transactions" ("wallet_transaction_id", "wallet_id", "transaction_type", "amount", "transaction_id", "remarks", "created_at") VALUES ('42', '5', 'CREDIT', '390.51', '9cf6cf0a-9e8e-4268-870d-62582297f65a', 'Tribus igitur modis video esse multos, sed.', '2024-01-27 14:14:29');
INSERT INTO "wallet_transactions" ("wallet_transaction_id", "wallet_id", "transaction_type", "amount", "transaction_id", "remarks", "created_at") VALUES ('43', '19', 'DEBIT', '566.14', '97e5bde9-b89c-49a0-b5eb-3b79927ef954', 'Quam omnia iudicia rerum dirigentur, numquam ullius oratione victi sententia desistemus. Nisi autem rerum natura cognita levamur superstitione, liberamur mortis metu, non conturbamur ignoratione rerum, e qua ipsa horribiles existunt.', '2024-01-27 14:24:00');
INSERT INTO "wallet_transactions" ("wallet_transaction_id", "wallet_id", "transaction_type", "amount", "transaction_id", "remarks", "created_at") VALUES ('44', '71', 'DEBIT', '393.55', '40e2770e-52a2-4da4-b9a6-39c7b57f139a', 'Afferat, eorum tamen utrumque et ortum esse e corpore et ad usus civium non inutile, nosque ea scripta reliquaque eiusdem generis et legimus libenter et legemus --, haec, quae vitam omnem perturbari videmus errore et inscientia, sapientiamque esse solam, quae.', '2024-01-27 14:29:57');
INSERT INTO "wallet_transactions" ("wallet_transaction_id", "wallet_id", "transaction_type", "amount", "transaction_id", "remarks", "created_at") VALUES ('45', '14', 'CREDIT', '463.39', 'd606d840-b126-4ef4-8f10-b11d14c4244d', 'Res vero bonas verbis electis graviter ornateque dictas quis non legat? Nisi qui se plane Graecum dici velit, ut a Scaevola est praetore salutatus Athenis Albucius. Quem quidem locum comit multa venustate et omni sale idem Lucilius, apud quem praeclare Scaevola: Graecum te, Albuci.', '2024-01-27 14:31:43');
INSERT INTO "wallet_transactions" ("wallet_transaction_id", "wallet_id", "transaction_type", "amount", "transaction_id", "remarks", "created_at") VALUES ('46', '25', 'DEBIT', '576.76', '63e3c799-a720-48d8-97e6-b574e5c790bf', 'Intellegaturque ea, quae dixi, sole ipso illustriora et clariora sunt, si omnia deorsus e regione inferiorem locum petentium sine causa dicere, -- et illum motum naturalem omnium ponderum.', '2024-01-27 14:40:41');
INSERT INTO "wallet_transactions" ("wallet_transaction_id", "wallet_id", "transaction_type", "amount", "transaction_id", "remarks", "created_at") VALUES ('47', '97', 'DEBIT', '380.22', '35f43549-ea42-4532-9695-5059416b8628', 'Ipsam per se esset et virtus et cognitio rerum, quod minime ille vult expetenda. Haec igitur Epicuri non probo, tum illud in primis, quod, cum in rerum natura cognita levamur superstitione, liberamur mortis metu, non conturbamur ignoratione rerum, e qua ipsa horribiles existunt saepe formidines. Denique etiam morati melius erimus, cum didicerimus quid natura desideret. Tum.', '2024-01-27 14:50:18');
INSERT INTO "wallet_transactions" ("wallet_transaction_id", "wallet_id", "transaction_type", "amount", "transaction_id", "remarks", "created_at") VALUES ('48', '12', 'DEBIT', '406.92', '14f7ce90-b44e-4f31-adbc-fa43016b01e7', 'Vera sentit, non dubitat, si ita melius sit, migrare de vita. His rebus peccant, cum e quibus haec efficiantur ignorant. Animi autem morbi sunt cupiditates inmensae et inanes divitiarum, gloriae, dominationis, libidinosarum etiam voluptatum. Accedunt aegritudines, molestiae, maerores, qui exedunt animos conficiuntque curis hominum non intellegentium nihil dolendum.', '2024-01-27 14:58:17');
INSERT INTO "wallet_transactions" ("wallet_transaction_id", "wallet_id", "transaction_type", "amount", "transaction_id", "remarks", "created_at") VALUES ('49', '45', 'CREDIT', '443.01', '7dfd3774-bde0-43e5-bf71-120a705c51d0', 'Ratio et vitae degendae et rerum gerendarum. Sic e physicis et fortitudo sumitur contra mortis timorem et constantia contra metum religionis et sedatio animi omnium rerum occultarum ignoratione sublata et moderatio natura cupiditatum generibusque earum explicatis, et, ut modo docui, cognitionis regula et iudicio ab eadem illa constituto veri a falso distinctio traditur. Restat locus huic.', '2024-01-27 15:07:05');
INSERT INTO "wallet_transactions" ("wallet_transaction_id", "wallet_id", "transaction_type", "amount", "transaction_id", "remarks", "created_at") VALUES ('50', '100', 'CREDIT', '607.96', 'da7875db-8402-4d66-b674-48f5c7afd7a8', 'Via captiosa solvantur ambigua distinguantur ostendit; iudicia rerum in sensibus ponit, quibus si semel aliquid falsi pro vero probatum sit, sublatum esse omne iudicium veri et falsi putat. Confirmat autem illud vel.', '2024-01-27 15:12:28');
INSERT INTO "wallet_transactions" ("wallet_transaction_id", "wallet_id", "transaction_type", "amount", "transaction_id", "remarks", "created_at") VALUES ('51', '51', 'DEBIT', '605.61', 'fc53f620-9a91-40dc-a01c-aed6cfca85cf', 'Menandro solet. Nec vero, ut noster Lucilius, recusabo, quo minus id, quod ipsi statuerunt, non possunt.', '2024-01-27 15:22:07');
INSERT INTO "wallet_transactions" ("wallet_transaction_id", "wallet_id", "transaction_type", "amount", "transaction_id", "remarks", "created_at") VALUES ('52', '74', 'CREDIT', '461.47', '8b6c37ac-5a77-45ec-9458-f28a5ca5c684', 'Significet illum in hae esse rogatiuncula delectatum: ''Numquidnam manus tua sic affecta, quem ad modum sit affectus, et firmitatem animi nec mortem nec dolorem timentis, quod mors sensu careat, dolor in longinquitate levis, in gravitate brevis soleat esse, ut ad id autem res referuntur omnes, fatendum est summum esse bonum iucunde vivere. Id qui in una.', '2024-01-27 15:28:55');
INSERT INTO "wallet_transactions" ("wallet_transaction_id", "wallet_id", "transaction_type", "amount", "transaction_id", "remarks", "created_at") VALUES ('53', '26', 'CREDIT', '607.00', 'eb325dc0-253c-46cb-87a4-cadad83c8b24', 'Numquam tamen id volunt fieri, difficilem quandam temperantiam postulant in eo, quod semel admissum coerceri reprimique non potest, ut errem, sed ita sentio et saepe etiam videmus, et.', '2024-01-27 15:31:01');
INSERT INTO "wallet_transactions" ("wallet_transaction_id", "wallet_id", "transaction_type", "amount", "transaction_id", "remarks", "created_at") VALUES ('54', '78', 'DEBIT', '585.29', 'cf582cc3-fd3c-47ff-a018-336323aeb8b4', 'Explentur sine ulla iniuria, quae.', '2024-01-27 15:33:26');
INSERT INTO "wallet_transactions" ("wallet_transaction_id", "wallet_id", "transaction_type", "amount", "transaction_id", "remarks", "created_at") VALUES ('55', '67', 'CREDIT', '558.80', '13bb32c0-ea41-415a-a738-22983bef1d9e', 'Dicere et sapientiam propter voluptates expetendam et dolorem ipsum per se esse fugiendam temperantiamque expetendam, non quia voluptates fugiat, sed quia pacem animis afferat et eos quasi concordia quadam placet ac leniat. Temperantia est enim, quae in rebus aut expetendis aut fugiendis ut rationem sequamur monet. Nec enim satis est iudicare quid.', '2024-01-27 15:43:10');
INSERT INTO "wallet_transactions" ("wallet_transaction_id", "wallet_id", "transaction_type", "amount", "transaction_id", "remarks", "created_at") VALUES ('56', '79', 'CREDIT', '518.97', '41767d14-61bf-4385-b960-f2f339307ccc', 'Improborum facta primo suspicio insequitur, dein sermo atque fama, tum accusator, tum iudex; Multi.', '2024-01-27 15:45:16');
INSERT INTO "wallet_transactions" ("wallet_transaction_id", "wallet_id", "transaction_type", "amount", "transaction_id", "remarks", "created_at") VALUES ('57', '61', 'DEBIT', '558.35', '6d2260ac-9402-4f97-b8d3-eefff84f8504', 'Causa eripuit atomis nec tamen necessariae.', '2024-01-27 15:50:19');
INSERT INTO "wallet_transactions" ("wallet_transaction_id", "wallet_id", "transaction_type", "amount", "transaction_id", "remarks", "created_at") VALUES ('58', '55', 'DEBIT', '476.37', '7365b2b4-7aa6-445d-85bf-f09253c73977', 'Eum quem ego arbitror unum vidisse verum maximisque erroribus animos hominum liberavisse et omnia tradidisse, quae pertinerent ad bene vivendum aptior partitio quam illa, qua est usus Epicurus?', '2024-01-27 15:51:40');
INSERT INTO "wallet_transactions" ("wallet_transaction_id", "wallet_id", "transaction_type", "amount", "transaction_id", "remarks", "created_at") VALUES ('59', '2', 'DEBIT', '605.74', '8bcdd630-54ba-4e4d-99d4-4a5bf5958aa1', 'Certe sunt. Quamquam id quidem facio provocatus gratissimo mihi libro, quem ad me in Cumanum salutandi causa uterque venisset, pauca primo inter nos ea, quae dices, libenter assentiar. Probabo, inquit, modo ista sis aequitate, quam ostendis. Sed uti oratione.', '2024-01-27 15:56:33');
INSERT INTO "wallet_transactions" ("wallet_transaction_id", "wallet_id", "transaction_type", "amount", "transaction_id", "remarks", "created_at") VALUES ('60', '52', 'CREDIT', '519.85', 'de91ca07-d715-4acc-87a8-b9c8d90b7ca0', 'Inter doctissimos summa dissensio, quis alienum putet eius esse.', '2024-01-27 16:04:25');
INSERT INTO "wallet_transactions" ("wallet_transaction_id", "wallet_id", "transaction_type", "amount", "transaction_id", "remarks", "created_at") VALUES ('61', '61', 'CREDIT', '450.43', '63c64483-8400-4f21-8c94-10cee6c8a7f2', 'Aliter existimant, quos quidem video esse multos, sed imperitos --, quamquam autem et praeterita.', '2024-01-27 16:08:29');
INSERT INTO "wallet_transactions" ("wallet_transaction_id", "wallet_id", "transaction_type", "amount", "transaction_id", "remarks", "created_at") VALUES ('62', '92', 'CREDIT', '479.63', '160d9fc8-9579-431a-98f4-cc4a45d3154c', 'Si vero molita quippiam est, quamvis occulte fecerit, numquam.', '2024-01-27 16:14:50');
INSERT INTO "wallet_transactions" ("wallet_transaction_id", "wallet_id", "transaction_type", "amount", "transaction_id", "remarks", "created_at") VALUES ('63', '3', 'DEBIT', '556.00', 'eb325dc0-253c-46cb-87a4-cadad83c8b24', 'Etenim si loca, si fana, si urbes, si gymnasia, si campum, si canes, si equos, si ludicra exercendi aut venandi consuetudine adamare solemus, quanto.', '2024-01-27 16:24:13');
INSERT INTO "wallet_transactions" ("wallet_transaction_id", "wallet_id", "transaction_type", "amount", "transaction_id", "remarks", "created_at") VALUES ('64', '77', 'CREDIT', '518.52', 'e562bc96-ac07-47d7-8d55-b5eff04ae581', 'Bene sanos ad iustitiam, aequitatem, fidem, neque homini infanti aut.', '2024-01-27 16:32:55');
INSERT INTO "wallet_transactions" ("wallet_transaction_id", "wallet_id", "transaction_type", "amount", "transaction_id", "remarks", "created_at") VALUES ('65', '98', 'DEBIT', '530.38', 'cf582cc3-fd3c-47ff-a018-336323aeb8b4', 'Voluptas est, ut necessariae nec opera multa nec impensa expleantur; ne naturales quidem multa desiderant, propterea quod ipsa natura divitias.', '2024-01-27 16:35:33');
INSERT INTO "wallet_transactions" ("wallet_transaction_id", "wallet_id", "transaction_type", "amount", "transaction_id", "remarks", "created_at") VALUES ('66', '21', 'DEBIT', '491.89', '737baa93-e3a2-44b2-8f02-248215163a78', 'Non possim accommodare Torquatos nostros? Quos tu paulo ante cum memoriter, tum etiam erga nos amice et benivole.', '2024-01-27 16:44:24');
INSERT INTO "wallet_transactions" ("wallet_transaction_id", "wallet_id", "transaction_type", "amount", "transaction_id", "remarks", "created_at") VALUES ('67', '20', 'CREDIT', '572.60', 'ed98b21f-e344-4c0a-a2f9-e58a383abaae', 'Quod aptissimum est ad cognitionem omnium, regula, ad quam omnia iudicia rerum.', '2024-01-27 16:47:58');
INSERT INTO "wallet_transactions" ("wallet_transaction_id", "wallet_id", "transaction_type", "amount", "transaction_id", "remarks", "created_at") VALUES ('68', '62', 'DEBIT', '616.84', '7365b2b4-7aa6-445d-85bf-f09253c73977', 'Debent, quod et acutum genus est et ab antiquis, ad arbitrium suum scribere? Quodsi Graeci leguntur a Graecis isdem de rebus alia ratione compositis.', '2024-01-27 16:54:39');
INSERT INTO "wallet_transactions" ("wallet_transaction_id", "wallet_id", "transaction_type", "amount", "transaction_id", "remarks", "created_at") VALUES ('69', '98', 'DEBIT', '489.17', 'c34df7a1-7103-4217-acd9-f7fed9600788', 'Error omnis imperitorum intellegaturque ea, quae hoc non minus.', '2024-01-27 16:58:41');
INSERT INTO "wallet_transactions" ("wallet_transaction_id", "wallet_id", "transaction_type", "amount", "transaction_id", "remarks", "created_at") VALUES ('70', '46', 'CREDIT', '411.50', '97e5bde9-b89c-49a0-b5eb-3b79927ef954', 'Moderatio natura cupiditatum generibusque earum explicatis, et, ut modo docui, cognitionis regula et iudicio ab eadem illa constituto veri a.', '2024-01-27 17:05:48');
INSERT INTO "wallet_transactions" ("wallet_transaction_id", "wallet_id", "transaction_type", "amount", "transaction_id", "remarks", "created_at") VALUES ('71', '56', 'CREDIT', '450.69', 'aa8ae41a-eeff-435c-9197-385bd2490672', 'Magis ut illum provocarem quam ut ipse.', '2024-01-27 17:13:58');
INSERT INTO "wallet_transactions" ("wallet_transaction_id", "wallet_id", "transaction_type", "amount", "transaction_id", "remarks", "created_at") VALUES ('72', '65', 'CREDIT', '555.15', '2bc0d154-2471-472c-96c6-0b476c72cb56', 'Vim et causam efficiendi reliquerunt. Sed hoc commune.', '2024-01-27 17:23:29');
INSERT INTO "wallet_transactions" ("wallet_transaction_id", "wallet_id", "transaction_type", "amount", "transaction_id", "remarks", "created_at") VALUES ('73', '55', 'DEBIT', '604.04', '63c64483-8400-4f21-8c94-10cee6c8a7f2', 'Noris. Nisi mihi Phaedrum, inquam, tu mentitum aut Zenonem.', '2024-01-27 17:30:30');
INSERT INTO "wallet_transactions" ("wallet_transaction_id", "wallet_id", "transaction_type", "amount", "transaction_id", "remarks", "created_at") VALUES ('74', '58', 'CREDIT', '606.17', 'c34df7a1-7103-4217-acd9-f7fed9600788', 'Sit aut quid malum, sensu iudicari, sed animo etiam ac ratione intellegi posse et voluptatem ipsam per se laetitiam, id est voluptatem.', '2024-01-27 17:32:31');
INSERT INTO "wallet_transactions" ("wallet_transaction_id", "wallet_id", "transaction_type", "amount", "transaction_id", "remarks", "created_at") VALUES ('75', '27', 'DEBIT', '554.83', 'da7875db-8402-4d66-b674-48f5c7afd7a8', 'Docet, non quo ignorare vos.', '2024-01-27 17:38:41');
INSERT INTO "wallet_transactions" ("wallet_transaction_id", "wallet_id", "transaction_type", "amount", "transaction_id", "remarks", "created_at") VALUES ('76', '92', 'CREDIT', '562.89', 'aa8ae41a-eeff-435c-9197-385bd2490672', 'Modice ferre doceat iniurias et.', '2024-01-27 17:44:40');
INSERT INTO "wallet_transactions" ("wallet_transaction_id", "wallet_id", "transaction_type", "amount", "transaction_id", "remarks", "created_at") VALUES ('77', '80', 'CREDIT', '517.90', '581aa919-e19c-4ebe-b03f-1fca6727212c', 'Blanditiis praesentium voluptatum deleniti atque corrupti, quos dolores et quas molestias excepturi sint, obcaecati cupiditate non provident, similique sunt in eadem causa sunt, qua ante quam nati, et ad eos.', '2024-01-27 17:50:37');
INSERT INTO "wallet_transactions" ("wallet_transaction_id", "wallet_id", "transaction_type", "amount", "transaction_id", "remarks", "created_at") VALUES ('78', '51', 'CREDIT', '459.54', 'de91ca07-d715-4acc-87a8-b9c8d90b7ca0', 'Satisfacit, et quidem locis pluribus. Sed quot homines, tot sententiae; falli igitur possumus. Quam ob rem dissentientium inter se dissident atque discordant, ex quo vitam amarissimam necesse est effici, ut sapiens solum amputata circumcisaque inanitate omni et errore naturae.', '2024-01-27 17:52:56');
INSERT INTO "wallet_transactions" ("wallet_transaction_id", "wallet_id", "transaction_type", "amount", "transaction_id", "remarks", "created_at") VALUES ('79', '39', 'CREDIT', '467.28', '60a90265-aa41-4674-93f9-c1231122d82d', 'Movere hominum studia viderer, retinere non posse. Qui autem, si maxime hoc placeat, moderatius tamen id volunt fieri, difficilem quandam temperantiam postulant in eo, quod sit a dolore.', '2024-01-27 17:57:40');
INSERT INTO "wallet_transactions" ("wallet_transaction_id", "wallet_id", "transaction_type", "amount", "transaction_id", "remarks", "created_at") VALUES ('80', '87', 'DEBIT', '611.23', 'da7875db-8402-4d66-b674-48f5c7afd7a8', 'Iuste, nisi iucunde. Neque enim civitas in seditione beata esse potest nec in discordia dominorum domus; quo minus id, quod ipsi statuerunt, non possunt, conficiuntur et angore et metu maximeque cruciantur, cum sero sentiunt frustra se aut pecuniae studuisse aut imperiis aut opibus aut.', '2024-01-27 18:03:44');
INSERT INTO "wallet_transactions" ("wallet_transaction_id", "wallet_id", "transaction_type", "amount", "transaction_id", "remarks", "created_at") VALUES ('81', '32', 'CREDIT', '622.46', '41767d14-61bf-4385-b960-f2f339307ccc', 'Excelsus omni est liber cura et.', '2024-01-27 18:13:22');
INSERT INTO "wallet_transactions" ("wallet_transaction_id", "wallet_id", "transaction_type", "amount", "transaction_id", "remarks", "created_at") VALUES ('82', '70', 'CREDIT', '604.84', '2a27cc84-389d-4003-aed6-554c3691a13b', 'Magis quam dedocendi esse videantur. Invitat igitur vera ratio.', '2024-01-27 18:21:59');
INSERT INTO "wallet_transactions" ("wallet_transaction_id", "wallet_id", "transaction_type", "amount", "transaction_id", "remarks", "created_at") VALUES ('83', '68', 'CREDIT', '526.57', '14f7ce90-b44e-4f31-adbc-fa43016b01e7', 'Disputatum. Alii cum eas voluptates, quae ad amicos pertinerent, negarent esse per se esset et virtus et cognitio rerum, quod minime ille vult expetenda. Haec igitur.', '2024-01-27 18:25:14');
INSERT INTO "wallet_transactions" ("wallet_transaction_id", "wallet_id", "transaction_type", "amount", "transaction_id", "remarks", "created_at") VALUES ('84', '10', 'DEBIT', '510.41', 'f62c1e5b-31b1-40b9-9884-7d84cdc75c2c', 'Gravis, quam continens, quam severa sit. Non.', '2024-01-27 18:27:23');
INSERT INTO "wallet_transactions" ("wallet_transaction_id", "wallet_id", "transaction_type", "amount", "transaction_id", "remarks", "created_at") VALUES ('85', '56', 'DEBIT', '525.16', '737baa93-e3a2-44b2-8f02-248215163a78', 'Fruuntur, futura modo expectant, quae quia certa esse non possunt et, si essent vera, nihil afferrent, quo iucundius, id est in quo a populo Romano locatus sum, debeo.', '2024-01-27 18:28:30');
INSERT INTO "wallet_transactions" ("wallet_transaction_id", "wallet_id", "transaction_type", "amount", "transaction_id", "remarks", "created_at") VALUES ('86', '62', 'DEBIT', '388.63', '468a2ea8-c84b-4425-b863-9c7dcd53cbd2', 'Vidit, deinde hoc quoque alienum; nam ante Aristippus, et ille melius. Addidisti ad extremum.', '2024-01-27 18:37:19');
INSERT INTO "wallet_transactions" ("wallet_transaction_id", "wallet_id", "transaction_type", "amount", "transaction_id", "remarks", "created_at") VALUES ('87', '3', 'DEBIT', '522.14', 'eb233e9a-411b-475e-a19a-9e35e2b55483', 'De litteris, quarum summum erat in utroque studium, deinde Torquatus: Quoniam nacti.', '2024-01-27 18:41:05');
INSERT INTO "wallet_transactions" ("wallet_transaction_id", "wallet_id", "transaction_type", "amount", "transaction_id", "remarks", "created_at") VALUES ('88', '49', 'DEBIT', '398.48', 'a536a754-bb57-443e-b477-4f62a07188cd', 'Nec assiduitas nec vigiliae nec ea ipsa, quae ab illo inventore.', '2024-01-27 18:43:14');
INSERT INTO "wallet_transactions" ("wallet_transaction_id", "wallet_id", "transaction_type", "amount", "transaction_id", "remarks", "created_at") VALUES ('89', '92', 'DEBIT', '445.00', '8c3a8854-8e87-4df4-babf-2eaa1ee76d25', 'Et expedita distinctio. Nam libero tempore, cum soluta nobis est eligendi.', '2024-01-27 18:44:17');
INSERT INTO "wallet_transactions" ("wallet_transaction_id", "wallet_id", "transaction_type", "amount", "transaction_id", "remarks", "created_at") VALUES ('90', '9', 'DEBIT', '449.56', 'c1023c41-9739-49c8-a6e6-a1c09d0692e6', 'Ne ipsarum quidem virtutum laus, in qua maxime ceterorum philosophorum exultat oratio, reperire exitum potest, nisi derigatur ad voluptatem, voluptas autem est sola, quae nos a libidinum impetu et a spe pariendarum voluptatum seiungi non potest. Atque ut odia, invidiae, despicationes adversantur voluptatibus, sic amicitiae non posse reperiri. Quapropter si ea, quae voluptaria, delicata, mollis habeatur.', '2024-01-27 18:53:51');
INSERT INTO "wallet_transactions" ("wallet_transaction_id", "wallet_id", "transaction_type", "amount", "transaction_id", "remarks", "created_at") VALUES ('91', '50', 'DEBIT', '546.68', '7b004dfe-331c-40f7-9852-3ce1953f8510', 'Sentire possumus, animo autem et laetitiam nobis voluptas animi et corporis voluptatibus, videtisne.', '2024-01-27 18:59:39');
INSERT INTO "wallet_transactions" ("wallet_transaction_id", "wallet_id", "transaction_type", "amount", "transaction_id", "remarks", "created_at") VALUES ('92', '40', 'DEBIT', '491.14', 'e562bc96-ac07-47d7-8d55-b5eff04ae581', 'Res vero bonas verbis electis graviter ornateque dictas quis non legat? Nisi qui se plane Graecum dici velit.', '2024-01-27 19:01:58');
INSERT INTO "wallet_transactions" ("wallet_transaction_id", "wallet_id", "transaction_type", "amount", "transaction_id", "remarks", "created_at") VALUES ('93', '65', 'CREDIT', '541.61', '14f7ce90-b44e-4f31-adbc-fa43016b01e7', 'Circumcisaque inanitate omni et errore naturae finibus contentus sine aegritudine possit et sine metu degendae praesidia firmissima. -- Filium morte multavit. -- Si sine causa, nollem me ab eo dissentiunt.', '2024-01-27 19:10:47');
INSERT INTO "wallet_transactions" ("wallet_transaction_id", "wallet_id", "transaction_type", "amount", "transaction_id", "remarks", "created_at") VALUES ('94', '31', 'CREDIT', '468.88', 'e32d9f1a-586d-472a-a7ed-db40fc0a05f0', 'Ab ea nullo modo sine amicitia firmam et perpetuam iucunditatem vitae tenere possumus neque vero ipsam amicitiam tueri, nisi aeque amicos et nosmet ipsos diligamus, idcirco et hoc.', '2024-01-27 19:18:12');
INSERT INTO "wallet_transactions" ("wallet_transaction_id", "wallet_id", "transaction_type", "amount", "transaction_id", "remarks", "created_at") VALUES ('95', '20', 'CREDIT', '484.20', '9cf6cf0a-9e8e-4268-870d-62582297f65a', 'Dolor forte successerit, at contra gaudere nosmet omittendis doloribus, etiamsi voluptas ea, quae corrigere.', '2024-01-27 19:24:46');
INSERT INTO "wallet_transactions" ("wallet_transaction_id", "wallet_id", "transaction_type", "amount", "transaction_id", "remarks", "created_at") VALUES ('96', '68', 'DEBIT', '583.62', 'e562bc96-ac07-47d7-8d55-b5eff04ae581', 'Alii autem, quibus ego assentior, cum a philosophis compluribus permulta dicantur, cur nec voluptas in bonis sit numeranda nec in discordia dominorum domus; quo minus id, quod his libris quaeritur, qui sit.', '2024-01-27 19:31:47');
INSERT INTO "wallet_transactions" ("wallet_transaction_id", "wallet_id", "transaction_type", "amount", "transaction_id", "remarks", "created_at") VALUES ('97', '53', 'DEBIT', '579.99', '7b004dfe-331c-40f7-9852-3ce1953f8510', 'Impetum fecisse aut in voluptate esse aut in dolore. Omnis autem privatione doloris putat Epicurus terminari summam voluptatem, ut ea maior sit, si nihil efficeret; nunc expetitur, quod.', '2024-01-27 19:36:07');
INSERT INTO "wallet_transactions" ("wallet_transaction_id", "wallet_id", "transaction_type", "amount", "transaction_id", "remarks", "created_at") VALUES ('98', '37', 'CREDIT', '451.19', 'd902ad60-bafb-4ee4-bf32-fe1b439a7bd3', 'Quae paulo ante cum memoriter, tum etiam erga nos amice et benivole collegisti, nec me tamen laudandis maioribus.', '2024-01-27 19:41:35');
INSERT INTO "wallet_transactions" ("wallet_transaction_id", "wallet_id", "transaction_type", "amount", "transaction_id", "remarks", "created_at") VALUES ('99', '72', 'DEBIT', '487.84', 'ae3b67f1-cea8-497a-81df-bea6dc3a8907', 'Apte fieri possit, ut ab ea nullo modo probantur, tamen Democritum laudatum a ceteris ab hoc, qui eum unum secutus esset, nollem vituperatum. Iam in altera philosophiae parte.', '2024-01-27 19:44:33');
INSERT INTO "wallet_transactions" ("wallet_transaction_id", "wallet_id", "transaction_type", "amount", "transaction_id", "remarks", "created_at") VALUES ('100', '59', 'CREDIT', '497.21', '066d2ad0-6362-436c-b53f-60b3d5e9cbba', 'Exedunt animos conficiuntque curis hominum non intellegentium nihil dolendum esse animo, quod sit a dolore corporis praesenti futurove seiunctum. Nec vero quisquam stultus non horum morborum aliquo laborat.', '2024-01-27 19:48:55');

SET session_replication_role = 'origin';
