INSERT INTO "categories" ("category_id", "category_name") VALUES ('1', 'Home & Kitchen');
INSERT INTO "categories" ("category_id", "category_name") VALUES ('2', 'Clothing');
INSERT INTO "categories" ("category_id", "category_name") VALUES ('3', 'Health & Personal Care');
INSERT INTO "categories" ("category_id", "category_name") VALUES ('4', 'Beauty');
INSERT INTO "categories" ("category_id", "category_name") VALUES ('5', 'Health & Personal Care');
INSERT INTO "categories" ("category_id", "category_name") VALUES ('6', 'Beauty');
INSERT INTO "categories" ("category_id", "category_name") VALUES ('7', 'Electronics');
INSERT INTO "categories" ("category_id", "category_name") VALUES ('8', 'Clothing');
INSERT INTO "categories" ("category_id", "category_name") VALUES ('9', 'Home & Kitchen');
INSERT INTO "categories" ("category_id", "category_name") VALUES ('10', 'Home & Kitchen');
INSERT INTO "categories" ("category_id", "category_name") VALUES ('11', 'Toys & Games');
INSERT INTO "categories" ("category_id", "category_name") VALUES ('12', 'Automotive');
INSERT INTO "categories" ("category_id", "category_name") VALUES ('13', 'Books');
INSERT INTO "categories" ("category_id", "category_name") VALUES ('14', 'Sports & Outdoors');
INSERT INTO "categories" ("category_id", "category_name") VALUES ('15', 'Toys & Games');
INSERT INTO "categories" ("category_id", "category_name") VALUES ('16', 'Sports & Outdoors');
INSERT INTO "categories" ("category_id", "category_name") VALUES ('17', 'Sports & Outdoors');
INSERT INTO "categories" ("category_id", "category_name") VALUES ('18', 'Sports & Outdoors');
INSERT INTO "categories" ("category_id", "category_name") VALUES ('19', 'Clothing');
INSERT INTO "categories" ("category_id", "category_name") VALUES ('20', 'Electronics');
INSERT INTO "categories" ("category_id", "category_name") VALUES ('21', 'Books');
INSERT INTO "categories" ("category_id", "category_name") VALUES ('22', 'Office Supplies');
INSERT INTO "categories" ("category_id", "category_name") VALUES ('23', 'Clothing');
INSERT INTO "categories" ("category_id", "category_name") VALUES ('24', 'Office Supplies');
INSERT INTO "categories" ("category_id", "category_name") VALUES ('25', 'Beauty');
INSERT INTO "categories" ("category_id", "category_name") VALUES ('26', 'Sports & Outdoors');
INSERT INTO "categories" ("category_id", "category_name") VALUES ('27', 'Office Supplies');
INSERT INTO "categories" ("category_id", "category_name") VALUES ('28', 'Pet Supplies');
INSERT INTO "categories" ("category_id", "category_name") VALUES ('29', 'Beauty');
INSERT INTO "categories" ("category_id", "category_name") VALUES ('30', 'Clothing');
INSERT INTO "categories" ("category_id", "category_name") VALUES ('31', 'Office Supplies');
INSERT INTO "categories" ("category_id", "category_name") VALUES ('32', 'Automotive');
INSERT INTO "categories" ("category_id", "category_name") VALUES ('33', 'Office Supplies');
INSERT INTO "categories" ("category_id", "category_name") VALUES ('34', 'Automotive');
INSERT INTO "categories" ("category_id", "category_name") VALUES ('35', 'Books');
INSERT INTO "categories" ("category_id", "category_name") VALUES ('36', 'Clothing');
INSERT INTO "categories" ("category_id", "category_name") VALUES ('37', 'Beauty');
INSERT INTO "categories" ("category_id", "category_name") VALUES ('38', 'Clothing');
INSERT INTO "categories" ("category_id", "category_name") VALUES ('39', 'Toys & Games');
INSERT INTO "categories" ("category_id", "category_name") VALUES ('40', 'Electronics');
INSERT INTO "categories" ("category_id", "category_name") VALUES ('41', 'Home & Kitchen');
INSERT INTO "categories" ("category_id", "category_name") VALUES ('42', 'Home & Kitchen');
INSERT INTO "categories" ("category_id", "category_name") VALUES ('43', 'Pet Supplies');
INSERT INTO "categories" ("category_id", "category_name") VALUES ('44', 'Beauty');
INSERT INTO "categories" ("category_id", "category_name") VALUES ('45', 'Electronics');
INSERT INTO "categories" ("category_id", "category_name") VALUES ('46', 'Health & Personal Care');
INSERT INTO "categories" ("category_id", "category_name") VALUES ('47', 'Beauty');
INSERT INTO "categories" ("category_id", "category_name") VALUES ('48', 'Pet Supplies');
INSERT INTO "categories" ("category_id", "category_name") VALUES ('49', 'Electronics');
INSERT INTO "categories" ("category_id", "category_name") VALUES ('50', 'Clothing');
INSERT INTO "categories" ("category_id", "category_name") VALUES ('51', 'Toys & Games');
INSERT INTO "categories" ("category_id", "category_name") VALUES ('52', 'Sports & Outdoors');
INSERT INTO "categories" ("category_id", "category_name") VALUES ('53', 'Sports & Outdoors');
INSERT INTO "categories" ("category_id", "category_name") VALUES ('54', 'Toys & Games');
INSERT INTO "categories" ("category_id", "category_name") VALUES ('55', 'Clothing');
INSERT INTO "categories" ("category_id", "category_name") VALUES ('56', 'Pet Supplies');
INSERT INTO "categories" ("category_id", "category_name") VALUES ('57', 'Books');
INSERT INTO "categories" ("category_id", "category_name") VALUES ('58', 'Office Supplies');
INSERT INTO "categories" ("category_id", "category_name") VALUES ('59', 'Electronics');
INSERT INTO "categories" ("category_id", "category_name") VALUES ('60', 'Office Supplies');
INSERT INTO "categories" ("category_id", "category_name") VALUES ('61', 'Automotive');
INSERT INTO "categories" ("category_id", "category_name") VALUES ('62', 'Toys & Games');
INSERT INTO "categories" ("category_id", "category_name") VALUES ('63', 'Toys & Games');
INSERT INTO "categories" ("category_id", "category_name") VALUES ('64', 'Home & Kitchen');
INSERT INTO "categories" ("category_id", "category_name") VALUES ('65', 'Toys & Games');
INSERT INTO "categories" ("category_id", "category_name") VALUES ('66', 'Books');
INSERT INTO "categories" ("category_id", "category_name") VALUES ('67', 'Clothing');
INSERT INTO "categories" ("category_id", "category_name") VALUES ('68', 'Books');
INSERT INTO "categories" ("category_id", "category_name") VALUES ('69', 'Sports & Outdoors');
INSERT INTO "categories" ("category_id", "category_name") VALUES ('70', 'Electronics');
INSERT INTO "categories" ("category_id", "category_name") VALUES ('71', 'Office Supplies');
INSERT INTO "categories" ("category_id", "category_name") VALUES ('72', 'Clothing');
INSERT INTO "categories" ("category_id", "category_name") VALUES ('73', 'Home & Kitchen');
INSERT INTO "categories" ("category_id", "category_name") VALUES ('74', 'Electronics');
INSERT INTO "categories" ("category_id", "category_name") VALUES ('75', 'Health & Personal Care');
INSERT INTO "categories" ("category_id", "category_name") VALUES ('76', 'Clothing');
INSERT INTO "categories" ("category_id", "category_name") VALUES ('77', 'Sports & Outdoors');
INSERT INTO "categories" ("category_id", "category_name") VALUES ('78', 'Beauty');
INSERT INTO "categories" ("category_id", "category_name") VALUES ('79', 'Home & Kitchen');
INSERT INTO "categories" ("category_id", "category_name") VALUES ('80', 'Electronics');
INSERT INTO "categories" ("category_id", "category_name") VALUES ('81', 'Beauty');
INSERT INTO "categories" ("category_id", "category_name") VALUES ('82', 'Health & Personal Care');
INSERT INTO "categories" ("category_id", "category_name") VALUES ('83', 'Automotive');
INSERT INTO "categories" ("category_id", "category_name") VALUES ('84', 'Electronics');
INSERT INTO "categories" ("category_id", "category_name") VALUES ('85', 'Health & Personal Care');
INSERT INTO "categories" ("category_id", "category_name") VALUES ('86', 'Toys & Games');
INSERT INTO "categories" ("category_id", "category_name") VALUES ('87', 'Beauty');
INSERT INTO "categories" ("category_id", "category_name") VALUES ('88', 'Sports & Outdoors');
INSERT INTO "categories" ("category_id", "category_name") VALUES ('89', 'Home & Kitchen');
INSERT INTO "categories" ("category_id", "category_name") VALUES ('90', 'Pet Supplies');
INSERT INTO "categories" ("category_id", "category_name") VALUES ('91', 'Clothing');
INSERT INTO "categories" ("category_id", "category_name") VALUES ('92', 'Electronics');
INSERT INTO "categories" ("category_id", "category_name") VALUES ('93', 'Pet Supplies');
INSERT INTO "categories" ("category_id", "category_name") VALUES ('94', 'Beauty');
INSERT INTO "categories" ("category_id", "category_name") VALUES ('95', 'Sports & Outdoors');
INSERT INTO "categories" ("category_id", "category_name") VALUES ('96', 'Electronics');
INSERT INTO "categories" ("category_id", "category_name") VALUES ('97', 'Beauty');
INSERT INTO "categories" ("category_id", "category_name") VALUES ('98', 'Clothing');
INSERT INTO "categories" ("category_id", "category_name") VALUES ('99', 'Beauty');
INSERT INTO "categories" ("category_id", "category_name") VALUES ('100', 'Beauty');

INSERT INTO "customer" ("customer_id", "customer_name", "contact_number", "email", "address", "created_at") VALUES ('1', 'Janella Parsley', '(281) 016-7936', 'janella.parsley@aol.com', '13134 Tailfer Street, Houston, Texas, United States, 77080', '2024-10-27 03:21:24');
INSERT INTO "customer" ("customer_id", "customer_name", "contact_number", "email", "address", "created_at") VALUES ('2', 'Dulcy Mayman', '(203) 377-6700', 'dulcy.mayman@yahoo.com', '2884 Hammond Place, New Haven, Connecticut, United States, 06533', '2024-11-01 13:01:49');
INSERT INTO "customer" ("customer_id", "customer_name", "contact_number", "email", "address", "created_at") VALUES ('3', 'Aimee Hugnin', '(901) 449-5772', 'aimee.hugnin@aol.com', '11906 Braemar Place, Memphis, Tennessee, United States, 38114', '2024-06-16 05:28:01');
INSERT INTO "customer" ("customer_id", "customer_name", "contact_number", "email", "address", "created_at") VALUES ('4', 'Isabeau Sumpter', '(251) 828-2728', 'isabeau.sumpter@gmail.com', '251 Matisse Avenue, Mobile, Alabama, United States, 36616', '2024-03-23 09:50:58');
INSERT INTO "customer" ("customer_id", "customer_name", "contact_number", "email", "address", "created_at") VALUES ('5', 'Brion Owthwaite', '(260) 905-5806', 'brion.owthwaite@yahoo.co.in', '5961 Walker Loop, Fort Wayne, Indiana, United States, 46825', '2024-05-10 04:08:14');
INSERT INTO "customer" ("customer_id", "customer_name", "contact_number", "email", "address", "created_at") VALUES ('6', 'Martha Bulfoot', '(361) 128-5304', 'martha.bulfoot@yahoo.com', '12373 Bartlet Lane, Corpus Christi, Texas, United States, 78405', '2024-08-12 21:29:06');
INSERT INTO "customer" ("customer_id", "customer_name", "contact_number", "email", "address", "created_at") VALUES ('7', 'Rebekkah Targe', '(585) 726-6878', 'rebekkah.targe@yahoo.fr', '5675 Wading Heron Way, Rochester, New York, United States, 14639', '2025-01-07 18:46:33');
INSERT INTO "customer" ("customer_id", "customer_name", "contact_number", "email", "address", "created_at") VALUES ('8', 'Pascale Fern', '(618) 716-7551', 'pascale.fern@gmail.com', '10051 Brandywine Court, East Saint Louis, Illinois, United States, 62205', '2024-11-09 15:42:39');
INSERT INTO "customer" ("customer_id", "customer_name", "contact_number", "email", "address", "created_at") VALUES ('9', 'Ella McGeouch', '(909) 422-1083', 'ella.mcgeouch@yahoo.com', '5675 Arlington Loop, San Bernardino, California, United States, 92405', '2024-04-01 19:05:21');
INSERT INTO "customer" ("customer_id", "customer_name", "contact_number", "email", "address", "created_at") VALUES ('10', 'Krissie Randle', '(619) 470-6014', 'krissie.randle@yahoo.es', '1829 Florahome Way, San Diego, California, United States, 92186', '2024-11-15 22:49:00');
INSERT INTO "customer" ("customer_id", "customer_name", "contact_number", "email", "address", "created_at") VALUES ('11', 'Dorothy Matteris', '(919) 752-5848', 'dorothy.matteris@yahoo.com', '1965 Elm Street, Raleigh, North Carolina, United States, 27690', '2024-07-13 23:13:49');
INSERT INTO "customer" ("customer_id", "customer_name", "contact_number", "email", "address", "created_at") VALUES ('12', 'Ezechiel Caltera', '(973) 192-1206', 'ezechiel.caltera@aol.com', '8659 Denicola Drive, Newark, New Jersey, United States, 07104', '2025-01-24 17:19:02');
INSERT INTO "customer" ("customer_id", "customer_name", "contact_number", "email", "address", "created_at") VALUES ('13', 'Ermanno Button', '(661) 077-2313', 'ermanno.button@yahoo.com', '6747 Truman Avenue, Bakersfield, California, United States, 93386', '2024-09-07 04:38:15');
INSERT INTO "customer" ("customer_id", "customer_name", "contact_number", "email", "address", "created_at") VALUES ('14', 'Nolly Excell', '(954) 373-2593', 'nolly.excell@msn.com', '8934 Inman Mills Road, Miami, Florida, United States, 33180', '2024-09-14 22:26:17');
INSERT INTO "customer" ("customer_id", "customer_name", "contact_number", "email", "address", "created_at") VALUES ('15', 'Ondrea Kleyn', '(972) 852-5458', 'ondrea.kleyn@hotmail.com', '833 Calzada Court, Dallas, Texas, United States, 75210', '2024-06-08 19:48:47');
INSERT INTO "customer" ("customer_id", "customer_name", "contact_number", "email", "address", "created_at") VALUES ('16', 'Pieter Treadway', '(804) 713-5808', 'pieter.treadway@aol.com', '4094 Charlene Place, Richmond, Virginia, United States, 23260', '2025-01-19 23:13:50');
INSERT INTO "customer" ("customer_id", "customer_name", "contact_number", "email", "address", "created_at") VALUES ('17', 'Imojean Stennine', '(914) 783-1755', 'imojean.stennine@hotmail.com', '12433 Keel Court, White Plains, New York, United States, 10633', '2024-12-26 03:20:56');
INSERT INTO "customer" ("customer_id", "customer_name", "contact_number", "email", "address", "created_at") VALUES ('18', 'Joscelin Fitch', '(704) 494-0057', 'joscelin.fitch@yahoo.com', '14214 Bourne Avenue, Charlotte, North Carolina, United States, 28210', '2024-05-12 20:08:13');
INSERT INTO "customer" ("customer_id", "customer_name", "contact_number", "email", "address", "created_at") VALUES ('19', 'Kettie Osgorby', '(515) 579-5219', 'kettie.osgorby@gmail.com', '10166 Mantonya Terrace, Des Moines, Iowa, United States, 50330', '2024-12-13 06:41:22');
INSERT INTO "customer" ("customer_id", "customer_name", "contact_number", "email", "address", "created_at") VALUES ('20', 'Robbi Philpin', '(336) 223-5332', 'robbi.philpin@hotmail.com', '8379 Ultra Court, Winston Salem, North Carolina, United States, 27157', '2024-08-06 11:49:16');
INSERT INTO "customer" ("customer_id", "customer_name", "contact_number", "email", "address", "created_at") VALUES ('21', 'Minnnie Thirwell', '(210) 987-4728', 'minnnie.thirwell@gmail.com', '5318 Knight Avenue, San Antonio, Texas, United States, 78285', '2024-11-15 05:40:06');
INSERT INTO "customer" ("customer_id", "customer_name", "contact_number", "email", "address", "created_at") VALUES ('22', 'Henrietta Jirik', '(925) 637-9583', 'henrietta.jirik@gmail.com', '8710 Jim Street, Hayward, California, United States, 94544', '2024-04-18 15:08:31');
INSERT INTO "customer" ("customer_id", "customer_name", "contact_number", "email", "address", "created_at") VALUES ('23', 'Ola Siveter', '(386) 671-6196', 'ola.siveter@yahoo.com', '13599 Kaplan Court, Daytona Beach, Florida, United States, 32128', '2024-10-13 02:23:22');
INSERT INTO "customer" ("customer_id", "customer_name", "contact_number", "email", "address", "created_at") VALUES ('24', 'Adams Greenhalgh', '(816) 900-9185', 'adams.greenhalgh@hotmail.com', '1091 Grenadier Way, Kansas City, Missouri, United States, 64101', '2024-09-19 16:04:43');
INSERT INTO "customer" ("customer_id", "customer_name", "contact_number", "email", "address", "created_at") VALUES ('25', 'Rodge Kira', '(619) 613-5210', 'rodge.kira@gmail.com', '3648 Tolleson Trail, San Diego, California, United States, 92153', '2024-03-10 05:14:20');
INSERT INTO "customer" ("customer_id", "customer_name", "contact_number", "email", "address", "created_at") VALUES ('26', 'Fernanda Stealfox', '(804) 642-1858', 'fernanda.stealfox@hotmail.com', '7958 Halstead Terrace, Richmond, Virginia, United States, 23213', '2024-06-13 01:48:16');
INSERT INTO "customer" ("customer_id", "customer_name", "contact_number", "email", "address", "created_at") VALUES ('27', 'Arin Fedoronko', '(716) 761-3799', 'arin.fedoronko@hotmail.com', '1927 Einsgrove Way, Buffalo, New York, United States, 14215', '2024-03-04 20:57:22');
INSERT INTO "customer" ("customer_id", "customer_name", "contact_number", "email", "address", "created_at") VALUES ('28', 'Vidovic Acey', '(903) 739-5729', 'vidovic.acey@aol.com', '14186 Jessup Street, Tyler, Texas, United States, 75710', '2024-04-21 07:07:51');
INSERT INTO "customer" ("customer_id", "customer_name", "contact_number", "email", "address", "created_at") VALUES ('29', 'Francklin Gantzman', '(914) 545-7573', 'francklin.gantzman@yahoo.com', '9568 Arcola Court, Bronx, New York, United States, 10464', '2024-07-14 02:59:39');
INSERT INTO "customer" ("customer_id", "customer_name", "contact_number", "email", "address", "created_at") VALUES ('30', 'Philipa McEnteggart', '(706) 121-9653', 'philipa.mcenteggart@orange.fr', '13666 Khirbat Court, Augusta, Georgia, United States, 30905', '2024-06-11 10:44:12');
INSERT INTO "customer" ("customer_id", "customer_name", "contact_number", "email", "address", "created_at") VALUES ('31', 'Delmar Arber', '(513) 441-1936', 'delmar.arber@hotmail.com', '9448 Constance Court, Cincinnati, Ohio, United States, 45238', '2024-03-13 15:19:21');
INSERT INTO "customer" ("customer_id", "customer_name", "contact_number", "email", "address", "created_at") VALUES ('32', 'Betsey Manning', '(918) 678-4993', 'betsey.manning@yahoo.com', '4978 Davenport Drive, Tulsa, Oklahoma, United States, 74141', '2024-08-27 08:46:23');
INSERT INTO "customer" ("customer_id", "customer_name", "contact_number", "email", "address", "created_at") VALUES ('33', 'Emilee Braben', '(619) 044-8282', 'emilee.braben@hotmail.it', '10318 Tanglewood Place, San Diego, California, United States, 92110', '2024-04-16 04:21:25');
INSERT INTO "customer" ("customer_id", "customer_name", "contact_number", "email", "address", "created_at") VALUES ('34', 'Meredithe Juggings', '(512) 917-6965', 'meredithe.juggings@gmail.com', '10913 Fairview Lane, Austin, Texas, United States, 78737', '2025-01-08 00:13:55');
INSERT INTO "customer" ("customer_id", "customer_name", "contact_number", "email", "address", "created_at") VALUES ('35', 'Roddie Hannabus', '(217) 331-1168', 'roddie.hannabus@yandex.ru', '1870 Santa Clara Circle, Decatur, Illinois, United States, 62525', '2025-01-11 16:53:09');
INSERT INTO "customer" ("customer_id", "customer_name", "contact_number", "email", "address", "created_at") VALUES ('36', 'Udall Castagnone', '(215) 721-1308', 'udall.castagnone@gmail.com', '12248 Strong Street, Philadelphia, Pennsylvania, United States, 19160', '2024-05-23 20:03:58');
INSERT INTO "customer" ("customer_id", "customer_name", "contact_number", "email", "address", "created_at") VALUES ('37', 'Christine Jeram', '(405) 010-8135', 'christine.jeram@hotmail.com', '5670 Delgado Avenue, Oklahoma City, Oklahoma, United States, 73109', '2025-01-02 13:13:12');
INSERT INTO "customer" ("customer_id", "customer_name", "contact_number", "email", "address", "created_at") VALUES ('38', 'Rodolph Suggey', '(602) 368-1279', 'rodolph.suggey@yahoo.co.in', '11329 Gasparilla Place, Phoenix, Arizona, United States, 85077', '2024-12-23 14:38:05');
INSERT INTO "customer" ("customer_id", "customer_name", "contact_number", "email", "address", "created_at") VALUES ('39', 'Minne Bradick', '(508) 986-3348', 'minne.bradick@yahoo.com', '10764 Abercorn Court, Brockton, Massachusetts, United States, 02305', '2024-03-01 11:30:54');
INSERT INTO "customer" ("customer_id", "customer_name", "contact_number", "email", "address", "created_at") VALUES ('40', 'Renee McKyrrelly', '(909) 863-2818', 'renee.mckyrrelly@yahoo.com', '634 Jonquil Place, Riverside, California, United States, 92505', '2025-01-17 20:46:00');
INSERT INTO "customer" ("customer_id", "customer_name", "contact_number", "email", "address", "created_at") VALUES ('41', 'Dulcy Shrieve', '(316) 272-2179', 'dulcy.shrieve@ig.com.br', '6969 Abaco Path, Wichita, Kansas, United States, 67215', '2024-12-14 12:26:55');
INSERT INTO "customer" ("customer_id", "customer_name", "contact_number", "email", "address", "created_at") VALUES ('42', 'Vannie McGillreich', '(706) 551-0454', 'vannie.mcgillreich@gmail.com', '1626 Le Carpe Lane, Columbus, Georgia, United States, 31998', '2024-04-26 02:24:21');
INSERT INTO "customer" ("customer_id", "customer_name", "contact_number", "email", "address", "created_at") VALUES ('43', 'Gail Newiss', '(989) 529-1167', 'gail.newiss@hotmail.com', '6339 Abdella Way, Saginaw, Michigan, United States, 48609', '2024-05-12 05:12:11');
INSERT INTO "customer" ("customer_id", "customer_name", "contact_number", "email", "address", "created_at") VALUES ('44', 'Willem Ingledew', '(612) 908-7548', 'willem.ingledew@free.fr', '5014 Brinson Lane, Minneapolis, Minnesota, United States, 55458', '2024-04-09 01:02:26');
INSERT INTO "customer" ("customer_id", "customer_name", "contact_number", "email", "address", "created_at") VALUES ('45', 'Mattie Hakonsen', '(704) 956-3781', 'mattie.hakonsen@hotmail.com', '7560 Vinas Place, Charlotte, North Carolina, United States, 28235', '2024-08-09 15:10:09');
INSERT INTO "customer" ("customer_id", "customer_name", "contact_number", "email", "address", "created_at") VALUES ('46', 'Joelly Quernel', '(775) 978-7923', 'joelly.quernel@hotmail.com', '7715 Bladewood Court, Sparks, Nevada, United States, 89436', '2024-02-04 02:25:40');
INSERT INTO "customer" ("customer_id", "customer_name", "contact_number", "email", "address", "created_at") VALUES ('47', 'Lorin Ropkes', '(619) 263-7201', 'lorin.ropkes@ymail.com', '8414 Causey Court, San Diego, California, United States, 92191', '2024-10-24 19:29:12');
INSERT INTO "customer" ("customer_id", "customer_name", "contact_number", "email", "address", "created_at") VALUES ('48', 'Edi Bohl', '(609) 272-7558', 'edi.bohl@skynet.be', '9347 Netherton Lane, Trenton, New Jersey, United States, 08650', '2024-08-11 13:35:06');
INSERT INTO "customer" ("customer_id", "customer_name", "contact_number", "email", "address", "created_at") VALUES ('49', 'Noach Trevorrow', '(617) 086-0662', 'noach.trevorrow@gmail.com', '1977 Pierlussi Path, Watertown, Massachusetts, United States, 02472', '2024-09-08 20:13:48');
INSERT INTO "customer" ("customer_id", "customer_name", "contact_number", "email", "address", "created_at") VALUES ('50', 'Silvie Gardiner', '(772) 838-6946', 'silvie.gardiner@gmail.com', '9022 Parksville Path, Fort Pierce, Florida, United States, 34981', '2025-01-29 20:52:25');
INSERT INTO "customer" ("customer_id", "customer_name", "contact_number", "email", "address", "created_at") VALUES ('51', 'Scarlett Tebbe', '(402) 681-5393', 'scarlett.tebbe@hotmail.com', '7067 Sternemann Street, Lincoln, Nebraska, United States, 68524', '2024-02-20 02:12:59');
INSERT INTO "customer" ("customer_id", "customer_name", "contact_number", "email", "address", "created_at") VALUES ('52', 'Erich Rivallant', '(215) 820-0096', 'erich.rivallant@sbcglobal.net', '4490 Brock Court, Philadelphia, Pennsylvania, United States, 19141', '2025-01-18 07:59:52');
INSERT INTO "customer" ("customer_id", "customer_name", "contact_number", "email", "address", "created_at") VALUES ('53', 'Esme Clavey', '(305) 657-7145', 'esme.clavey@hotmail.com', '3768 Castlegate Court, Homestead, Florida, United States, 33034', '2024-04-25 00:24:15');
INSERT INTO "customer" ("customer_id", "customer_name", "contact_number", "email", "address", "created_at") VALUES ('54', 'Guenevere Sprackling', '(650) 820-7667', 'guenevere.sprackling@hotmail.com', '8774 Linda Lane, Redwood City, California, United States, 94064', '2024-03-12 11:30:50');
INSERT INTO "customer" ("customer_id", "customer_name", "contact_number", "email", "address", "created_at") VALUES ('55', 'Carmencita Canet', '(916) 398-0646', 'carmencita.canet@yahoo.com.br', '11303 Loomis Lane, Sacramento, California, United States, 95894', '2024-07-14 04:09:54');
INSERT INTO "customer" ("customer_id", "customer_name", "contact_number", "email", "address", "created_at") VALUES ('56', 'Carissa Mountford', '(203) 540-7232', 'carissa.mountford@hotmail.com', '3830 Medford Place, New Haven, Connecticut, United States, 06538', '2024-11-20 17:28:00');
INSERT INTO "customer" ("customer_id", "customer_name", "contact_number", "email", "address", "created_at") VALUES ('57', 'Miquela Hazlewood', '(210) 913-3973', 'miquela.hazlewood@yahoo.com', '1610 Ludlow Place, San Antonio, Texas, United States, 78296', '2024-08-12 11:03:53');
INSERT INTO "customer" ("customer_id", "customer_name", "contact_number", "email", "address", "created_at") VALUES ('58', 'Dianne Shakshaft', '(302) 765-5256', 'dianne.shakshaft@yandex.ru', '1810 Ciesco Road, Wilmington, Delaware, United States, 19805', '2024-11-28 22:46:26');
INSERT INTO "customer" ("customer_id", "customer_name", "contact_number", "email", "address", "created_at") VALUES ('59', 'Elita Petrolli', '(661) 852-6374', 'elita.petrolli@rambler.ru', '2891 Arlyn Place, Lancaster, California, United States, 93584', '2024-01-31 17:14:46');
INSERT INTO "customer" ("customer_id", "customer_name", "contact_number", "email", "address", "created_at") VALUES ('60', 'Felisha Downgate', '(504) 904-6025', 'felisha.downgate@yahoo.com', '13617 Socastee Place, New Orleans, Louisiana, United States, 70183', '2024-10-11 15:31:18');
INSERT INTO "customer" ("customer_id", "customer_name", "contact_number", "email", "address", "created_at") VALUES ('61', 'Nora McCallister', '(614) 859-2932', 'nora.mccallister@yahoo.com', '5338 Tuscaloosa Path, Columbus, Ohio, United States, 43268', '2024-07-18 10:12:49');
INSERT INTO "customer" ("customer_id", "customer_name", "contact_number", "email", "address", "created_at") VALUES ('62', 'Basilio Eve', '(904) 829-5439', 'basilio.eve@yahoo.com', '3472 Marbella Lane, Jacksonville, Florida, United States, 32244', '2024-03-03 14:52:10');
INSERT INTO "customer" ("customer_id", "customer_name", "contact_number", "email", "address", "created_at") VALUES ('63', 'Billi Butfield', '(312) 763-0717', 'billi.butfield@gmail.com', '1168 Dees Drive, Chicago, Illinois, United States, 60663', '2025-01-25 15:21:44');
INSERT INTO "customer" ("customer_id", "customer_name", "contact_number", "email", "address", "created_at") VALUES ('64', 'Gilberto Cabera', '(310) 729-3996', 'gilberto.cabera@yahoo.fr', '6726 Harvey Lane, Santa Monica, California, United States, 90410', '2024-07-20 09:35:19');
INSERT INTO "customer" ("customer_id", "customer_name", "contact_number", "email", "address", "created_at") VALUES ('65', 'Hetti Norquay', '(915) 811-0988', 'hetti.norquay@yahoo.com', '10513 Macarthur Court, El Paso, Texas, United States, 88535', '2025-01-03 03:14:40');
INSERT INTO "customer" ("customer_id", "customer_name", "contact_number", "email", "address", "created_at") VALUES ('66', 'Trevor Landers', '(203) 143-2485', 'trevor.landers@gmail.com', '3890 Reading Road, Danbury, Connecticut, United States, 06816', '2024-06-23 09:53:02');
INSERT INTO "customer" ("customer_id", "customer_name", "contact_number", "email", "address", "created_at") VALUES ('67', 'Riki Lakeland', '(612) 954-6113', 'riki.lakeland@yahoo.com', '5614 New Ellenton Loop, Minneapolis, Minnesota, United States, 55470', '2025-01-04 22:14:16');
INSERT INTO "customer" ("customer_id", "customer_name", "contact_number", "email", "address", "created_at") VALUES ('68', 'Babb Sjostrom', '(512) 339-4382', 'babb.sjostrom@yahoo.com', '2284 Shannon Loop, Austin, Texas, United States, 78769', '2024-02-26 07:30:39');
INSERT INTO "customer" ("customer_id", "customer_name", "contact_number", "email", "address", "created_at") VALUES ('69', 'Christophorus Marcq', '(505) 771-0158', 'christophorus.marcq@yahoo.com', '12894 Del Norte Drive, Santa Fe, New Mexico, United States, 87505', '2024-12-10 08:11:57');
INSERT INTO "customer" ("customer_id", "customer_name", "contact_number", "email", "address", "created_at") VALUES ('70', 'Norma Nisot', '(704) 692-6649', 'norma.nisot@hotmail.com', '8188 Kelley Margaret Place, Gastonia, North Carolina, United States, 28055', '2024-09-29 05:59:34');
INSERT INTO "customer" ("customer_id", "customer_name", "contact_number", "email", "address", "created_at") VALUES ('71', 'Marietta Milsap', '(412) 358-1717', 'marietta.milsap@yahoo.com', '12800 De La Fuente Court, Pittsburgh, Pennsylvania, United States, 15210', '2024-07-09 14:12:15');
INSERT INTO "customer" ("customer_id", "customer_name", "contact_number", "email", "address", "created_at") VALUES ('72', 'Willyt Clymer', '(502) 896-9609', 'willyt.clymer@gmail.com', '2792 Limestone Avenue, Frankfort, Kentucky, United States, 40618', '2024-10-14 12:55:54');
INSERT INTO "customer" ("customer_id", "customer_name", "contact_number", "email", "address", "created_at") VALUES ('73', 'Noella Yorkston', '(336) 634-1246', 'noella.yorkston@hotmail.com', '7719 Blythewood Loop, Winston Salem, North Carolina, United States, 27157', '2024-07-24 23:46:18');
INSERT INTO "customer" ("customer_id", "customer_name", "contact_number", "email", "address", "created_at") VALUES ('74', 'Teriann Bagnell', '(330) 544-5465', 'teriann.bagnell@hotmail.com', '12302 Circlewood Court, Youngstown, Ohio, United States, 44505', '2024-08-05 01:19:28');
INSERT INTO "customer" ("customer_id", "customer_name", "contact_number", "email", "address", "created_at") VALUES ('75', 'Pip Canepe', '(810) 199-4625', 'pip.canepe@hotmail.com', '9121 Ward Court, Flint, Michigan, United States, 48550', '2024-02-18 21:36:00');
INSERT INTO "customer" ("customer_id", "customer_name", "contact_number", "email", "address", "created_at") VALUES ('76', 'Sheela Kinnar', '(305) 424-6469', 'sheela.kinnar@hotmail.com', '8535 Braidfoot Lane, Miami, Florida, United States, 33261', '2024-09-30 14:15:39');
INSERT INTO "customer" ("customer_id", "customer_name", "contact_number", "email", "address", "created_at") VALUES ('77', 'Hewie Clack', '(504) 762-0032', 'hewie.clack@gmail.com', '11384 Alcona Avenue, New Orleans, Louisiana, United States, 70116', '2025-01-01 21:15:44');
INSERT INTO "customer" ("customer_id", "customer_name", "contact_number", "email", "address", "created_at") VALUES ('78', 'Laureen Olivetti', '(706) 626-8888', 'laureen.olivetti@gmail.com', '6386 Tanner Drive, Augusta, Georgia, United States, 30919', '2024-02-20 23:57:00');
INSERT INTO "customer" ("customer_id", "customer_name", "contact_number", "email", "address", "created_at") VALUES ('79', 'Valentin Habbert', '(907) 117-5265', 'valentin.habbert@hotmail.com', '8714 Richland Road, Anchorage, Alaska, United States, 99507', '2024-02-03 15:11:48');
INSERT INTO "customer" ("customer_id", "customer_name", "contact_number", "email", "address", "created_at") VALUES ('80', 'Alisander Thal', '(209) 024-2379', 'alisander.thal@gmail.com', '10707 Camino Del Rey Drive, Stockton, California, United States, 95298', '2024-10-30 03:34:30');
INSERT INTO "customer" ("customer_id", "customer_name", "contact_number", "email", "address", "created_at") VALUES ('81', 'Eduardo Thunder', '(334) 051-6228', 'eduardo.thunder@hotmail.com', '7422 San Diego Street, Birmingham, Alabama, United States, 35210', '2024-04-24 14:18:56');
INSERT INTO "customer" ("customer_id", "customer_name", "contact_number", "email", "address", "created_at") VALUES ('82', 'Chanda Kearle', '(810) 522-3820', 'chanda.kearle@hotmail.fr', '4143 Torrey Pines Drive, Flint, Michigan, United States, 48550', '2024-12-30 09:57:26');
INSERT INTO "customer" ("customer_id", "customer_name", "contact_number", "email", "address", "created_at") VALUES ('83', 'Stan Biles', '(701) 655-3891', 'stan.biles@yahoo.com', '6739 Buster Place, Fargo, North Dakota, United States, 58106', '2024-11-20 18:22:42');
INSERT INTO "customer" ("customer_id", "customer_name", "contact_number", "email", "address", "created_at") VALUES ('84', 'Fidela Klimentyonok', '(202) 388-3908', 'fidela.klimentyonok@hotmail.com', '4988 Montoya Drive, Washington, District of Columbia, United States, 20380', '2024-04-12 14:38:03');
INSERT INTO "customer" ("customer_id", "customer_name", "contact_number", "email", "address", "created_at") VALUES ('85', 'Stefan Stanier', '(651) 967-3920', 'stefan.stanier@hotmail.com', '8 May Terrace, Saint Paul, Minnesota, United States, 55146', '2024-08-16 09:13:13');
INSERT INTO "customer" ("customer_id", "customer_name", "contact_number", "email", "address", "created_at") VALUES ('86', 'Christos Scotfurth', '(336) 292-3613', 'christos.scotfurth@yahoo.com', '2634 Owen Drive, Winston Salem, North Carolina, United States, 27116', '2024-03-04 22:34:16');
INSERT INTO "customer" ("customer_id", "customer_name", "contact_number", "email", "address", "created_at") VALUES ('87', 'Kort Silverwood', '(435) 029-2392', 'kort.silverwood@yahoo.com', '11765 Magana Place, Salt Lake City, Utah, United States, 84105', '2024-05-26 03:43:45');
INSERT INTO "customer" ("customer_id", "customer_name", "contact_number", "email", "address", "created_at") VALUES ('88', 'Betta Yakovitch', '(214) 482-6309', 'betta.yakovitch@mail.ru', '1761 Dalecroft Trail, Plano, Texas, United States, 75074', '2024-03-24 03:37:18');
INSERT INTO "customer" ("customer_id", "customer_name", "contact_number", "email", "address", "created_at") VALUES ('89', 'Carolyn Hanstock', '(214) 296-5755', 'carolyn.hanstock@yahoo.com', '2341 Amador Place, Dallas, Texas, United States, 75387', '2024-10-02 19:29:35');
INSERT INTO "customer" ("customer_id", "customer_name", "contact_number", "email", "address", "created_at") VALUES ('90', 'Amalle Flanders', '(704) 207-7708', 'amalle.flanders@verizon.net', '87 Elm Street, Charlotte, North Carolina, United States, 28220', '2024-03-03 19:03:15');
INSERT INTO "customer" ("customer_id", "customer_name", "contact_number", "email", "address", "created_at") VALUES ('91', 'Elysha St Quenin', '(202) 077-5771', 'elysha.stquenin@yahoo.com', '7422 Claudio Lane, Washington, District of Columbia, United States, 20599', '2025-01-04 17:59:39');
INSERT INTO "customer" ("customer_id", "customer_name", "contact_number", "email", "address", "created_at") VALUES ('92', 'Taddeusz Knightley', '(816) 382-8399', 'taddeusz.knightley@gmail.com', '8731 Ashwood Run, Kansas City, Missouri, United States, 64136', '2024-11-27 23:12:39');
INSERT INTO "customer" ("customer_id", "customer_name", "contact_number", "email", "address", "created_at") VALUES ('93', 'Berkie Welford', '(202) 545-6875', 'berkie.welford@gmail.com', '3219 Simpsonville Lane, Washington, District of Columbia, United States, 20525', '2024-11-05 10:26:18');
INSERT INTO "customer" ("customer_id", "customer_name", "contact_number", "email", "address", "created_at") VALUES ('94', 'Ara Estoile', '(763) 594-3827', 'ara.estoile@hotmail.com', '7830 Brine Way, Minneapolis, Minnesota, United States, 55446', '2024-12-03 15:50:29');
INSERT INTO "customer" ("customer_id", "customer_name", "contact_number", "email", "address", "created_at") VALUES ('95', 'Kelby Dalzell', '(303) 306-2163', 'kelby.dalzell@hotmail.com', '8698 Dagenais Way, Denver, Colorado, United States, 80217', '2024-03-04 23:14:22');
INSERT INTO "customer" ("customer_id", "customer_name", "contact_number", "email", "address", "created_at") VALUES ('96', 'Lawrence Flaherty', '(508) 717-7700', 'lawrence.flaherty@yahoo.com', '13749 Salamanca Street, Worcester, Massachusetts, United States, 01654', '2024-05-23 12:42:02');
INSERT INTO "customer" ("customer_id", "customer_name", "contact_number", "email", "address", "created_at") VALUES ('97', 'Daniela Twiddle', '(414) 689-6167', 'daniela.twiddle@gmail.com', '13466 Ashley Street, Milwaukee, Wisconsin, United States, 53285', '2024-07-28 11:21:39');
INSERT INTO "customer" ("customer_id", "customer_name", "contact_number", "email", "address", "created_at") VALUES ('98', 'Jemimah Danher', '(443) 159-5419', 'jemimah.danher@aol.com', '12599 Ottley Terrace, Annapolis, Maryland, United States, 21405', '2024-03-28 04:23:59');
INSERT INTO "customer" ("customer_id", "customer_name", "contact_number", "email", "address", "created_at") VALUES ('99', 'Crysta Cottell', '(361) 328-2230', 'crysta.cottell@msn.com', '8390 Markward Drive, Corpus Christi, Texas, United States, 78475', '2024-12-26 21:10:12');
INSERT INTO "customer" ("customer_id", "customer_name", "contact_number", "email", "address", "created_at") VALUES ('100', 'Milissent Regenhardt', '(757) 611-7536', 'milissent.regenhardt@msn.com', '3437 River Oaks Circle, Virginia Beach, Virginia, United States, 23471', '2024-12-23 07:49:21');

INSERT INTO "delivery" ("delivery_id", "order_id", "employee_id", "delivery_status", "estimated_time", "actual_delivery_time") VALUES ('1', '51', '46', 'Cancelled', '2024-03-23 11:13:43', '2024-04-02 10:40:58');
INSERT INTO "delivery" ("delivery_id", "order_id", "employee_id", "delivery_status", "estimated_time", "actual_delivery_time") VALUES ('2', '45', '69', 'Delivered', '2024-08-17 05:23:16', '2024-08-22 15:54:42');
INSERT INTO "delivery" ("delivery_id", "order_id", "employee_id", "delivery_status", "estimated_time", "actual_delivery_time") VALUES ('3', '87', '8', 'Awaiting Pickup', '2025-01-10 19:28:36', '2025-01-16 14:21:04');
INSERT INTO "delivery" ("delivery_id", "order_id", "employee_id", "delivery_status", "estimated_time", "actual_delivery_time") VALUES ('4', '2', '35', 'Delayed', '2024-02-18 06:19:34', '2024-02-21 22:52:40');
INSERT INTO "delivery" ("delivery_id", "order_id", "employee_id", "delivery_status", "estimated_time", "actual_delivery_time") VALUES ('5', '34', '89', 'Shipped', '2024-12-16 01:05:28', '2024-12-25 04:55:44');
INSERT INTO "delivery" ("delivery_id", "order_id", "employee_id", "delivery_status", "estimated_time", "actual_delivery_time") VALUES ('6', '63', '29', 'Pickup Scheduled', '2025-01-23 22:37:50', '2025-01-28 00:29:28');
INSERT INTO "delivery" ("delivery_id", "order_id", "employee_id", "delivery_status", "estimated_time", "actual_delivery_time") VALUES ('7', '72', '99', 'Pickup Scheduled', '2024-11-13 03:58:20', '2024-11-21 05:59:11');
INSERT INTO "delivery" ("delivery_id", "order_id", "employee_id", "delivery_status", "estimated_time", "actual_delivery_time") VALUES ('8', '6', '13', 'Out for Delivery', '2024-11-11 15:24:39', '2024-11-19 01:44:16');
INSERT INTO "delivery" ("delivery_id", "order_id", "employee_id", "delivery_status", "estimated_time", "actual_delivery_time") VALUES ('9', '43', '54', 'Delivered', '2024-11-02 21:25:14', '2024-11-03 03:53:29');
INSERT INTO "delivery" ("delivery_id", "order_id", "employee_id", "delivery_status", "estimated_time", "actual_delivery_time") VALUES ('10', '38', '50', 'Delivered', '2024-07-08 21:39:52', '2024-07-11 07:09:09');
INSERT INTO "delivery" ("delivery_id", "order_id", "employee_id", "delivery_status", "estimated_time", "actual_delivery_time") VALUES ('11', '80', '21', 'Out for Delivery', '2024-03-26 11:35:03', '2024-04-02 17:30:46');
INSERT INTO "delivery" ("delivery_id", "order_id", "employee_id", "delivery_status", "estimated_time", "actual_delivery_time") VALUES ('12', '69', '23', 'Returned', '2024-11-30 16:25:57', '2024-12-06 23:25:12');
INSERT INTO "delivery" ("delivery_id", "order_id", "employee_id", "delivery_status", "estimated_time", "actual_delivery_time") VALUES ('13', '33', '73', 'Returned', '2024-12-08 09:39:17', '2024-12-11 16:47:40');
INSERT INTO "delivery" ("delivery_id", "order_id", "employee_id", "delivery_status", "estimated_time", "actual_delivery_time") VALUES ('14', '89', '42', 'Pending', '2024-02-05 12:32:03', '2024-02-10 18:04:27');
INSERT INTO "delivery" ("delivery_id", "order_id", "employee_id", "delivery_status", "estimated_time", "actual_delivery_time") VALUES ('15', '94', '6', 'Pending', '2024-03-22 20:04:54', '2024-03-25 22:37:44');
INSERT INTO "delivery" ("delivery_id", "order_id", "employee_id", "delivery_status", "estimated_time", "actual_delivery_time") VALUES ('16', '88', '20', 'Awaiting Pickup', '2024-08-18 03:01:13', '2024-08-26 02:14:30');
INSERT INTO "delivery" ("delivery_id", "order_id", "employee_id", "delivery_status", "estimated_time", "actual_delivery_time") VALUES ('17', '93', '35', 'Returned', '2024-11-14 19:06:10', '2024-11-16 00:23:24');
INSERT INTO "delivery" ("delivery_id", "order_id", "employee_id", "delivery_status", "estimated_time", "actual_delivery_time") VALUES ('18', '73', '48', 'Out for Delivery', '2024-05-23 01:59:50', '2024-06-02 01:50:22');
INSERT INTO "delivery" ("delivery_id", "order_id", "employee_id", "delivery_status", "estimated_time", "actual_delivery_time") VALUES ('19', '38', '82', 'Awaiting Pickup', '2024-07-08 13:12:07', '2024-07-15 20:55:06');
INSERT INTO "delivery" ("delivery_id", "order_id", "employee_id", "delivery_status", "estimated_time", "actual_delivery_time") VALUES ('20', '88', '34', 'Awaiting Pickup', '2024-07-22 02:29:01', '2024-07-25 22:10:11');
INSERT INTO "delivery" ("delivery_id", "order_id", "employee_id", "delivery_status", "estimated_time", "actual_delivery_time") VALUES ('21', '39', '86', 'Out for Delivery', '2025-01-26 08:08:56', '2025-02-03 11:51:52');
INSERT INTO "delivery" ("delivery_id", "order_id", "employee_id", "delivery_status", "estimated_time", "actual_delivery_time") VALUES ('22', '73', '52', 'Returned', '2024-06-20 09:09:43', '2024-06-24 04:04:15');
INSERT INTO "delivery" ("delivery_id", "order_id", "employee_id", "delivery_status", "estimated_time", "actual_delivery_time") VALUES ('23', '38', '91', 'Delayed', '2025-01-27 13:09:07', '2025-02-01 11:19:38');
INSERT INTO "delivery" ("delivery_id", "order_id", "employee_id", "delivery_status", "estimated_time", "actual_delivery_time") VALUES ('24', '10', '22', 'Pickup Scheduled', '2024-11-27 09:16:36', '2024-12-05 14:59:41');
INSERT INTO "delivery" ("delivery_id", "order_id", "employee_id", "delivery_status", "estimated_time", "actual_delivery_time") VALUES ('25', '99', '56', 'Delayed', '2024-06-24 07:18:03', '2024-07-01 04:50:49');
INSERT INTO "delivery" ("delivery_id", "order_id", "employee_id", "delivery_status", "estimated_time", "actual_delivery_time") VALUES ('26', '90', '27', 'Pending', '2025-01-09 02:47:07', '2025-01-10 08:03:48');
INSERT INTO "delivery" ("delivery_id", "order_id", "employee_id", "delivery_status", "estimated_time", "actual_delivery_time") VALUES ('27', '90', '97', 'Awaiting Pickup', '2024-11-11 20:32:28', '2024-11-19 08:46:26');
INSERT INTO "delivery" ("delivery_id", "order_id", "employee_id", "delivery_status", "estimated_time", "actual_delivery_time") VALUES ('28', '18', '88', 'Returned', '2024-03-21 20:18:57', '2024-03-30 00:45:57');
INSERT INTO "delivery" ("delivery_id", "order_id", "employee_id", "delivery_status", "estimated_time", "actual_delivery_time") VALUES ('29', '36', '76', 'Delivered', '2024-07-02 10:19:33', '2024-07-09 16:25:05');
INSERT INTO "delivery" ("delivery_id", "order_id", "employee_id", "delivery_status", "estimated_time", "actual_delivery_time") VALUES ('30', '86', '45', 'Pickup Scheduled', '2024-12-04 02:59:39', '2024-12-09 12:25:24');
INSERT INTO "delivery" ("delivery_id", "order_id", "employee_id", "delivery_status", "estimated_time", "actual_delivery_time") VALUES ('31', '38', '6', 'Delivered', '2024-05-19 00:48:09', '2024-05-28 09:00:47');
INSERT INTO "delivery" ("delivery_id", "order_id", "employee_id", "delivery_status", "estimated_time", "actual_delivery_time") VALUES ('32', '5', '1', 'Returned', '2024-10-15 18:55:23', '2024-10-17 20:16:58');
INSERT INTO "delivery" ("delivery_id", "order_id", "employee_id", "delivery_status", "estimated_time", "actual_delivery_time") VALUES ('33', '21', '13', 'Awaiting Pickup', '2024-12-13 05:44:01', '2024-12-14 01:19:10');
INSERT INTO "delivery" ("delivery_id", "order_id", "employee_id", "delivery_status", "estimated_time", "actual_delivery_time") VALUES ('34', '5', '21', 'Delayed', '2024-09-04 00:54:18', '2024-09-05 02:33:34');
INSERT INTO "delivery" ("delivery_id", "order_id", "employee_id", "delivery_status", "estimated_time", "actual_delivery_time") VALUES ('35', '56', '26', 'Delivered', '2024-10-23 13:32:40', '2024-10-26 05:55:44');
INSERT INTO "delivery" ("delivery_id", "order_id", "employee_id", "delivery_status", "estimated_time", "actual_delivery_time") VALUES ('36', '15', '90', 'Pickup Scheduled', '2024-05-24 12:01:03', '2024-05-27 14:03:00');
INSERT INTO "delivery" ("delivery_id", "order_id", "employee_id", "delivery_status", "estimated_time", "actual_delivery_time") VALUES ('37', '75', '76', 'Delayed', '2024-08-07 21:26:48', '2024-08-11 20:35:25');
INSERT INTO "delivery" ("delivery_id", "order_id", "employee_id", "delivery_status", "estimated_time", "actual_delivery_time") VALUES ('38', '68', '91', 'Pickup Scheduled', '2024-04-15 16:48:21', '2024-04-21 19:04:27');
INSERT INTO "delivery" ("delivery_id", "order_id", "employee_id", "delivery_status", "estimated_time", "actual_delivery_time") VALUES ('39', '38', '25', 'Pending', '2024-06-20 05:08:09', '2024-06-30 05:00:59');
INSERT INTO "delivery" ("delivery_id", "order_id", "employee_id", "delivery_status", "estimated_time", "actual_delivery_time") VALUES ('40', '7', '97', 'Pickup Scheduled', '2024-07-24 12:36:05', '2024-07-30 10:21:35');
INSERT INTO "delivery" ("delivery_id", "order_id", "employee_id", "delivery_status", "estimated_time", "actual_delivery_time") VALUES ('41', '24', '28', 'Cancelled', '2024-04-27 06:42:55', '2024-05-06 18:22:13');
INSERT INTO "delivery" ("delivery_id", "order_id", "employee_id", "delivery_status", "estimated_time", "actual_delivery_time") VALUES ('42', '64', '35', 'Delayed', '2024-07-19 08:51:15', '2024-07-24 08:23:31');
INSERT INTO "delivery" ("delivery_id", "order_id", "employee_id", "delivery_status", "estimated_time", "actual_delivery_time") VALUES ('43', '69', '17', 'Cancelled', '2024-08-30 06:27:04', '2024-08-30 06:57:49');
INSERT INTO "delivery" ("delivery_id", "order_id", "employee_id", "delivery_status", "estimated_time", "actual_delivery_time") VALUES ('44', '21', '60', 'Awaiting Pickup', '2024-02-03 08:46:53', '2024-02-10 01:23:33');
INSERT INTO "delivery" ("delivery_id", "order_id", "employee_id", "delivery_status", "estimated_time", "actual_delivery_time") VALUES ('45', '59', '65', 'Delayed', '2024-02-25 11:44:20', '2024-03-05 17:03:43');
INSERT INTO "delivery" ("delivery_id", "order_id", "employee_id", "delivery_status", "estimated_time", "actual_delivery_time") VALUES ('46', '30', '74', 'Returned', '2024-10-17 07:22:39', '2024-10-25 18:25:09');
INSERT INTO "delivery" ("delivery_id", "order_id", "employee_id", "delivery_status", "estimated_time", "actual_delivery_time") VALUES ('47', '88', '92', 'Delivered', '2024-03-31 10:33:30', '2024-04-07 10:07:31');
INSERT INTO "delivery" ("delivery_id", "order_id", "employee_id", "delivery_status", "estimated_time", "actual_delivery_time") VALUES ('48', '10', '35', 'Awaiting Pickup', '2024-12-07 19:05:18', '2024-12-15 10:14:10');
INSERT INTO "delivery" ("delivery_id", "order_id", "employee_id", "delivery_status", "estimated_time", "actual_delivery_time") VALUES ('49', '9', '60', 'Delivered', '2024-11-09 23:48:28', '2024-11-11 21:12:26');
INSERT INTO "delivery" ("delivery_id", "order_id", "employee_id", "delivery_status", "estimated_time", "actual_delivery_time") VALUES ('50', '94', '64', 'Out for Delivery', '2025-01-22 12:03:24', '2025-01-25 15:07:46');
INSERT INTO "delivery" ("delivery_id", "order_id", "employee_id", "delivery_status", "estimated_time", "actual_delivery_time") VALUES ('51', '48', '10', 'Pickup Scheduled', '2024-08-09 01:31:28', '2024-08-14 07:36:58');
INSERT INTO "delivery" ("delivery_id", "order_id", "employee_id", "delivery_status", "estimated_time", "actual_delivery_time") VALUES ('52', '21', '41', 'Shipped', '2024-10-09 10:45:40', '2024-10-19 00:54:10');
INSERT INTO "delivery" ("delivery_id", "order_id", "employee_id", "delivery_status", "estimated_time", "actual_delivery_time") VALUES ('53', '77', '88', 'Awaiting Pickup', '2024-03-22 14:29:09', '2024-03-23 12:06:32');
INSERT INTO "delivery" ("delivery_id", "order_id", "employee_id", "delivery_status", "estimated_time", "actual_delivery_time") VALUES ('54', '87', '31', 'Delayed', '2024-12-28 23:56:48', '2024-12-31 20:10:32');
INSERT INTO "delivery" ("delivery_id", "order_id", "employee_id", "delivery_status", "estimated_time", "actual_delivery_time") VALUES ('55', '17', '12', 'Pickup Scheduled', '2024-09-28 03:59:52', '2024-10-04 22:19:19');
INSERT INTO "delivery" ("delivery_id", "order_id", "employee_id", "delivery_status", "estimated_time", "actual_delivery_time") VALUES ('56', '96', '90', 'Pickup Scheduled', '2024-03-24 10:18:28', '2024-03-25 14:45:40');
INSERT INTO "delivery" ("delivery_id", "order_id", "employee_id", "delivery_status", "estimated_time", "actual_delivery_time") VALUES ('57', '63', '11', 'Awaiting Pickup', '2024-06-30 03:36:49', '2024-07-05 09:34:42');
INSERT INTO "delivery" ("delivery_id", "order_id", "employee_id", "delivery_status", "estimated_time", "actual_delivery_time") VALUES ('58', '60', '44', 'Delayed', '2024-02-12 03:55:31', '2024-02-12 19:37:56');
INSERT INTO "delivery" ("delivery_id", "order_id", "employee_id", "delivery_status", "estimated_time", "actual_delivery_time") VALUES ('59', '44', '91', 'Out for Delivery', '2024-03-06 05:34:08', '2024-03-14 07:35:42');
INSERT INTO "delivery" ("delivery_id", "order_id", "employee_id", "delivery_status", "estimated_time", "actual_delivery_time") VALUES ('60', '18', '65', 'Pending', '2024-11-21 23:06:31', '2024-11-25 08:39:01');
INSERT INTO "delivery" ("delivery_id", "order_id", "employee_id", "delivery_status", "estimated_time", "actual_delivery_time") VALUES ('61', '93', '14', 'Awaiting Pickup', '2025-01-28 00:39:06', '2025-02-04 07:10:44');
INSERT INTO "delivery" ("delivery_id", "order_id", "employee_id", "delivery_status", "estimated_time", "actual_delivery_time") VALUES ('62', '47', '35', 'Awaiting Pickup', '2024-05-04 15:28:35', '2024-05-08 06:21:16');
INSERT INTO "delivery" ("delivery_id", "order_id", "employee_id", "delivery_status", "estimated_time", "actual_delivery_time") VALUES ('63', '27', '100', 'Pickup Scheduled', '2024-12-13 04:45:41', '2024-12-22 20:48:06');
INSERT INTO "delivery" ("delivery_id", "order_id", "employee_id", "delivery_status", "estimated_time", "actual_delivery_time") VALUES ('64', '24', '98', 'Awaiting Pickup', '2024-11-14 04:22:38', '2024-11-19 02:06:28');
INSERT INTO "delivery" ("delivery_id", "order_id", "employee_id", "delivery_status", "estimated_time", "actual_delivery_time") VALUES ('65', '74', '82', 'Out for Delivery', '2024-04-09 08:18:59', '2024-04-10 13:11:01');
INSERT INTO "delivery" ("delivery_id", "order_id", "employee_id", "delivery_status", "estimated_time", "actual_delivery_time") VALUES ('66', '70', '67', 'Awaiting Pickup', '2024-10-28 17:19:33', '2024-10-30 01:30:53');
INSERT INTO "delivery" ("delivery_id", "order_id", "employee_id", "delivery_status", "estimated_time", "actual_delivery_time") VALUES ('67', '36', '78', 'Pending', '2024-12-28 20:09:03', '2025-01-01 16:43:06');
INSERT INTO "delivery" ("delivery_id", "order_id", "employee_id", "delivery_status", "estimated_time", "actual_delivery_time") VALUES ('68', '42', '43', 'Pickup Scheduled', '2024-05-07 02:17:47', '2024-05-14 13:52:58');
INSERT INTO "delivery" ("delivery_id", "order_id", "employee_id", "delivery_status", "estimated_time", "actual_delivery_time") VALUES ('69', '76', '7', 'Out for Delivery', '2024-07-31 13:58:06', '2024-08-06 13:10:29');
INSERT INTO "delivery" ("delivery_id", "order_id", "employee_id", "delivery_status", "estimated_time", "actual_delivery_time") VALUES ('70', '47', '72', 'Awaiting Pickup', '2024-11-25 09:20:42', '2024-11-27 05:29:11');
INSERT INTO "delivery" ("delivery_id", "order_id", "employee_id", "delivery_status", "estimated_time", "actual_delivery_time") VALUES ('71', '30', '13', 'Delayed', '2024-09-20 00:15:49', '2024-09-22 10:29:52');
INSERT INTO "delivery" ("delivery_id", "order_id", "employee_id", "delivery_status", "estimated_time", "actual_delivery_time") VALUES ('72', '54', '30', 'Returned', '2024-09-06 13:53:32', '2024-09-12 08:30:55');
INSERT INTO "delivery" ("delivery_id", "order_id", "employee_id", "delivery_status", "estimated_time", "actual_delivery_time") VALUES ('73', '91', '87', 'Returned', '2024-04-02 12:47:21', '2024-04-06 13:15:44');
INSERT INTO "delivery" ("delivery_id", "order_id", "employee_id", "delivery_status", "estimated_time", "actual_delivery_time") VALUES ('74', '96', '57', 'Shipped', '2025-01-04 23:58:45', '2025-01-08 08:23:40');
INSERT INTO "delivery" ("delivery_id", "order_id", "employee_id", "delivery_status", "estimated_time", "actual_delivery_time") VALUES ('75', '26', '99', 'Pending', '2024-06-04 06:52:56', '2024-06-09 19:28:08');
INSERT INTO "delivery" ("delivery_id", "order_id", "employee_id", "delivery_status", "estimated_time", "actual_delivery_time") VALUES ('76', '30', '60', 'Returned', '2024-06-27 03:00:26', '2024-07-06 10:05:03');
INSERT INTO "delivery" ("delivery_id", "order_id", "employee_id", "delivery_status", "estimated_time", "actual_delivery_time") VALUES ('77', '50', '78', 'Delivered', '2024-12-27 11:10:06', '2025-01-05 23:16:08');
INSERT INTO "delivery" ("delivery_id", "order_id", "employee_id", "delivery_status", "estimated_time", "actual_delivery_time") VALUES ('78', '68', '33', 'Out for Delivery', '2024-07-24 13:09:04', '2024-07-25 16:38:07');
INSERT INTO "delivery" ("delivery_id", "order_id", "employee_id", "delivery_status", "estimated_time", "actual_delivery_time") VALUES ('79', '68', '93', 'Pickup Scheduled', '2024-09-01 17:42:23', '2024-09-04 02:27:08');
INSERT INTO "delivery" ("delivery_id", "order_id", "employee_id", "delivery_status", "estimated_time", "actual_delivery_time") VALUES ('80', '68', '43', 'Out for Delivery', '2024-04-10 09:33:45', '2024-04-17 18:27:06');
INSERT INTO "delivery" ("delivery_id", "order_id", "employee_id", "delivery_status", "estimated_time", "actual_delivery_time") VALUES ('81', '94', '81', 'Pending', '2025-01-20 03:06:45', '2025-01-24 16:30:35');
INSERT INTO "delivery" ("delivery_id", "order_id", "employee_id", "delivery_status", "estimated_time", "actual_delivery_time") VALUES ('82', '18', '92', 'Out for Delivery', '2024-07-12 09:51:28', '2024-07-12 12:12:54');
INSERT INTO "delivery" ("delivery_id", "order_id", "employee_id", "delivery_status", "estimated_time", "actual_delivery_time") VALUES ('83', '63', '86', 'Returned', '2024-03-06 05:22:49', '2024-03-13 05:14:18');
INSERT INTO "delivery" ("delivery_id", "order_id", "employee_id", "delivery_status", "estimated_time", "actual_delivery_time") VALUES ('84', '81', '47', 'Delivered', '2024-11-08 12:17:27', '2024-11-14 12:03:19');
INSERT INTO "delivery" ("delivery_id", "order_id", "employee_id", "delivery_status", "estimated_time", "actual_delivery_time") VALUES ('85', '85', '40', 'Delayed', '2024-12-05 13:59:22', '2024-12-13 00:55:08');
INSERT INTO "delivery" ("delivery_id", "order_id", "employee_id", "delivery_status", "estimated_time", "actual_delivery_time") VALUES ('86', '99', '65', 'Pending', '2024-05-03 10:27:38', '2024-05-11 07:11:51');
INSERT INTO "delivery" ("delivery_id", "order_id", "employee_id", "delivery_status", "estimated_time", "actual_delivery_time") VALUES ('87', '35', '29', 'Cancelled', '2024-04-07 12:41:59', '2024-04-17 08:58:14');
INSERT INTO "delivery" ("delivery_id", "order_id", "employee_id", "delivery_status", "estimated_time", "actual_delivery_time") VALUES ('88', '30', '53', 'Delivered', '2024-03-19 22:21:35', '2024-03-21 06:11:16');
INSERT INTO "delivery" ("delivery_id", "order_id", "employee_id", "delivery_status", "estimated_time", "actual_delivery_time") VALUES ('89', '60', '95', 'Shipped', '2024-04-23 21:34:36', '2024-04-27 22:51:12');
INSERT INTO "delivery" ("delivery_id", "order_id", "employee_id", "delivery_status", "estimated_time", "actual_delivery_time") VALUES ('90', '22', '75', 'Pickup Scheduled', '2024-05-28 20:54:17', '2024-06-04 22:45:47');
INSERT INTO "delivery" ("delivery_id", "order_id", "employee_id", "delivery_status", "estimated_time", "actual_delivery_time") VALUES ('91', '66', '97', 'Delayed', '2024-03-15 15:06:10', '2024-03-23 09:36:14');
INSERT INTO "delivery" ("delivery_id", "order_id", "employee_id", "delivery_status", "estimated_time", "actual_delivery_time") VALUES ('92', '17', '92', 'Pickup Scheduled', '2024-02-10 15:59:41', '2024-02-12 21:50:43');
INSERT INTO "delivery" ("delivery_id", "order_id", "employee_id", "delivery_status", "estimated_time", "actual_delivery_time") VALUES ('93', '30', '27', 'Shipped', '2024-04-20 13:20:28', '2024-04-28 09:53:26');
INSERT INTO "delivery" ("delivery_id", "order_id", "employee_id", "delivery_status", "estimated_time", "actual_delivery_time") VALUES ('94', '15', '26', 'Awaiting Pickup', '2025-01-26 20:45:39', '2025-01-30 10:52:17');
INSERT INTO "delivery" ("delivery_id", "order_id", "employee_id", "delivery_status", "estimated_time", "actual_delivery_time") VALUES ('95', '28', '18', 'Pickup Scheduled', '2024-09-21 05:58:24', '2024-09-25 02:50:40');
INSERT INTO "delivery" ("delivery_id", "order_id", "employee_id", "delivery_status", "estimated_time", "actual_delivery_time") VALUES ('96', '14', '46', 'Delivered', '2024-03-29 07:33:10', '2024-04-03 18:09:12');
INSERT INTO "delivery" ("delivery_id", "order_id", "employee_id", "delivery_status", "estimated_time", "actual_delivery_time") VALUES ('97', '72', '84', 'Pending', '2024-04-08 18:38:37', '2024-04-10 16:08:47');
INSERT INTO "delivery" ("delivery_id", "order_id", "employee_id", "delivery_status", "estimated_time", "actual_delivery_time") VALUES ('98', '73', '82', 'Pending', '2024-04-02 06:06:40', '2024-04-07 16:49:39');
INSERT INTO "delivery" ("delivery_id", "order_id", "employee_id", "delivery_status", "estimated_time", "actual_delivery_time") VALUES ('99', '92', '10', 'Delivered', '2024-07-04 14:00:44', '2024-07-07 14:14:04');
INSERT INTO "delivery" ("delivery_id", "order_id", "employee_id", "delivery_status", "estimated_time", "actual_delivery_time") VALUES ('100', '4', '97', 'Out for Delivery', '2024-05-11 00:21:17', '2024-05-14 08:29:27');

INSERT INTO "foods" ("food_id", "food_name", "category_id", "price_per_unit", "description") VALUES ('1', 'Organic Coconut Yogurt', '21', '4.49', 'Dairy-free yogurt made from coconut milk.');
INSERT INTO "foods" ("food_id", "food_name", "category_id", "price_per_unit", "description") VALUES ('2', 'Glass Tea Pot', '23', '34.99', 'Elegant glass teapot for brewing loose tea.');
INSERT INTO "foods" ("food_id", "food_name", "category_id", "price_per_unit", "description") VALUES ('3', 'Rechargeable Laptop Battery Pack', '75', '49.99', 'Portable battery pack to charge laptops while on the move.');
INSERT INTO "foods" ("food_id", "food_name", "category_id", "price_per_unit", "description") VALUES ('4', 'Mini Indoor Herb Garden Kit', '83', '24.99', 'All-in-one kit for growing herbs in your kitchen.');
INSERT INTO "foods" ("food_id", "food_name", "category_id", "price_per_unit", "description") VALUES ('5', 'Smartwatch', '43', '199.99', 'Stylish smartwatch with fitness tracking features.');
INSERT INTO "foods" ("food_id", "food_name", "category_id", "price_per_unit", "description") VALUES ('6', 'Smartphone Photography Ring Light', '46', '29.99', 'Portable ring light that enhances your photos with perfect lighting.');
INSERT INTO "foods" ("food_id", "food_name", "category_id", "price_per_unit", "description") VALUES ('7', 'Spiralizer', '100', '22.99', 'Vegetable spiralizer for healthy meals.');
INSERT INTO "foods" ("food_id", "food_name", "category_id", "price_per_unit", "description") VALUES ('8', 'Peanut Butter Chocolate Chip Bars', '31', '4.59', 'Chewy bars made with peanut butter and chocolate chips.');
INSERT INTO "foods" ("food_id", "food_name", "category_id", "price_per_unit", "description") VALUES ('9', 'Mushrooms', '38', '2.99', 'Fresh button mushrooms, great for cooking.');
INSERT INTO "foods" ("food_id", "food_name", "category_id", "price_per_unit", "description") VALUES ('10', 'Microfiber Cleaning Cloths', '42', '9.99', 'Pack of ultra-soft microfiber cloths for cleaning.');
INSERT INTO "foods" ("food_id", "food_name", "category_id", "price_per_unit", "description") VALUES ('11', 'Cheesy Cauliflower Bake', '45', '5.49', 'A frozen cheesy bake made with cauliflower, great as a side dish or a vegetarian meal.');
INSERT INTO "foods" ("food_id", "food_name", "category_id", "price_per_unit", "description") VALUES ('12', 'Electric Stir Fry Pan', '88', '49.99', 'Large stir fry pan with non-stick surface.');
INSERT INTO "foods" ("food_id", "food_name", "category_id", "price_per_unit", "description") VALUES ('13', 'Vegetable Stock', '99', '2.49', 'Rich vegetable stock for cooking soups and stews.');
INSERT INTO "foods" ("food_id", "food_name", "category_id", "price_per_unit", "description") VALUES ('14', 'Ethical Wool Scarf', '98', '29.99', 'A warm and sustainable wool scarf for chilly days.');
INSERT INTO "foods" ("food_id", "food_name", "category_id", "price_per_unit", "description") VALUES ('15', 'Whole Wheat Pita Bread', '46', '2.79', 'Soft and fluffy whole wheat pita bread, great for wraps.');
INSERT INTO "foods" ("food_id", "food_name", "category_id", "price_per_unit", "description") VALUES ('16', 'Couscous Mix', '9', '2.49', 'Fluffy couscous that cooks in just minutes, perfect as a side.');
INSERT INTO "foods" ("food_id", "food_name", "category_id", "price_per_unit", "description") VALUES ('17', 'Reversible Comforter Set', '48', '89.99', 'Soft comforter set for a cozy bedroom look.');
INSERT INTO "foods" ("food_id", "food_name", "category_id", "price_per_unit", "description") VALUES ('18', 'Quinoa Salad', '53', '5.99', 'A nutritious quinoa salad with veggies and dressing, ready-to-eat.');
INSERT INTO "foods" ("food_id", "food_name", "category_id", "price_per_unit", "description") VALUES ('19', 'Vegetable Stir-Fry Sauce', '66', '3.49', 'Savory sauce for vegetable and meat stir-fries.');
INSERT INTO "foods" ("food_id", "food_name", "category_id", "price_per_unit", "description") VALUES ('20', 'Chipotle Lime Salsa', '93', '3.99', 'Spicy salsa with chipotle and lime for a zesty kick.');
INSERT INTO "foods" ("food_id", "food_name", "category_id", "price_per_unit", "description") VALUES ('21', 'Smart Water Bottle', '2', '39.99', 'Water bottle that tracks your hydration levels.');
INSERT INTO "foods" ("food_id", "food_name", "category_id", "price_per_unit", "description") VALUES ('22', 'Artisan Bread Loaf', '32', '3.99', 'Fresh artisan bread, perfect for sandwiches');
INSERT INTO "foods" ("food_id", "food_name", "category_id", "price_per_unit", "description") VALUES ('23', 'Handheld Vacuum', '76', '79.99', 'Cordless handheld vacuum for quick cleanups.');
INSERT INTO "foods" ("food_id", "food_name", "category_id", "price_per_unit", "description") VALUES ('24', 'Greek Yogurt Parfait', '22', '4.49', 'Layered Greek yogurt with granola and mixed berries, ready to enjoy.');
INSERT INTO "foods" ("food_id", "food_name", "category_id", "price_per_unit", "description") VALUES ('25', 'Fleece Lined Leggings', '55', '29.99', 'Comfortable and warm leggings perfect for colder weather.');
INSERT INTO "foods" ("food_id", "food_name", "category_id", "price_per_unit", "description") VALUES ('26', 'Cotton Quilted Throw Blanket', '76', '39.99', 'Cozy throw blanket perfect for adding warmth to your home.');
INSERT INTO "foods" ("food_id", "food_name", "category_id", "price_per_unit", "description") VALUES ('27', 'Dried Fruit Medley', '50', '5.49', 'A delightful mix of dried fruits for trail mix or snacks.');
INSERT INTO "foods" ("food_id", "food_name", "category_id", "price_per_unit", "description") VALUES ('28', 'Sushi Rice', '17', '3.99', 'Short-grain sushi rice for perfect rolls.');
INSERT INTO "foods" ("food_id", "food_name", "category_id", "price_per_unit", "description") VALUES ('29', 'Miso Soup Starter', '55', '2.99', 'Miso paste for making traditional Japanese miso soup.');
INSERT INTO "foods" ("food_id", "food_name", "category_id", "price_per_unit", "description") VALUES ('30', 'Set of Herb Garden Markers', '12', '8.99', 'Stylish markers for labeling your indoor garden plants.');
INSERT INTO "foods" ("food_id", "food_name", "category_id", "price_per_unit", "description") VALUES ('31', 'Vegan Alfredo Sauce', '61', '4.99', 'Creamy, dairy-free Alfredo sauce');
INSERT INTO "foods" ("food_id", "food_name", "category_id", "price_per_unit", "description") VALUES ('32', 'Cinnamon Sugar Donuts', '94', '4.99', 'Delicious mini donuts dusted with cinnamon sugar.');
INSERT INTO "foods" ("food_id", "food_name", "category_id", "price_per_unit", "description") VALUES ('33', 'Sriracha Honey Glaze', '21', '3.59', 'A spicy glaze made with sriracha and honey, perfect for meats.');
INSERT INTO "foods" ("food_id", "food_name", "category_id", "price_per_unit", "description") VALUES ('34', 'Kids Tablet', '53', '129.99', 'Durable tablet designed for kids with parental controls.');
INSERT INTO "foods" ("food_id", "food_name", "category_id", "price_per_unit", "description") VALUES ('35', 'Window Bird Feeder', '24', '19.99', 'Suction cup bird feeder for close-up bird watching.');
INSERT INTO "foods" ("food_id", "food_name", "category_id", "price_per_unit", "description") VALUES ('36', 'Strawberry Rhubarb Jam', '62', '4.29', 'A sweet and tart jam, perfect on toast or in desserts.');
INSERT INTO "foods" ("food_id", "food_name", "category_id", "price_per_unit", "description") VALUES ('37', 'Sliced Turkey Breast', '80', '5.49', 'Oven-roasted sliced turkey, perfect for sandwiches.');
INSERT INTO "foods" ("food_id", "food_name", "category_id", "price_per_unit", "description") VALUES ('38', 'Oven-Baked Potato Chips', '43', '2.79', 'Light and crispy baked potato chips in assorted flavors.');
INSERT INTO "foods" ("food_id", "food_name", "category_id", "price_per_unit", "description") VALUES ('39', 'Leek and Potato Soup', '37', '3.29', 'Savory soup made with leeks and potatoes.');
INSERT INTO "foods" ("food_id", "food_name", "category_id", "price_per_unit", "description") VALUES ('40', 'Vegetable Sushi Rolls', '84', '5.99', 'Fresh sushi rolls filled with a variety of vegetables.');
INSERT INTO "foods" ("food_id", "food_name", "category_id", "price_per_unit", "description") VALUES ('41', 'Avocado Lime Dressing', '9', '4.29', 'Refreshing dressing made with avocado and lime, perfect for salads.');
INSERT INTO "foods" ("food_id", "food_name", "category_id", "price_per_unit", "description") VALUES ('42', 'Essential White Button-Up', '99', '44.99', 'A classic white button-up shirt for a polished appearance.');
INSERT INTO "foods" ("food_id", "food_name", "category_id", "price_per_unit", "description") VALUES ('43', 'Portable Camping Shower', '79', '39.99', 'Convenient shower system for camping and outdoor activities.');
INSERT INTO "foods" ("food_id", "food_name", "category_id", "price_per_unit", "description") VALUES ('44', 'Sustainable Wooden Toys', '4', '29.99', 'Eco-friendly toys for learning and imaginative play.');
INSERT INTO "foods" ("food_id", "food_name", "category_id", "price_per_unit", "description") VALUES ('45', 'Chocolate Hazelnut Granola', '17', '4.49', 'Crunchy granola with chocolate and hazelnuts for breakfast.');
INSERT INTO "foods" ("food_id", "food_name", "category_id", "price_per_unit", "description") VALUES ('46', 'Herbed Goat Cheese', '37', '5.49', 'Tangy goat cheese infused with herbs, perfect for snacking.');
INSERT INTO "foods" ("food_id", "food_name", "category_id", "price_per_unit", "description") VALUES ('47', 'Faux Fur Throw Blanket', '29', '39.99', 'Cozy faux fur blanket to add warmth and style to your home.');
INSERT INTO "foods" ("food_id", "food_name", "category_id", "price_per_unit", "description") VALUES ('48', 'Sliced Turkey Breast', '80', '5.49', 'Oven-roasted sliced turkey, perfect for sandwiches.');
INSERT INTO "foods" ("food_id", "food_name", "category_id", "price_per_unit", "description") VALUES ('49', 'Mesh Sports Leggings', '65', '39.99', 'Breathable mesh sports leggings for ultimate comfort.');
INSERT INTO "foods" ("food_id", "food_name", "category_id", "price_per_unit", "description") VALUES ('50', 'Handmade Soap Making Kit', '57', '34.99', 'Complete kit for crafting your own scented soaps.');
INSERT INTO "foods" ("food_id", "food_name", "category_id", "price_per_unit", "description") VALUES ('51', 'Teriyaki Beef Strips', '39', '7.49', 'Marinated beef strips in teriyaki sauce for easy grilling.');
INSERT INTO "foods" ("food_id", "food_name", "category_id", "price_per_unit", "description") VALUES ('52', 'Chocolate Covered Pretzels', '85', '3.29', 'Crunchy pretzels coated in rich chocolate, a sweet treat.');
INSERT INTO "foods" ("food_id", "food_name", "category_id", "price_per_unit", "description") VALUES ('53', 'Toilet Paper (12 rolls)', '69', '8.99', 'Soft and strong toilet paper for everyday use.');
INSERT INTO "foods" ("food_id", "food_name", "category_id", "price_per_unit", "description") VALUES ('54', 'Banana Peanut Butter Smoothie', '49', '5.49', 'Frozen smoothie mix with bananas and peanut butter for a quick drink.');
INSERT INTO "foods" ("food_id", "food_name", "category_id", "price_per_unit", "description") VALUES ('55', 'Multi-Functional Rice Cooker', '18', '49.99', 'Electric rice cooker with multiple cooking settings for perfect rice.');
INSERT INTO "foods" ("food_id", "food_name", "category_id", "price_per_unit", "description") VALUES ('56', 'Garlic and Herb Cream Cheese', '53', '3.49', 'Spreadable cream cheese with garlic and herbs.');
INSERT INTO "foods" ("food_id", "food_name", "category_id", "price_per_unit", "description") VALUES ('57', 'Rechargeable Battery Organizer', '71', '17.99', 'Tidy storage solution for rechargeable batteries.');
INSERT INTO "foods" ("food_id", "food_name", "category_id", "price_per_unit", "description") VALUES ('58', 'Tomatillo Salsa', '3', '3.29', 'Tangy salsa made from tomatillos and peppers.');
INSERT INTO "foods" ("food_id", "food_name", "category_id", "price_per_unit", "description") VALUES ('59', 'Comfy Slippers', '41', '29.99', 'Soft and cozy slippers for indoor wear.');
INSERT INTO "foods" ("food_id", "food_name", "category_id", "price_per_unit", "description") VALUES ('60', 'Plant-Based Protein Bars', '47', '19.99', 'Nutritious protein bars for on-the-go snacking.');
INSERT INTO "foods" ("food_id", "food_name", "category_id", "price_per_unit", "description") VALUES ('61', 'Turkey Bacon', '8', '3.99', 'Delicious turkey bacon, a healthier alternative.');
INSERT INTO "foods" ("food_id", "food_name", "category_id", "price_per_unit", "description") VALUES ('62', 'Vegan Taco Seasoning', '71', '2.49', 'Spice blend for creating flavorful vegan taco filling.');
INSERT INTO "foods" ("food_id", "food_name", "category_id", "price_per_unit", "description") VALUES ('63', 'Smart LED Desk Lamp', '95', '39.99', 'Adjustable lamp with multiple brightness levels and colors.');
INSERT INTO "foods" ("food_id", "food_name", "category_id", "price_per_unit", "description") VALUES ('64', 'Smartphone Photography Tripod', '99', '29.99', 'Lightweight tripod designed for smartphone photography.');
INSERT INTO "foods" ("food_id", "food_name", "category_id", "price_per_unit", "description") VALUES ('65', 'Pineapple Teriyaki Chicken Mix', '24', '6.99', 'A perfect blend of pineapple and teriyaki for stir-fry.');
INSERT INTO "foods" ("food_id", "food_name", "category_id", "price_per_unit", "description") VALUES ('66', 'Coconut Chia Seed Pudding', '100', '2.99', 'Ready-to-eat chia seed pudding made with coconut milk, perfect for breakfast or dessert.');
INSERT INTO "foods" ("food_id", "food_name", "category_id", "price_per_unit", "description") VALUES ('67', 'Mediterranean Couscous', '84', '3.59', 'Flavored couscous with herbs and spices, perfect as a side dish or a base for salads.');
INSERT INTO "foods" ("food_id", "food_name", "category_id", "price_per_unit", "description") VALUES ('68', 'Frozen Spinach', '14', '1.99', 'Chopped and frozen spinach, ideal for cooking and smoothies.');
INSERT INTO "foods" ("food_id", "food_name", "category_id", "price_per_unit", "description") VALUES ('69', 'Apple Pie Filling', '45', '3.49', 'Sweet and spiced apple filling, perfect for pies.');
INSERT INTO "foods" ("food_id", "food_name", "category_id", "price_per_unit", "description") VALUES ('70', 'Vegetable Broth', '88', '2.29', 'Rich vegetable broth for soups and stews.');
INSERT INTO "foods" ("food_id", "food_name", "category_id", "price_per_unit", "description") VALUES ('71', 'Pepper Jack Cheese Slices', '44', '3.49', 'Creamy cheese with a spicy kick, perfect for sandwiches.');
INSERT INTO "foods" ("food_id", "food_name", "category_id", "price_per_unit", "description") VALUES ('72', 'Waffle Maker', '68', '39.99', 'Make delicious waffles with this user-friendly device.');
INSERT INTO "foods" ("food_id", "food_name", "category_id", "price_per_unit", "description") VALUES ('73', 'Underwater Camera', '71', '199.99', 'Waterproof camera for capturing underwater adventures.');
INSERT INTO "foods" ("food_id", "food_name", "category_id", "price_per_unit", "description") VALUES ('74', 'Pet Grooming Kit', '86', '39.99', 'Complete grooming kit for dogs and cats.');
INSERT INTO "foods" ("food_id", "food_name", "category_id", "price_per_unit", "description") VALUES ('75', 'Outdoor Sports Backpack', '15', '49.99', 'Durable backpack designed for hiking and outdoor excursions.');
INSERT INTO "foods" ("food_id", "food_name", "category_id", "price_per_unit", "description") VALUES ('76', 'Garden Hose Reel', '95', '49.99', 'Compact hose reel to keep your garden tidy.');
INSERT INTO "foods" ("food_id", "food_name", "category_id", "price_per_unit", "description") VALUES ('77', 'Chic Ankle Strap Heels', '92', '69.99', 'Stylish ankle strap heels for a classy look at any event.');
INSERT INTO "foods" ("food_id", "food_name", "category_id", "price_per_unit", "description") VALUES ('78', 'Black Bean & Corn Salad', '54', '3.99', 'A fresh salad made with black beans, corn, and a zesty dressing, great for summer cookouts.');
INSERT INTO "foods" ("food_id", "food_name", "category_id", "price_per_unit", "description") VALUES ('79', 'Cinnamon Sugar Tortilla Chips', '37', '3.29', 'Crispy chips with a sweet twist, perfect for dipping.');
INSERT INTO "foods" ("food_id", "food_name", "category_id", "price_per_unit", "description") VALUES ('80', 'Honey Garlic Shrimp', '30', '8.49', 'Shrimp marinated in a honey garlic sauce, ready to cook.');
INSERT INTO "foods" ("food_id", "food_name", "category_id", "price_per_unit", "description") VALUES ('81', 'Mini Air Purifier', '79', '49.99', 'Battery-operated air purifier for small spaces.');
INSERT INTO "foods" ("food_id", "food_name", "category_id", "price_per_unit", "description") VALUES ('82', 'Electric Rice Cooker', '63', '39.99', 'Multi-function rice cooker for all types of rice recipes.');
INSERT INTO "foods" ("food_id", "food_name", "category_id", "price_per_unit", "description") VALUES ('83', 'Comfortable Bed Pillow', '37', '24.99', 'Supportive pillow designed for a good night''s sleep.');
INSERT INTO "foods" ("food_id", "food_name", "category_id", "price_per_unit", "description") VALUES ('84', 'Ready-to-Eat Chili', '60', '2.99', 'Spicy chili in a can, ready to eat for a filling meal.');
INSERT INTO "foods" ("food_id", "food_name", "category_id", "price_per_unit", "description") VALUES ('85', 'Paprika', '31', '1.79', 'Rich and sweet paprika spice for seasoning.');
INSERT INTO "foods" ("food_id", "food_name", "category_id", "price_per_unit", "description") VALUES ('86', 'Portable Phone Mug Holder', '25', '14.99', 'Convenient holder for drinks and phones while driving.');
INSERT INTO "foods" ("food_id", "food_name", "category_id", "price_per_unit", "description") VALUES ('87', 'Kale Chips', '3', '3.99', 'Healthy, crunchy kale chips, a nutritious snack.');
INSERT INTO "foods" ("food_id", "food_name", "category_id", "price_per_unit", "description") VALUES ('88', 'Beef Jerky', '32', '5.99', 'Savory, protein-rich beef jerky for on-the-go snacking.');
INSERT INTO "foods" ("food_id", "food_name", "category_id", "price_per_unit", "description") VALUES ('89', 'Quinoa and Kale Salad Kit', '20', '5.29', 'Ready-to-eat salad with quinoa and kale, drizzled with vinaigrette.');
INSERT INTO "foods" ("food_id", "food_name", "category_id", "price_per_unit", "description") VALUES ('90', 'Safety Pin Dispenser', '57', '5.99', 'Handy dispenser for quick access to safety pins.');
INSERT INTO "foods" ("food_id", "food_name", "category_id", "price_per_unit", "description") VALUES ('91', 'Sweet Potatoes', '65', '0.89', 'Sweet and nutritious potatoes, great for roasting.');
INSERT INTO "foods" ("food_id", "food_name", "category_id", "price_per_unit", "description") VALUES ('92', 'Garlic Parmesan Roasted Potatoes', '33', '3.99', 'Oven-roasted potatoes tossed in garlic and parmesan cheese seasoning.');
INSERT INTO "foods" ("food_id", "food_name", "category_id", "price_per_unit", "description") VALUES ('93', 'Electric Hot Pot', '80', '49.99', 'Compact electric pot for hot pot dining at home.');
INSERT INTO "foods" ("food_id", "food_name", "category_id", "price_per_unit", "description") VALUES ('94', 'Handmade Wooden Utensil Set', '34', '24.99', 'Unique handcrafted utensils for cooking and serving.');
INSERT INTO "foods" ("food_id", "food_name", "category_id", "price_per_unit", "description") VALUES ('95', 'Cinnamon Apple Sauce', '68', '2.49', 'Delicious apple sauce with a hint of cinnamon');
INSERT INTO "foods" ("food_id", "food_name", "category_id", "price_per_unit", "description") VALUES ('96', 'Crispy Rice Treats', '57', '3.5', 'Classic marshmallow treats made with crispy rice.');
INSERT INTO "foods" ("food_id", "food_name", "category_id", "price_per_unit", "description") VALUES ('97', 'Electric Air Pump', '31', '29.99', 'Fast and convenient air pump for inflating toys and furniture.');
INSERT INTO "foods" ("food_id", "food_name", "category_id", "price_per_unit", "description") VALUES ('98', 'Almond Coconut Granola', '77', '3.99', 'Crunchy granola with almonds and coconut.');
INSERT INTO "foods" ("food_id", "food_name", "category_id", "price_per_unit", "description") VALUES ('99', 'Tomato Paste', '7', '1.29', 'Concentrated tomato paste, great for sauces.');
INSERT INTO "foods" ("food_id", "food_name", "category_id", "price_per_unit", "description") VALUES ('100', 'Reflective Safety Vest', '76', '19.99', 'Bright safety vest for outdoor visibility during any activity.');

INSERT INTO "offers" ("offer_id", "restaurant_id", "discount_percentage", "valid_from", "valid_until") VALUES ('1', '14', '93', '2024-10-13 15:17:13', '2024-10-14 11:15:02');
INSERT INTO "offers" ("offer_id", "restaurant_id", "discount_percentage", "valid_from", "valid_until") VALUES ('2', '85', '55', '2024-03-25 11:36:39', '2024-03-31 03:36:52');
INSERT INTO "offers" ("offer_id", "restaurant_id", "discount_percentage", "valid_from", "valid_until") VALUES ('3', '43', '16', '2024-09-30 14:29:57', '2024-10-06 18:30:38');
INSERT INTO "offers" ("offer_id", "restaurant_id", "discount_percentage", "valid_from", "valid_until") VALUES ('4', '50', '2', '2025-01-30 04:33:43', '2025-02-06 08:27:08');
INSERT INTO "offers" ("offer_id", "restaurant_id", "discount_percentage", "valid_from", "valid_until") VALUES ('5', '34', '45', '2025-01-09 20:51:58', '2025-01-14 18:44:58');
INSERT INTO "offers" ("offer_id", "restaurant_id", "discount_percentage", "valid_from", "valid_until") VALUES ('6', '95', '27', '2024-12-11 14:25:40', '2024-12-18 16:52:38');
INSERT INTO "offers" ("offer_id", "restaurant_id", "discount_percentage", "valid_from", "valid_until") VALUES ('7', '28', '80', '2024-11-19 05:41:04', '2024-11-19 17:26:57');
INSERT INTO "offers" ("offer_id", "restaurant_id", "discount_percentage", "valid_from", "valid_until") VALUES ('8', '20', '3', '2024-05-14 21:47:37', '2024-05-17 08:43:43');
INSERT INTO "offers" ("offer_id", "restaurant_id", "discount_percentage", "valid_from", "valid_until") VALUES ('9', '83', '92', '2024-11-19 04:22:43', '2024-11-20 14:57:40');
INSERT INTO "offers" ("offer_id", "restaurant_id", "discount_percentage", "valid_from", "valid_until") VALUES ('10', '14', '44', '2024-06-16 11:17:50', '2024-06-16 21:55:52');
INSERT INTO "offers" ("offer_id", "restaurant_id", "discount_percentage", "valid_from", "valid_until") VALUES ('11', '47', '91', '2024-07-20 00:50:05', '2024-07-24 11:58:42');
INSERT INTO "offers" ("offer_id", "restaurant_id", "discount_percentage", "valid_from", "valid_until") VALUES ('12', '97', '38', '2024-07-14 19:27:37', '2024-07-15 13:50:32');
INSERT INTO "offers" ("offer_id", "restaurant_id", "discount_percentage", "valid_from", "valid_until") VALUES ('13', '39', '15', '2024-08-31 06:47:48', '2024-09-04 08:25:35');
INSERT INTO "offers" ("offer_id", "restaurant_id", "discount_percentage", "valid_from", "valid_until") VALUES ('14', '96', '17', '2024-05-05 11:19:10', '2024-05-11 05:38:16');
INSERT INTO "offers" ("offer_id", "restaurant_id", "discount_percentage", "valid_from", "valid_until") VALUES ('15', '24', '13', '2025-01-16 03:31:26', '2025-01-18 04:48:15');
INSERT INTO "offers" ("offer_id", "restaurant_id", "discount_percentage", "valid_from", "valid_until") VALUES ('16', '3', '61', '2024-06-08 22:48:05', '2024-06-09 15:33:13');
INSERT INTO "offers" ("offer_id", "restaurant_id", "discount_percentage", "valid_from", "valid_until") VALUES ('17', '67', '80', '2024-11-18 08:53:30', '2024-11-25 14:21:20');
INSERT INTO "offers" ("offer_id", "restaurant_id", "discount_percentage", "valid_from", "valid_until") VALUES ('18', '19', '16', '2024-12-13 14:02:16', '2024-12-13 19:00:58');
INSERT INTO "offers" ("offer_id", "restaurant_id", "discount_percentage", "valid_from", "valid_until") VALUES ('19', '50', '33', '2025-01-28 03:24:59', '2025-01-30 05:14:23');
INSERT INTO "offers" ("offer_id", "restaurant_id", "discount_percentage", "valid_from", "valid_until") VALUES ('20', '19', '78', '2024-06-01 13:21:15', '2024-06-01 19:29:02');
INSERT INTO "offers" ("offer_id", "restaurant_id", "discount_percentage", "valid_from", "valid_until") VALUES ('21', '11', '62', '2024-10-02 16:19:34', '2024-10-04 21:56:08');
INSERT INTO "offers" ("offer_id", "restaurant_id", "discount_percentage", "valid_from", "valid_until") VALUES ('22', '91', '39', '2024-12-26 21:56:05', '2025-01-03 10:26:43');
INSERT INTO "offers" ("offer_id", "restaurant_id", "discount_percentage", "valid_from", "valid_until") VALUES ('23', '95', '77', '2024-10-04 05:27:10', '2024-10-11 02:09:30');
INSERT INTO "offers" ("offer_id", "restaurant_id", "discount_percentage", "valid_from", "valid_until") VALUES ('24', '13', '94', '2024-06-09 17:12:21', '2024-06-10 06:00:05');
INSERT INTO "offers" ("offer_id", "restaurant_id", "discount_percentage", "valid_from", "valid_until") VALUES ('25', '53', '78', '2024-11-09 21:14:12', '2024-11-18 14:43:47');
INSERT INTO "offers" ("offer_id", "restaurant_id", "discount_percentage", "valid_from", "valid_until") VALUES ('26', '60', '10', '2024-11-29 22:29:57', '2024-11-30 05:48:00');
INSERT INTO "offers" ("offer_id", "restaurant_id", "discount_percentage", "valid_from", "valid_until") VALUES ('27', '13', '16', '2024-10-02 10:02:12', '2024-10-09 02:22:09');
INSERT INTO "offers" ("offer_id", "restaurant_id", "discount_percentage", "valid_from", "valid_until") VALUES ('28', '92', '21', '2024-08-03 07:16:24', '2024-08-03 07:16:52');
INSERT INTO "offers" ("offer_id", "restaurant_id", "discount_percentage", "valid_from", "valid_until") VALUES ('29', '25', '30', '2024-10-26 13:45:40', '2024-11-02 20:29:18');
INSERT INTO "offers" ("offer_id", "restaurant_id", "discount_percentage", "valid_from", "valid_until") VALUES ('30', '40', '35', '2024-11-09 00:16:27', '2024-11-12 21:13:07');
INSERT INTO "offers" ("offer_id", "restaurant_id", "discount_percentage", "valid_from", "valid_until") VALUES ('31', '19', '20', '2024-11-14 18:54:33', '2024-11-21 14:49:17');
INSERT INTO "offers" ("offer_id", "restaurant_id", "discount_percentage", "valid_from", "valid_until") VALUES ('32', '25', '24', '2024-10-26 07:10:39', '2024-10-31 11:22:44');
INSERT INTO "offers" ("offer_id", "restaurant_id", "discount_percentage", "valid_from", "valid_until") VALUES ('33', '32', '54', '2024-03-23 14:40:50', '2024-04-02 02:33:40');
INSERT INTO "offers" ("offer_id", "restaurant_id", "discount_percentage", "valid_from", "valid_until") VALUES ('34', '60', '34', '2024-06-12 22:18:21', '2024-06-18 23:32:38');
INSERT INTO "offers" ("offer_id", "restaurant_id", "discount_percentage", "valid_from", "valid_until") VALUES ('35', '11', '1', '2024-08-14 13:23:46', '2024-08-18 15:46:43');
INSERT INTO "offers" ("offer_id", "restaurant_id", "discount_percentage", "valid_from", "valid_until") VALUES ('36', '31', '78', '2025-01-30 10:02:59', '2025-02-02 10:47:45');
INSERT INTO "offers" ("offer_id", "restaurant_id", "discount_percentage", "valid_from", "valid_until") VALUES ('37', '99', '73', '2025-01-17 01:11:44', '2025-01-20 04:39:42');
INSERT INTO "offers" ("offer_id", "restaurant_id", "discount_percentage", "valid_from", "valid_until") VALUES ('38', '26', '73', '2024-12-02 12:08:20', '2024-12-06 21:17:59');
INSERT INTO "offers" ("offer_id", "restaurant_id", "discount_percentage", "valid_from", "valid_until") VALUES ('39', '68', '24', '2024-03-02 18:20:45', '2024-03-10 13:23:45');
INSERT INTO "offers" ("offer_id", "restaurant_id", "discount_percentage", "valid_from", "valid_until") VALUES ('40', '46', '48', '2024-12-26 21:49:31', '2025-01-04 21:10:45');
INSERT INTO "offers" ("offer_id", "restaurant_id", "discount_percentage", "valid_from", "valid_until") VALUES ('41', '35', '70', '2024-10-26 01:49:37', '2024-10-29 23:09:17');
INSERT INTO "offers" ("offer_id", "restaurant_id", "discount_percentage", "valid_from", "valid_until") VALUES ('42', '41', '39', '2024-05-16 10:13:28', '2024-05-21 10:04:36');
INSERT INTO "offers" ("offer_id", "restaurant_id", "discount_percentage", "valid_from", "valid_until") VALUES ('43', '90', '44', '2024-02-03 03:35:19', '2024-02-06 16:02:13');
INSERT INTO "offers" ("offer_id", "restaurant_id", "discount_percentage", "valid_from", "valid_until") VALUES ('44', '52', '12', '2024-07-25 01:37:42', '2024-07-30 09:18:22');
INSERT INTO "offers" ("offer_id", "restaurant_id", "discount_percentage", "valid_from", "valid_until") VALUES ('45', '39', '19', '2024-09-01 16:12:21', '2024-09-08 03:46:32');
INSERT INTO "offers" ("offer_id", "restaurant_id", "discount_percentage", "valid_from", "valid_until") VALUES ('46', '23', '49', '2024-04-18 18:48:29', '2024-04-25 14:25:41');
INSERT INTO "offers" ("offer_id", "restaurant_id", "discount_percentage", "valid_from", "valid_until") VALUES ('47', '29', '58', '2024-12-14 23:32:29', '2024-12-20 06:10:58');
INSERT INTO "offers" ("offer_id", "restaurant_id", "discount_percentage", "valid_from", "valid_until") VALUES ('48', '39', '77', '2024-09-16 04:10:53', '2024-09-21 20:45:16');
INSERT INTO "offers" ("offer_id", "restaurant_id", "discount_percentage", "valid_from", "valid_until") VALUES ('49', '20', '56', '2024-09-02 16:19:04', '2024-09-08 06:52:16');
INSERT INTO "offers" ("offer_id", "restaurant_id", "discount_percentage", "valid_from", "valid_until") VALUES ('50', '73', '61', '2024-09-24 12:51:00', '2024-10-01 17:15:23');
INSERT INTO "offers" ("offer_id", "restaurant_id", "discount_percentage", "valid_from", "valid_until") VALUES ('51', '18', '82', '2024-04-30 20:49:29', '2024-05-08 00:52:39');
INSERT INTO "offers" ("offer_id", "restaurant_id", "discount_percentage", "valid_from", "valid_until") VALUES ('52', '88', '6', '2024-09-07 12:08:51', '2024-09-07 12:41:31');
INSERT INTO "offers" ("offer_id", "restaurant_id", "discount_percentage", "valid_from", "valid_until") VALUES ('53', '47', '9', '2024-12-13 15:40:38', '2024-12-17 23:22:25');
INSERT INTO "offers" ("offer_id", "restaurant_id", "discount_percentage", "valid_from", "valid_until") VALUES ('54', '29', '56', '2024-03-29 14:07:09', '2024-04-06 20:25:19');
INSERT INTO "offers" ("offer_id", "restaurant_id", "discount_percentage", "valid_from", "valid_until") VALUES ('55', '93', '28', '2024-02-10 08:08:14', '2024-02-17 09:28:10');
INSERT INTO "offers" ("offer_id", "restaurant_id", "discount_percentage", "valid_from", "valid_until") VALUES ('56', '53', '43', '2024-07-15 23:09:47', '2024-07-25 19:50:54');
INSERT INTO "offers" ("offer_id", "restaurant_id", "discount_percentage", "valid_from", "valid_until") VALUES ('57', '37', '5', '2024-03-21 13:30:11', '2024-03-28 21:14:30');
INSERT INTO "offers" ("offer_id", "restaurant_id", "discount_percentage", "valid_from", "valid_until") VALUES ('58', '75', '92', '2024-06-17 11:46:29', '2024-06-19 11:44:13');
INSERT INTO "offers" ("offer_id", "restaurant_id", "discount_percentage", "valid_from", "valid_until") VALUES ('59', '56', '37', '2024-04-28 17:25:08', '2024-05-07 02:16:36');
INSERT INTO "offers" ("offer_id", "restaurant_id", "discount_percentage", "valid_from", "valid_until") VALUES ('60', '39', '61', '2024-03-24 13:01:30', '2024-03-30 16:47:56');
INSERT INTO "offers" ("offer_id", "restaurant_id", "discount_percentage", "valid_from", "valid_until") VALUES ('61', '49', '7', '2024-09-08 07:26:29', '2024-09-08 20:04:49');
INSERT INTO "offers" ("offer_id", "restaurant_id", "discount_percentage", "valid_from", "valid_until") VALUES ('62', '31', '32', '2024-06-30 22:45:39', '2024-07-07 16:31:25');
INSERT INTO "offers" ("offer_id", "restaurant_id", "discount_percentage", "valid_from", "valid_until") VALUES ('63', '88', '56', '2024-05-20 21:43:08', '2024-05-29 21:11:29');
INSERT INTO "offers" ("offer_id", "restaurant_id", "discount_percentage", "valid_from", "valid_until") VALUES ('64', '14', '22', '2024-04-18 03:13:13', '2024-04-25 16:47:41');
INSERT INTO "offers" ("offer_id", "restaurant_id", "discount_percentage", "valid_from", "valid_until") VALUES ('65', '21', '28', '2024-10-24 20:03:13', '2024-11-01 22:15:53');
INSERT INTO "offers" ("offer_id", "restaurant_id", "discount_percentage", "valid_from", "valid_until") VALUES ('66', '92', '3', '2024-07-21 03:23:07', '2024-07-28 18:42:25');
INSERT INTO "offers" ("offer_id", "restaurant_id", "discount_percentage", "valid_from", "valid_until") VALUES ('67', '64', '31', '2024-03-29 03:32:39', '2024-04-05 12:21:25');
INSERT INTO "offers" ("offer_id", "restaurant_id", "discount_percentage", "valid_from", "valid_until") VALUES ('68', '92', '53', '2024-07-19 11:11:30', '2024-07-21 19:00:38');
INSERT INTO "offers" ("offer_id", "restaurant_id", "discount_percentage", "valid_from", "valid_until") VALUES ('69', '41', '91', '2024-03-11 14:40:37', '2024-03-16 12:06:35');
INSERT INTO "offers" ("offer_id", "restaurant_id", "discount_percentage", "valid_from", "valid_until") VALUES ('70', '92', '29', '2024-10-19 17:27:12', '2024-10-23 10:48:45');
INSERT INTO "offers" ("offer_id", "restaurant_id", "discount_percentage", "valid_from", "valid_until") VALUES ('71', '81', '25', '2024-08-25 02:05:21', '2024-08-26 12:37:44');
INSERT INTO "offers" ("offer_id", "restaurant_id", "discount_percentage", "valid_from", "valid_until") VALUES ('72', '52', '10', '2024-04-19 17:31:13', '2024-04-27 00:11:42');
INSERT INTO "offers" ("offer_id", "restaurant_id", "discount_percentage", "valid_from", "valid_until") VALUES ('73', '33', '26', '2024-09-23 07:33:36', '2024-09-28 15:16:55');
INSERT INTO "offers" ("offer_id", "restaurant_id", "discount_percentage", "valid_from", "valid_until") VALUES ('74', '33', '47', '2025-01-25 16:37:46', '2025-02-03 02:57:25');
INSERT INTO "offers" ("offer_id", "restaurant_id", "discount_percentage", "valid_from", "valid_until") VALUES ('75', '15', '20', '2025-01-02 05:36:44', '2025-01-04 13:59:04');
INSERT INTO "offers" ("offer_id", "restaurant_id", "discount_percentage", "valid_from", "valid_until") VALUES ('76', '82', '31', '2025-01-19 23:29:56', '2025-01-23 05:36:24');
INSERT INTO "offers" ("offer_id", "restaurant_id", "discount_percentage", "valid_from", "valid_until") VALUES ('77', '20', '59', '2025-01-14 19:11:25', '2025-01-23 10:55:30');
INSERT INTO "offers" ("offer_id", "restaurant_id", "discount_percentage", "valid_from", "valid_until") VALUES ('78', '100', '5', '2024-06-01 10:00:27', '2024-06-07 17:06:45');
INSERT INTO "offers" ("offer_id", "restaurant_id", "discount_percentage", "valid_from", "valid_until") VALUES ('79', '28', '0', '2024-03-20 06:31:18', '2024-03-25 08:08:14');
INSERT INTO "offers" ("offer_id", "restaurant_id", "discount_percentage", "valid_from", "valid_until") VALUES ('80', '37', '22', '2024-09-19 08:33:32', '2024-09-21 21:20:36');
INSERT INTO "offers" ("offer_id", "restaurant_id", "discount_percentage", "valid_from", "valid_until") VALUES ('81', '2', '71', '2024-09-14 07:19:11', '2024-09-14 23:01:46');
INSERT INTO "offers" ("offer_id", "restaurant_id", "discount_percentage", "valid_from", "valid_until") VALUES ('82', '98', '47', '2024-12-05 23:16:42', '2024-12-09 19:17:04');
INSERT INTO "offers" ("offer_id", "restaurant_id", "discount_percentage", "valid_from", "valid_until") VALUES ('83', '17', '19', '2024-06-18 07:33:50', '2024-06-24 08:14:36');
INSERT INTO "offers" ("offer_id", "restaurant_id", "discount_percentage", "valid_from", "valid_until") VALUES ('84', '2', '53', '2024-12-08 09:33:52', '2024-12-13 03:22:57');
INSERT INTO "offers" ("offer_id", "restaurant_id", "discount_percentage", "valid_from", "valid_until") VALUES ('85', '64', '80', '2024-07-30 22:24:13', '2024-08-05 19:15:31');
INSERT INTO "offers" ("offer_id", "restaurant_id", "discount_percentage", "valid_from", "valid_until") VALUES ('86', '65', '10', '2024-04-17 10:16:04', '2024-04-26 05:23:45');
INSERT INTO "offers" ("offer_id", "restaurant_id", "discount_percentage", "valid_from", "valid_until") VALUES ('87', '68', '52', '2025-01-06 01:00:05', '2025-01-11 04:59:30');
INSERT INTO "offers" ("offer_id", "restaurant_id", "discount_percentage", "valid_from", "valid_until") VALUES ('88', '68', '95', '2024-10-30 16:44:07', '2024-11-01 16:14:39');
INSERT INTO "offers" ("offer_id", "restaurant_id", "discount_percentage", "valid_from", "valid_until") VALUES ('89', '3', '82', '2025-01-04 03:37:26', '2025-01-12 10:29:33');
INSERT INTO "offers" ("offer_id", "restaurant_id", "discount_percentage", "valid_from", "valid_until") VALUES ('90', '17', '83', '2025-01-02 05:08:28', '2025-01-11 06:46:50');
INSERT INTO "offers" ("offer_id", "restaurant_id", "discount_percentage", "valid_from", "valid_until") VALUES ('91', '25', '49', '2024-11-29 07:39:04', '2024-12-03 16:54:27');
INSERT INTO "offers" ("offer_id", "restaurant_id", "discount_percentage", "valid_from", "valid_until") VALUES ('92', '32', '22', '2024-05-01 14:57:01', '2024-05-11 09:50:54');
INSERT INTO "offers" ("offer_id", "restaurant_id", "discount_percentage", "valid_from", "valid_until") VALUES ('93', '60', '45', '2024-12-11 00:49:53', '2024-12-17 16:50:59');
INSERT INTO "offers" ("offer_id", "restaurant_id", "discount_percentage", "valid_from", "valid_until") VALUES ('94', '21', '97', '2024-04-14 14:04:41', '2024-04-16 22:27:45');
INSERT INTO "offers" ("offer_id", "restaurant_id", "discount_percentage", "valid_from", "valid_until") VALUES ('95', '4', '56', '2025-01-03 11:22:50', '2025-01-06 20:25:58');
INSERT INTO "offers" ("offer_id", "restaurant_id", "discount_percentage", "valid_from", "valid_until") VALUES ('96', '15', '14', '2024-04-22 18:57:30', '2024-04-29 14:41:11');
INSERT INTO "offers" ("offer_id", "restaurant_id", "discount_percentage", "valid_from", "valid_until") VALUES ('97', '19', '73', '2024-09-28 01:55:20', '2024-09-28 12:43:25');
INSERT INTO "offers" ("offer_id", "restaurant_id", "discount_percentage", "valid_from", "valid_until") VALUES ('98', '28', '25', '2024-04-18 22:30:58', '2024-04-19 03:08:46');
INSERT INTO "offers" ("offer_id", "restaurant_id", "discount_percentage", "valid_from", "valid_until") VALUES ('99', '62', '2', '2024-06-24 13:51:31', '2024-06-30 10:40:56');
INSERT INTO "offers" ("offer_id", "restaurant_id", "discount_percentage", "valid_from", "valid_until") VALUES ('100', '96', '42', '2024-07-23 03:20:08', '2024-07-28 10:19:02');

INSERT INTO "order_detail" ("order_id", "customer_id", "restaurant_id", "employee_id", "order_status", "order_time", "delivered_time") VALUES ('1', '58', '43', '30', 'Delivered', '2024-10-11 13:36:21', '2024-10-19 01:56:11');
INSERT INTO "order_detail" ("order_id", "customer_id", "restaurant_id", "employee_id", "order_status", "order_time", "delivered_time") VALUES ('2', '76', '52', '36', 'Cancelled', '2024-06-10 13:08:27', '2024-06-15 11:52:49');
INSERT INTO "order_detail" ("order_id", "customer_id", "restaurant_id", "employee_id", "order_status", "order_time", "delivered_time") VALUES ('3', '8', '14', '25', 'Failed', '2025-01-01 05:58:51', '2025-01-04 09:32:46');
INSERT INTO "order_detail" ("order_id", "customer_id", "restaurant_id", "employee_id", "order_status", "order_time", "delivered_time") VALUES ('4', '96', '18', '70', 'Completed', '2024-03-11 05:23:30', '2024-03-13 23:05:17');
INSERT INTO "order_detail" ("order_id", "customer_id", "restaurant_id", "employee_id", "order_status", "order_time", "delivered_time") VALUES ('5', '94', '31', '47', 'Backordered', '2024-11-18 12:02:51', '2024-11-26 06:59:30');
INSERT INTO "order_detail" ("order_id", "customer_id", "restaurant_id", "employee_id", "order_status", "order_time", "delivered_time") VALUES ('6', '100', '79', '96', 'Returned', '2024-07-27 04:01:33', '2024-07-29 19:10:19');
INSERT INTO "order_detail" ("order_id", "customer_id", "restaurant_id", "employee_id", "order_status", "order_time", "delivered_time") VALUES ('7', '49', '1', '19', 'Shipped', '2024-10-19 08:34:13', '2024-10-19 19:15:09');
INSERT INTO "order_detail" ("order_id", "customer_id", "restaurant_id", "employee_id", "order_status", "order_time", "delivered_time") VALUES ('8', '28', '79', '33', 'Failed', '2024-01-31 07:35:09', '2024-02-04 17:22:03');
INSERT INTO "order_detail" ("order_id", "customer_id", "restaurant_id", "employee_id", "order_status", "order_time", "delivered_time") VALUES ('9', '100', '99', '39', 'Pending', '2024-11-24 06:26:46', '2024-12-02 21:08:15');
INSERT INTO "order_detail" ("order_id", "customer_id", "restaurant_id", "employee_id", "order_status", "order_time", "delivered_time") VALUES ('10', '49', '28', '55', 'Failed', '2024-10-30 22:51:36', '2024-11-08 03:56:37');
INSERT INTO "order_detail" ("order_id", "customer_id", "restaurant_id", "employee_id", "order_status", "order_time", "delivered_time") VALUES ('11', '76', '54', '45', 'Cancelled', '2024-06-08 13:23:50', '2024-06-18 08:58:58');
INSERT INTO "order_detail" ("order_id", "customer_id", "restaurant_id", "employee_id", "order_status", "order_time", "delivered_time") VALUES ('12', '59', '78', '60', 'Shipped', '2024-06-07 03:46:27', '2024-06-12 18:43:17');
INSERT INTO "order_detail" ("order_id", "customer_id", "restaurant_id", "employee_id", "order_status", "order_time", "delivered_time") VALUES ('13', '48', '96', '35', 'Cancelled', '2025-01-07 05:11:06', '2025-01-15 13:36:13');
INSERT INTO "order_detail" ("order_id", "customer_id", "restaurant_id", "employee_id", "order_status", "order_time", "delivered_time") VALUES ('14', '95', '44', '77', 'Cancelled', '2025-01-25 10:29:59', '2025-01-30 00:07:23');
INSERT INTO "order_detail" ("order_id", "customer_id", "restaurant_id", "employee_id", "order_status", "order_time", "delivered_time") VALUES ('15', '91', '81', '40', 'Pending', '2024-06-17 16:30:53', '2024-06-25 05:55:56');
INSERT INTO "order_detail" ("order_id", "customer_id", "restaurant_id", "employee_id", "order_status", "order_time", "delivered_time") VALUES ('16', '13', '4', '77', 'Failed', '2024-11-07 08:05:20', '2024-11-14 19:23:04');
INSERT INTO "order_detail" ("order_id", "customer_id", "restaurant_id", "employee_id", "order_status", "order_time", "delivered_time") VALUES ('17', '95', '64', '1', 'Failed', '2024-09-07 04:59:43', '2024-09-16 20:27:28');
INSERT INTO "order_detail" ("order_id", "customer_id", "restaurant_id", "employee_id", "order_status", "order_time", "delivered_time") VALUES ('18', '12', '76', '99', 'Processing', '2024-02-24 14:18:41', '2024-02-29 19:36:23');
INSERT INTO "order_detail" ("order_id", "customer_id", "restaurant_id", "employee_id", "order_status", "order_time", "delivered_time") VALUES ('19', '35', '95', '74', 'Shipped', '2024-04-02 04:12:47', '2024-04-07 04:27:44');
INSERT INTO "order_detail" ("order_id", "customer_id", "restaurant_id", "employee_id", "order_status", "order_time", "delivered_time") VALUES ('20', '32', '38', '42', 'Processing', '2024-04-25 00:22:45', '2024-04-30 06:27:12');
INSERT INTO "order_detail" ("order_id", "customer_id", "restaurant_id", "employee_id", "order_status", "order_time", "delivered_time") VALUES ('21', '98', '96', '60', 'Backordered', '2024-11-09 11:56:43', '2024-11-13 11:36:50');
INSERT INTO "order_detail" ("order_id", "customer_id", "restaurant_id", "employee_id", "order_status", "order_time", "delivered_time") VALUES ('22', '7', '21', '18', 'Shipped', '2024-03-08 05:40:03', '2024-03-17 07:21:28');
INSERT INTO "order_detail" ("order_id", "customer_id", "restaurant_id", "employee_id", "order_status", "order_time", "delivered_time") VALUES ('23', '49', '75', '25', 'Delivered', '2024-06-20 21:08:06', '2024-06-27 20:36:28');
INSERT INTO "order_detail" ("order_id", "customer_id", "restaurant_id", "employee_id", "order_status", "order_time", "delivered_time") VALUES ('24', '47', '5', '2', 'Processing', '2024-10-15 11:52:38', '2024-10-16 00:54:51');
INSERT INTO "order_detail" ("order_id", "customer_id", "restaurant_id", "employee_id", "order_status", "order_time", "delivered_time") VALUES ('25', '25', '61', '95', 'Processing', '2024-01-31 18:34:35', '2024-02-03 00:24:51');
INSERT INTO "order_detail" ("order_id", "customer_id", "restaurant_id", "employee_id", "order_status", "order_time", "delivered_time") VALUES ('26', '84', '56', '87', 'Shipped', '2024-04-14 16:46:58', '2024-04-20 18:33:16');
INSERT INTO "order_detail" ("order_id", "customer_id", "restaurant_id", "employee_id", "order_status", "order_time", "delivered_time") VALUES ('27', '58', '79', '89', 'Pending', '2024-10-30 08:35:09', '2024-11-08 10:02:59');
INSERT INTO "order_detail" ("order_id", "customer_id", "restaurant_id", "employee_id", "order_status", "order_time", "delivered_time") VALUES ('28', '14', '28', '88', 'Backordered', '2024-04-17 11:07:45', '2024-04-20 16:47:25');
INSERT INTO "order_detail" ("order_id", "customer_id", "restaurant_id", "employee_id", "order_status", "order_time", "delivered_time") VALUES ('29', '36', '49', '21', 'Backordered', '2024-08-20 22:15:30', '2024-08-21 06:32:15');
INSERT INTO "order_detail" ("order_id", "customer_id", "restaurant_id", "employee_id", "order_status", "order_time", "delivered_time") VALUES ('30', '78', '97', '17', 'Processing', '2024-09-27 03:45:23', '2024-09-29 01:48:03');
INSERT INTO "order_detail" ("order_id", "customer_id", "restaurant_id", "employee_id", "order_status", "order_time", "delivered_time") VALUES ('31', '41', '71', '52', 'Backordered', '2025-01-09 23:45:03', '2025-01-15 03:03:09');
INSERT INTO "order_detail" ("order_id", "customer_id", "restaurant_id", "employee_id", "order_status", "order_time", "delivered_time") VALUES ('32', '37', '41', '45', 'Backordered', '2024-04-19 00:24:02', '2024-04-22 05:49:16');
INSERT INTO "order_detail" ("order_id", "customer_id", "restaurant_id", "employee_id", "order_status", "order_time", "delivered_time") VALUES ('33', '20', '91', '51', 'Awaiting Payment', '2024-04-16 18:28:00', '2024-04-25 03:11:19');
INSERT INTO "order_detail" ("order_id", "customer_id", "restaurant_id", "employee_id", "order_status", "order_time", "delivered_time") VALUES ('34', '14', '44', '14', 'Processing', '2024-07-03 11:27:09', '2024-07-08 20:16:23');
INSERT INTO "order_detail" ("order_id", "customer_id", "restaurant_id", "employee_id", "order_status", "order_time", "delivered_time") VALUES ('35', '40', '67', '26', 'Pending', '2024-10-21 21:13:53', '2024-10-31 12:24:06');
INSERT INTO "order_detail" ("order_id", "customer_id", "restaurant_id", "employee_id", "order_status", "order_time", "delivered_time") VALUES ('36', '88', '6', '22', 'Shipped', '2024-04-01 12:22:03', '2024-04-10 19:14:53');
INSERT INTO "order_detail" ("order_id", "customer_id", "restaurant_id", "employee_id", "order_status", "order_time", "delivered_time") VALUES ('37', '50', '38', '86', 'Returned', '2024-08-04 22:02:08', '2024-08-12 13:03:45');
INSERT INTO "order_detail" ("order_id", "customer_id", "restaurant_id", "employee_id", "order_status", "order_time", "delivered_time") VALUES ('38', '16', '6', '47', 'Awaiting Payment', '2024-05-13 00:55:06', '2024-05-15 08:45:14');
INSERT INTO "order_detail" ("order_id", "customer_id", "restaurant_id", "employee_id", "order_status", "order_time", "delivered_time") VALUES ('39', '57', '72', '53', 'Delivered', '2024-06-10 15:42:43', '2024-06-14 11:52:15');
INSERT INTO "order_detail" ("order_id", "customer_id", "restaurant_id", "employee_id", "order_status", "order_time", "delivered_time") VALUES ('40', '74', '90', '55', 'Delivered', '2024-04-29 23:30:07', '2024-05-04 09:44:45');
INSERT INTO "order_detail" ("order_id", "customer_id", "restaurant_id", "employee_id", "order_status", "order_time", "delivered_time") VALUES ('41', '98', '46', '100', 'Returned', '2024-12-06 23:11:14', '2024-12-15 01:17:40');
INSERT INTO "order_detail" ("order_id", "customer_id", "restaurant_id", "employee_id", "order_status", "order_time", "delivered_time") VALUES ('42', '68', '70', '13', 'Cancelled', '2024-07-17 19:00:02', '2024-07-25 00:55:28');
INSERT INTO "order_detail" ("order_id", "customer_id", "restaurant_id", "employee_id", "order_status", "order_time", "delivered_time") VALUES ('43', '92', '72', '89', 'Awaiting Payment', '2024-04-06 11:15:11', '2024-04-13 01:57:53');
INSERT INTO "order_detail" ("order_id", "customer_id", "restaurant_id", "employee_id", "order_status", "order_time", "delivered_time") VALUES ('44', '68', '43', '25', 'Cancelled', '2024-03-12 08:11:32', '2024-03-17 10:25:47');
INSERT INTO "order_detail" ("order_id", "customer_id", "restaurant_id", "employee_id", "order_status", "order_time", "delivered_time") VALUES ('45', '11', '47', '59', 'Cancelled', '2024-02-07 01:08:54', '2024-02-07 04:42:17');
INSERT INTO "order_detail" ("order_id", "customer_id", "restaurant_id", "employee_id", "order_status", "order_time", "delivered_time") VALUES ('46', '85', '46', '74', 'Failed', '2024-12-12 13:35:18', '2024-12-18 04:35:01');
INSERT INTO "order_detail" ("order_id", "customer_id", "restaurant_id", "employee_id", "order_status", "order_time", "delivered_time") VALUES ('47', '78', '81', '34', 'Shipped', '2024-02-07 00:13:59', '2024-02-13 11:27:13');
INSERT INTO "order_detail" ("order_id", "customer_id", "restaurant_id", "employee_id", "order_status", "order_time", "delivered_time") VALUES ('48', '32', '49', '51', 'Shipped', '2024-10-19 08:59:54', '2024-10-27 07:27:07');
INSERT INTO "order_detail" ("order_id", "customer_id", "restaurant_id", "employee_id", "order_status", "order_time", "delivered_time") VALUES ('49', '89', '82', '1', 'Cancelled', '2024-10-25 11:41:26', '2024-10-28 13:50:21');
INSERT INTO "order_detail" ("order_id", "customer_id", "restaurant_id", "employee_id", "order_status", "order_time", "delivered_time") VALUES ('50', '23', '12', '5', 'Backordered', '2024-11-29 23:33:53', '2024-12-04 13:28:31');
INSERT INTO "order_detail" ("order_id", "customer_id", "restaurant_id", "employee_id", "order_status", "order_time", "delivered_time") VALUES ('51', '47', '18', '46', 'Cancelled', '2024-08-23 02:10:44', '2024-08-29 10:03:31');
INSERT INTO "order_detail" ("order_id", "customer_id", "restaurant_id", "employee_id", "order_status", "order_time", "delivered_time") VALUES ('52', '2', '51', '35', 'Shipped', '2024-08-13 20:27:33', '2024-08-15 20:22:13');
INSERT INTO "order_detail" ("order_id", "customer_id", "restaurant_id", "employee_id", "order_status", "order_time", "delivered_time") VALUES ('53', '93', '52', '43', 'Pending', '2024-10-23 07:20:20', '2024-10-30 17:57:38');
INSERT INTO "order_detail" ("order_id", "customer_id", "restaurant_id", "employee_id", "order_status", "order_time", "delivered_time") VALUES ('54', '74', '75', '83', 'Pending', '2024-11-07 00:43:39', '2024-11-08 17:12:02');
INSERT INTO "order_detail" ("order_id", "customer_id", "restaurant_id", "employee_id", "order_status", "order_time", "delivered_time") VALUES ('55', '61', '10', '91', 'Backordered', '2024-06-28 23:01:36', '2024-07-04 11:08:31');
INSERT INTO "order_detail" ("order_id", "customer_id", "restaurant_id", "employee_id", "order_status", "order_time", "delivered_time") VALUES ('56', '73', '55', '27', 'Shipped', '2024-11-08 08:20:33', '2024-11-10 03:34:47');
INSERT INTO "order_detail" ("order_id", "customer_id", "restaurant_id", "employee_id", "order_status", "order_time", "delivered_time") VALUES ('57', '96', '88', '60', 'Delivered', '2024-08-27 09:17:02', '2024-09-05 21:19:26');
INSERT INTO "order_detail" ("order_id", "customer_id", "restaurant_id", "employee_id", "order_status", "order_time", "delivered_time") VALUES ('58', '40', '89', '46', 'Delivered', '2024-12-02 08:28:03', '2024-12-05 12:43:03');
INSERT INTO "order_detail" ("order_id", "customer_id", "restaurant_id", "employee_id", "order_status", "order_time", "delivered_time") VALUES ('59', '28', '29', '28', 'Failed', '2024-08-19 04:39:05', '2024-08-27 08:39:04');
INSERT INTO "order_detail" ("order_id", "customer_id", "restaurant_id", "employee_id", "order_status", "order_time", "delivered_time") VALUES ('60', '51', '61', '25', 'Pending', '2024-10-11 10:15:53', '2024-10-13 02:25:37');
INSERT INTO "order_detail" ("order_id", "customer_id", "restaurant_id", "employee_id", "order_status", "order_time", "delivered_time") VALUES ('61', '34', '17', '24', 'Completed', '2024-04-15 22:58:57', '2024-04-22 20:08:42');
INSERT INTO "order_detail" ("order_id", "customer_id", "restaurant_id", "employee_id", "order_status", "order_time", "delivered_time") VALUES ('62', '3', '69', '94', 'Pending', '2024-10-11 06:28:46', '2024-10-11 09:53:38');
INSERT INTO "order_detail" ("order_id", "customer_id", "restaurant_id", "employee_id", "order_status", "order_time", "delivered_time") VALUES ('63', '9', '54', '45', 'Shipped', '2024-08-02 19:01:55', '2024-08-04 18:39:12');
INSERT INTO "order_detail" ("order_id", "customer_id", "restaurant_id", "employee_id", "order_status", "order_time", "delivered_time") VALUES ('64', '74', '1', '29', 'Backordered', '2024-10-04 21:58:17', '2024-10-06 17:00:27');
INSERT INTO "order_detail" ("order_id", "customer_id", "restaurant_id", "employee_id", "order_status", "order_time", "delivered_time") VALUES ('65', '50', '81', '99', 'Failed', '2024-07-19 01:30:57', '2024-07-27 20:55:16');
INSERT INTO "order_detail" ("order_id", "customer_id", "restaurant_id", "employee_id", "order_status", "order_time", "delivered_time") VALUES ('66', '1', '37', '98', 'Cancelled', '2024-04-02 09:32:22', '2024-04-07 21:13:53');
INSERT INTO "order_detail" ("order_id", "customer_id", "restaurant_id", "employee_id", "order_status", "order_time", "delivered_time") VALUES ('67', '44', '73', '27', 'Pending', '2024-10-12 13:56:14', '2024-10-13 23:00:32');
INSERT INTO "order_detail" ("order_id", "customer_id", "restaurant_id", "employee_id", "order_status", "order_time", "delivered_time") VALUES ('68', '100', '81', '56', 'Cancelled', '2025-01-21 18:07:00', '2025-01-24 21:06:19');
INSERT INTO "order_detail" ("order_id", "customer_id", "restaurant_id", "employee_id", "order_status", "order_time", "delivered_time") VALUES ('69', '95', '85', '59', 'Processing', '2024-03-17 20:25:20', '2024-03-19 11:30:47');
INSERT INTO "order_detail" ("order_id", "customer_id", "restaurant_id", "employee_id", "order_status", "order_time", "delivered_time") VALUES ('70', '36', '59', '48', 'Completed', '2024-10-23 03:29:56', '2024-10-30 16:14:14');
INSERT INTO "order_detail" ("order_id", "customer_id", "restaurant_id", "employee_id", "order_status", "order_time", "delivered_time") VALUES ('71', '71', '66', '16', 'Returned', '2024-11-12 21:40:08', '2024-11-22 17:31:58');
INSERT INTO "order_detail" ("order_id", "customer_id", "restaurant_id", "employee_id", "order_status", "order_time", "delivered_time") VALUES ('72', '92', '47', '33', 'Failed', '2024-08-25 01:55:25', '2024-08-27 19:57:07');
INSERT INTO "order_detail" ("order_id", "customer_id", "restaurant_id", "employee_id", "order_status", "order_time", "delivered_time") VALUES ('73', '30', '6', '86', 'Delivered', '2024-05-14 20:09:45', '2024-05-22 10:44:10');
INSERT INTO "order_detail" ("order_id", "customer_id", "restaurant_id", "employee_id", "order_status", "order_time", "delivered_time") VALUES ('74', '53', '4', '84', 'Cancelled', '2024-05-23 01:27:22', '2024-05-24 07:28:57');
INSERT INTO "order_detail" ("order_id", "customer_id", "restaurant_id", "employee_id", "order_status", "order_time", "delivered_time") VALUES ('75', '7', '89', '99', 'Returned', '2024-09-21 22:41:08', '2024-09-29 15:42:34');
INSERT INTO "order_detail" ("order_id", "customer_id", "restaurant_id", "employee_id", "order_status", "order_time", "delivered_time") VALUES ('76', '93', '82', '77', 'Returned', '2024-06-23 14:46:02', '2024-06-27 17:13:52');
INSERT INTO "order_detail" ("order_id", "customer_id", "restaurant_id", "employee_id", "order_status", "order_time", "delivered_time") VALUES ('77', '44', '50', '9', 'Failed', '2025-01-11 06:26:27', '2025-01-17 13:21:51');
INSERT INTO "order_detail" ("order_id", "customer_id", "restaurant_id", "employee_id", "order_status", "order_time", "delivered_time") VALUES ('78', '80', '10', '43', 'Shipped', '2024-03-22 04:31:59', '2024-03-29 04:58:09');
INSERT INTO "order_detail" ("order_id", "customer_id", "restaurant_id", "employee_id", "order_status", "order_time", "delivered_time") VALUES ('79', '87', '2', '88', 'Backordered', '2024-06-04 13:59:39', '2024-06-11 05:28:26');
INSERT INTO "order_detail" ("order_id", "customer_id", "restaurant_id", "employee_id", "order_status", "order_time", "delivered_time") VALUES ('80', '23', '24', '90', 'Shipped', '2024-08-25 06:16:00', '2024-08-27 02:01:01');
INSERT INTO "order_detail" ("order_id", "customer_id", "restaurant_id", "employee_id", "order_status", "order_time", "delivered_time") VALUES ('81', '17', '61', '80', 'Delivered', '2025-01-26 04:17:49', '2025-01-30 11:29:01');
INSERT INTO "order_detail" ("order_id", "customer_id", "restaurant_id", "employee_id", "order_status", "order_time", "delivered_time") VALUES ('82', '13', '82', '7', 'Completed', '2025-01-25 16:38:36', '2025-02-02 18:53:43');
INSERT INTO "order_detail" ("order_id", "customer_id", "restaurant_id", "employee_id", "order_status", "order_time", "delivered_time") VALUES ('83', '46', '51', '9', 'Completed', '2024-12-12 00:29:11', '2024-12-19 19:37:53');
INSERT INTO "order_detail" ("order_id", "customer_id", "restaurant_id", "employee_id", "order_status", "order_time", "delivered_time") VALUES ('84', '31', '54', '33', 'Processing', '2024-08-23 23:43:48', '2024-08-31 18:02:58');
INSERT INTO "order_detail" ("order_id", "customer_id", "restaurant_id", "employee_id", "order_status", "order_time", "delivered_time") VALUES ('85', '31', '60', '73', 'Completed', '2025-01-04 11:21:31', '2025-01-04 16:09:44');
INSERT INTO "order_detail" ("order_id", "customer_id", "restaurant_id", "employee_id", "order_status", "order_time", "delivered_time") VALUES ('86', '76', '34', '59', 'Pending', '2024-08-09 13:02:09', '2024-08-11 14:48:26');
INSERT INTO "order_detail" ("order_id", "customer_id", "restaurant_id", "employee_id", "order_status", "order_time", "delivered_time") VALUES ('87', '19', '13', '89', 'Delivered', '2024-12-30 03:22:32', '2024-12-30 23:02:47');
INSERT INTO "order_detail" ("order_id", "customer_id", "restaurant_id", "employee_id", "order_status", "order_time", "delivered_time") VALUES ('88', '21', '93', '16', 'Cancelled', '2024-06-10 22:33:26', '2024-06-19 15:09:04');
INSERT INTO "order_detail" ("order_id", "customer_id", "restaurant_id", "employee_id", "order_status", "order_time", "delivered_time") VALUES ('89', '89', '3', '87', 'Backordered', '2024-03-20 00:45:35', '2024-03-24 07:22:51');
INSERT INTO "order_detail" ("order_id", "customer_id", "restaurant_id", "employee_id", "order_status", "order_time", "delivered_time") VALUES ('90', '84', '61', '60', 'Pending', '2025-01-18 03:06:58', '2025-01-22 09:54:40');
INSERT INTO "order_detail" ("order_id", "customer_id", "restaurant_id", "employee_id", "order_status", "order_time", "delivered_time") VALUES ('91', '57', '29', '78', 'Completed', '2024-07-03 22:32:00', '2024-07-06 19:00:39');
INSERT INTO "order_detail" ("order_id", "customer_id", "restaurant_id", "employee_id", "order_status", "order_time", "delivered_time") VALUES ('92', '24', '10', '75', 'Shipped', '2024-05-14 16:34:05', '2024-05-19 15:04:35');
INSERT INTO "order_detail" ("order_id", "customer_id", "restaurant_id", "employee_id", "order_status", "order_time", "delivered_time") VALUES ('93', '94', '57', '31', 'Completed', '2024-04-11 08:16:25', '2024-04-17 20:13:25');
INSERT INTO "order_detail" ("order_id", "customer_id", "restaurant_id", "employee_id", "order_status", "order_time", "delivered_time") VALUES ('94', '57', '5', '66', 'Delivered', '2024-08-01 00:30:05', '2024-08-07 22:02:51');
INSERT INTO "order_detail" ("order_id", "customer_id", "restaurant_id", "employee_id", "order_status", "order_time", "delivered_time") VALUES ('95', '3', '17', '10', 'Returned', '2024-09-15 09:29:12', '2024-09-18 23:46:59');
INSERT INTO "order_detail" ("order_id", "customer_id", "restaurant_id", "employee_id", "order_status", "order_time", "delivered_time") VALUES ('96', '7', '37', '84', 'Failed', '2024-03-16 13:05:37', '2024-03-18 11:52:58');
INSERT INTO "order_detail" ("order_id", "customer_id", "restaurant_id", "employee_id", "order_status", "order_time", "delivered_time") VALUES ('97', '24', '21', '5', 'Failed', '2024-12-07 03:39:42', '2024-12-12 11:04:17');
INSERT INTO "order_detail" ("order_id", "customer_id", "restaurant_id", "employee_id", "order_status", "order_time", "delivered_time") VALUES ('98', '98', '41', '63', 'Processing', '2024-08-02 19:09:29', '2024-08-07 07:58:47');
INSERT INTO "order_detail" ("order_id", "customer_id", "restaurant_id", "employee_id", "order_status", "order_time", "delivered_time") VALUES ('99', '16', '41', '21', 'Shipped', '2024-03-21 18:46:59', '2024-03-29 15:17:59');
INSERT INTO "order_detail" ("order_id", "customer_id", "restaurant_id", "employee_id", "order_status", "order_time", "delivered_time") VALUES ('100', '40', '100', '50', 'Pending', '2024-05-25 00:24:41', '2024-05-31 08:37:52');

INSERT INTO "order_items" ("order_item_id", "order_id", "food_id", "quantity") VALUES ('1', '41', '26', '955');
INSERT INTO "order_items" ("order_item_id", "order_id", "food_id", "quantity") VALUES ('2', '96', '34', '672');
INSERT INTO "order_items" ("order_item_id", "order_id", "food_id", "quantity") VALUES ('3', '75', '47', '521');
INSERT INTO "order_items" ("order_item_id", "order_id", "food_id", "quantity") VALUES ('4', '44', '15', '469');
INSERT INTO "order_items" ("order_item_id", "order_id", "food_id", "quantity") VALUES ('5', '31', '70', '260');
INSERT INTO "order_items" ("order_item_id", "order_id", "food_id", "quantity") VALUES ('6', '54', '79', '171');
INSERT INTO "order_items" ("order_item_id", "order_id", "food_id", "quantity") VALUES ('7', '81', '63', '857');
INSERT INTO "order_items" ("order_item_id", "order_id", "food_id", "quantity") VALUES ('8', '27', '76', '964');
INSERT INTO "order_items" ("order_item_id", "order_id", "food_id", "quantity") VALUES ('9', '12', '19', '830');
INSERT INTO "order_items" ("order_item_id", "order_id", "food_id", "quantity") VALUES ('10', '19', '9', '185');
INSERT INTO "order_items" ("order_item_id", "order_id", "food_id", "quantity") VALUES ('11', '25', '91', '463');
INSERT INTO "order_items" ("order_item_id", "order_id", "food_id", "quantity") VALUES ('12', '55', '88', '175');
INSERT INTO "order_items" ("order_item_id", "order_id", "food_id", "quantity") VALUES ('13', '1', '15', '69');
INSERT INTO "order_items" ("order_item_id", "order_id", "food_id", "quantity") VALUES ('14', '52', '82', '895');
INSERT INTO "order_items" ("order_item_id", "order_id", "food_id", "quantity") VALUES ('15', '12', '72', '559');
INSERT INTO "order_items" ("order_item_id", "order_id", "food_id", "quantity") VALUES ('16', '95', '54', '948');
INSERT INTO "order_items" ("order_item_id", "order_id", "food_id", "quantity") VALUES ('17', '92', '35', '268');
INSERT INTO "order_items" ("order_item_id", "order_id", "food_id", "quantity") VALUES ('18', '68', '30', '467');
INSERT INTO "order_items" ("order_item_id", "order_id", "food_id", "quantity") VALUES ('19', '14', '20', '983');
INSERT INTO "order_items" ("order_item_id", "order_id", "food_id", "quantity") VALUES ('20', '54', '8', '817');
INSERT INTO "order_items" ("order_item_id", "order_id", "food_id", "quantity") VALUES ('21', '27', '71', '494');
INSERT INTO "order_items" ("order_item_id", "order_id", "food_id", "quantity") VALUES ('22', '1', '43', '184');
INSERT INTO "order_items" ("order_item_id", "order_id", "food_id", "quantity") VALUES ('23', '13', '73', '497');
INSERT INTO "order_items" ("order_item_id", "order_id", "food_id", "quantity") VALUES ('24', '100', '61', '87');
INSERT INTO "order_items" ("order_item_id", "order_id", "food_id", "quantity") VALUES ('25', '41', '63', '209');
INSERT INTO "order_items" ("order_item_id", "order_id", "food_id", "quantity") VALUES ('26', '27', '97', '13');
INSERT INTO "order_items" ("order_item_id", "order_id", "food_id", "quantity") VALUES ('27', '13', '72', '281');
INSERT INTO "order_items" ("order_item_id", "order_id", "food_id", "quantity") VALUES ('28', '70', '35', '805');
INSERT INTO "order_items" ("order_item_id", "order_id", "food_id", "quantity") VALUES ('29', '68', '67', '501');
INSERT INTO "order_items" ("order_item_id", "order_id", "food_id", "quantity") VALUES ('30', '33', '92', '89');
INSERT INTO "order_items" ("order_item_id", "order_id", "food_id", "quantity") VALUES ('31', '54', '46', '945');
INSERT INTO "order_items" ("order_item_id", "order_id", "food_id", "quantity") VALUES ('32', '74', '52', '714');
INSERT INTO "order_items" ("order_item_id", "order_id", "food_id", "quantity") VALUES ('33', '54', '59', '42');
INSERT INTO "order_items" ("order_item_id", "order_id", "food_id", "quantity") VALUES ('34', '72', '41', '372');
INSERT INTO "order_items" ("order_item_id", "order_id", "food_id", "quantity") VALUES ('35', '3', '44', '151');
INSERT INTO "order_items" ("order_item_id", "order_id", "food_id", "quantity") VALUES ('36', '15', '98', '649');
INSERT INTO "order_items" ("order_item_id", "order_id", "food_id", "quantity") VALUES ('37', '59', '54', '174');
INSERT INTO "order_items" ("order_item_id", "order_id", "food_id", "quantity") VALUES ('38', '3', '40', '1');
INSERT INTO "order_items" ("order_item_id", "order_id", "food_id", "quantity") VALUES ('39', '10', '62', '961');
INSERT INTO "order_items" ("order_item_id", "order_id", "food_id", "quantity") VALUES ('40', '100', '27', '223');
INSERT INTO "order_items" ("order_item_id", "order_id", "food_id", "quantity") VALUES ('41', '99', '56', '458');
INSERT INTO "order_items" ("order_item_id", "order_id", "food_id", "quantity") VALUES ('42', '91', '43', '262');
INSERT INTO "order_items" ("order_item_id", "order_id", "food_id", "quantity") VALUES ('43', '77', '7', '487');
INSERT INTO "order_items" ("order_item_id", "order_id", "food_id", "quantity") VALUES ('44', '23', '97', '117');
INSERT INTO "order_items" ("order_item_id", "order_id", "food_id", "quantity") VALUES ('45', '38', '71', '500');
INSERT INTO "order_items" ("order_item_id", "order_id", "food_id", "quantity") VALUES ('46', '42', '12', '596');
INSERT INTO "order_items" ("order_item_id", "order_id", "food_id", "quantity") VALUES ('47', '41', '99', '740');
INSERT INTO "order_items" ("order_item_id", "order_id", "food_id", "quantity") VALUES ('48', '64', '29', '559');
INSERT INTO "order_items" ("order_item_id", "order_id", "food_id", "quantity") VALUES ('49', '67', '57', '671');
INSERT INTO "order_items" ("order_item_id", "order_id", "food_id", "quantity") VALUES ('50', '27', '15', '875');
INSERT INTO "order_items" ("order_item_id", "order_id", "food_id", "quantity") VALUES ('51', '3', '41', '9');
INSERT INTO "order_items" ("order_item_id", "order_id", "food_id", "quantity") VALUES ('52', '28', '85', '38');
INSERT INTO "order_items" ("order_item_id", "order_id", "food_id", "quantity") VALUES ('53', '48', '2', '340');
INSERT INTO "order_items" ("order_item_id", "order_id", "food_id", "quantity") VALUES ('54', '13', '31', '947');
INSERT INTO "order_items" ("order_item_id", "order_id", "food_id", "quantity") VALUES ('55', '84', '87', '911');
INSERT INTO "order_items" ("order_item_id", "order_id", "food_id", "quantity") VALUES ('56', '54', '79', '599');
INSERT INTO "order_items" ("order_item_id", "order_id", "food_id", "quantity") VALUES ('57', '21', '25', '704');
INSERT INTO "order_items" ("order_item_id", "order_id", "food_id", "quantity") VALUES ('58', '49', '9', '850');
INSERT INTO "order_items" ("order_item_id", "order_id", "food_id", "quantity") VALUES ('59', '31', '31', '29');
INSERT INTO "order_items" ("order_item_id", "order_id", "food_id", "quantity") VALUES ('60', '95', '62', '798');
INSERT INTO "order_items" ("order_item_id", "order_id", "food_id", "quantity") VALUES ('61', '97', '79', '874');
INSERT INTO "order_items" ("order_item_id", "order_id", "food_id", "quantity") VALUES ('62', '36', '56', '928');
INSERT INTO "order_items" ("order_item_id", "order_id", "food_id", "quantity") VALUES ('63', '19', '80', '494');
INSERT INTO "order_items" ("order_item_id", "order_id", "food_id", "quantity") VALUES ('64', '95', '84', '370');
INSERT INTO "order_items" ("order_item_id", "order_id", "food_id", "quantity") VALUES ('65', '31', '56', '548');
INSERT INTO "order_items" ("order_item_id", "order_id", "food_id", "quantity") VALUES ('66', '1', '5', '456');
INSERT INTO "order_items" ("order_item_id", "order_id", "food_id", "quantity") VALUES ('67', '91', '94', '117');
INSERT INTO "order_items" ("order_item_id", "order_id", "food_id", "quantity") VALUES ('68', '35', '94', '271');
INSERT INTO "order_items" ("order_item_id", "order_id", "food_id", "quantity") VALUES ('69', '19', '89', '434');
INSERT INTO "order_items" ("order_item_id", "order_id", "food_id", "quantity") VALUES ('70', '85', '3', '590');
INSERT INTO "order_items" ("order_item_id", "order_id", "food_id", "quantity") VALUES ('71', '32', '3', '87');
INSERT INTO "order_items" ("order_item_id", "order_id", "food_id", "quantity") VALUES ('72', '12', '62', '392');
INSERT INTO "order_items" ("order_item_id", "order_id", "food_id", "quantity") VALUES ('73', '36', '27', '716');
INSERT INTO "order_items" ("order_item_id", "order_id", "food_id", "quantity") VALUES ('74', '41', '93', '336');
INSERT INTO "order_items" ("order_item_id", "order_id", "food_id", "quantity") VALUES ('75', '44', '11', '178');
INSERT INTO "order_items" ("order_item_id", "order_id", "food_id", "quantity") VALUES ('76', '22', '49', '97');
INSERT INTO "order_items" ("order_item_id", "order_id", "food_id", "quantity") VALUES ('77', '15', '22', '791');
INSERT INTO "order_items" ("order_item_id", "order_id", "food_id", "quantity") VALUES ('78', '34', '100', '611');
INSERT INTO "order_items" ("order_item_id", "order_id", "food_id", "quantity") VALUES ('79', '52', '94', '872');
INSERT INTO "order_items" ("order_item_id", "order_id", "food_id", "quantity") VALUES ('80', '17', '79', '81');
INSERT INTO "order_items" ("order_item_id", "order_id", "food_id", "quantity") VALUES ('81', '33', '30', '623');
INSERT INTO "order_items" ("order_item_id", "order_id", "food_id", "quantity") VALUES ('82', '65', '34', '746');
INSERT INTO "order_items" ("order_item_id", "order_id", "food_id", "quantity") VALUES ('83', '69', '70', '814');
INSERT INTO "order_items" ("order_item_id", "order_id", "food_id", "quantity") VALUES ('84', '72', '34', '810');
INSERT INTO "order_items" ("order_item_id", "order_id", "food_id", "quantity") VALUES ('85', '68', '30', '881');
INSERT INTO "order_items" ("order_item_id", "order_id", "food_id", "quantity") VALUES ('86', '74', '31', '370');
INSERT INTO "order_items" ("order_item_id", "order_id", "food_id", "quantity") VALUES ('87', '23', '74', '619');
INSERT INTO "order_items" ("order_item_id", "order_id", "food_id", "quantity") VALUES ('88', '71', '49', '887');
INSERT INTO "order_items" ("order_item_id", "order_id", "food_id", "quantity") VALUES ('89', '7', '10', '80');
INSERT INTO "order_items" ("order_item_id", "order_id", "food_id", "quantity") VALUES ('90', '79', '61', '295');
INSERT INTO "order_items" ("order_item_id", "order_id", "food_id", "quantity") VALUES ('91', '74', '37', '361');
INSERT INTO "order_items" ("order_item_id", "order_id", "food_id", "quantity") VALUES ('92', '11', '67', '133');
INSERT INTO "order_items" ("order_item_id", "order_id", "food_id", "quantity") VALUES ('93', '57', '8', '906');
INSERT INTO "order_items" ("order_item_id", "order_id", "food_id", "quantity") VALUES ('94', '50', '86', '385');
INSERT INTO "order_items" ("order_item_id", "order_id", "food_id", "quantity") VALUES ('95', '98', '65', '284');
INSERT INTO "order_items" ("order_item_id", "order_id", "food_id", "quantity") VALUES ('96', '89', '20', '264');
INSERT INTO "order_items" ("order_item_id", "order_id", "food_id", "quantity") VALUES ('97', '31', '36', '605');
INSERT INTO "order_items" ("order_item_id", "order_id", "food_id", "quantity") VALUES ('98', '26', '7', '549');
INSERT INTO "order_items" ("order_item_id", "order_id", "food_id", "quantity") VALUES ('99', '91', '7', '543');
INSERT INTO "order_items" ("order_item_id", "order_id", "food_id", "quantity") VALUES ('100', '99', '75', '65');

INSERT INTO "payment_table" ("transaction_id", "order_id", "payment_type", "payment_status", "payment_time", "amount") VALUES ('1', '64', 'Credit Card', 'Pending', '2024-09-26 11:44:50', '87.16');
INSERT INTO "payment_table" ("transaction_id", "order_id", "payment_type", "payment_status", "payment_time", "amount") VALUES ('2', '89', 'Gift Card', 'Cancelled', '2024-02-20 03:15:58', '101.99');
INSERT INTO "payment_table" ("transaction_id", "order_id", "payment_type", "payment_status", "payment_time", "amount") VALUES ('3', '97', 'Credit Card', 'Completed', '2024-10-23 13:27:06', '87.77');
INSERT INTO "payment_table" ("transaction_id", "order_id", "payment_type", "payment_status", "payment_time", "amount") VALUES ('4', '92', 'Bank Transfer', 'Pending', '2024-11-03 10:48:42', '77.82');
INSERT INTO "payment_table" ("transaction_id", "order_id", "payment_type", "payment_status", "payment_time", "amount") VALUES ('5', '52', 'Debit Card', 'Cancelled', '2024-06-12 16:55:53', '91.41');
INSERT INTO "payment_table" ("transaction_id", "order_id", "payment_type", "payment_status", "payment_time", "amount") VALUES ('6', '60', 'Cryptocurrency', 'Failed', '2024-05-11 15:46:42', '99.56');
INSERT INTO "payment_table" ("transaction_id", "order_id", "payment_type", "payment_status", "payment_time", "amount") VALUES ('7', '17', 'Cash', 'Processing', '2024-08-16 09:28:36', '116.70');
INSERT INTO "payment_table" ("transaction_id", "order_id", "payment_type", "payment_status", "payment_time", "amount") VALUES ('8', '70', 'Bank Transfer', 'Cancelled', '2024-07-01 08:27:26', '121.70');
INSERT INTO "payment_table" ("transaction_id", "order_id", "payment_type", "payment_status", "payment_time", "amount") VALUES ('9', '3', 'Check', 'Failed', '2025-01-19 22:48:08', '118.10');
INSERT INTO "payment_table" ("transaction_id", "order_id", "payment_type", "payment_status", "payment_time", "amount") VALUES ('10', '13', 'Cash', 'Refunded', '2024-03-09 10:55:53', '120.88');
INSERT INTO "payment_table" ("transaction_id", "order_id", "payment_type", "payment_status", "payment_time", "amount") VALUES ('11', '55', 'PayPal', 'Failed', '2024-07-11 00:45:21', '118.42');
INSERT INTO "payment_table" ("transaction_id", "order_id", "payment_type", "payment_status", "payment_time", "amount") VALUES ('12', '58', 'Debit Card', 'Completed', '2025-01-16 07:02:04', '102.56');
INSERT INTO "payment_table" ("transaction_id", "order_id", "payment_type", "payment_status", "payment_time", "amount") VALUES ('13', '78', 'Debit Card', 'Cancelled', '2024-12-27 02:48:50', '76.67');
INSERT INTO "payment_table" ("transaction_id", "order_id", "payment_type", "payment_status", "payment_time", "amount") VALUES ('14', '25', 'Gift Card', 'Pending', '2024-01-31 10:51:31', '77.32');
INSERT INTO "payment_table" ("transaction_id", "order_id", "payment_type", "payment_status", "payment_time", "amount") VALUES ('15', '30', 'PayPal', 'Completed', '2024-07-02 07:26:10', '120.06');
INSERT INTO "payment_table" ("transaction_id", "order_id", "payment_type", "payment_status", "payment_time", "amount") VALUES ('16', '54', 'Mobile Payment', 'Processing', '2024-12-15 11:17:19', '121.42');
INSERT INTO "payment_table" ("transaction_id", "order_id", "payment_type", "payment_status", "payment_time", "amount") VALUES ('17', '16', 'Mobile Payment', 'Completed', '2025-01-16 03:08:20', '95.99');
INSERT INTO "payment_table" ("transaction_id", "order_id", "payment_type", "payment_status", "payment_time", "amount") VALUES ('18', '59', 'Debit Card', 'Completed', '2024-09-21 03:03:43', '100.41');
INSERT INTO "payment_table" ("transaction_id", "order_id", "payment_type", "payment_status", "payment_time", "amount") VALUES ('19', '2', 'Bank Transfer', 'Failed', '2025-01-20 01:32:20', '121.63');
INSERT INTO "payment_table" ("transaction_id", "order_id", "payment_type", "payment_status", "payment_time", "amount") VALUES ('20', '76', 'Cryptocurrency', 'Pending', '2024-03-27 02:33:48', '81.15');
INSERT INTO "payment_table" ("transaction_id", "order_id", "payment_type", "payment_status", "payment_time", "amount") VALUES ('21', '81', 'PayPal', 'Processing', '2024-05-18 08:58:07', '108.87');
INSERT INTO "payment_table" ("transaction_id", "order_id", "payment_type", "payment_status", "payment_time", "amount") VALUES ('22', '50', 'Cash', 'Failed', '2024-04-25 20:24:14', '92.50');
INSERT INTO "payment_table" ("transaction_id", "order_id", "payment_type", "payment_status", "payment_time", "amount") VALUES ('23', '20', 'Credit Card', 'Cancelled', '2024-04-21 07:21:25', '86.94');
INSERT INTO "payment_table" ("transaction_id", "order_id", "payment_type", "payment_status", "payment_time", "amount") VALUES ('24', '16', 'Cryptocurrency', 'Completed', '2024-11-04 00:34:18', '107.63');
INSERT INTO "payment_table" ("transaction_id", "order_id", "payment_type", "payment_status", "payment_time", "amount") VALUES ('25', '97', 'Credit Card', 'Pending', '2024-04-02 16:05:14', '121.44');
INSERT INTO "payment_table" ("transaction_id", "order_id", "payment_type", "payment_status", "payment_time", "amount") VALUES ('26', '60', 'Cryptocurrency', 'Failed', '2024-05-07 07:46:07', '124.71');
INSERT INTO "payment_table" ("transaction_id", "order_id", "payment_type", "payment_status", "payment_time", "amount") VALUES ('27', '15', 'Credit Card', 'Pending', '2024-07-10 20:35:07', '117.61');
INSERT INTO "payment_table" ("transaction_id", "order_id", "payment_type", "payment_status", "payment_time", "amount") VALUES ('28', '45', 'Cryptocurrency', 'Cancelled', '2024-05-25 23:58:22', '97.02');
INSERT INTO "payment_table" ("transaction_id", "order_id", "payment_type", "payment_status", "payment_time", "amount") VALUES ('29', '68', 'Credit Card', 'Pending', '2024-03-16 03:59:38', '79.64');
INSERT INTO "payment_table" ("transaction_id", "order_id", "payment_type", "payment_status", "payment_time", "amount") VALUES ('30', '99', 'Cryptocurrency', 'Cancelled', '2024-11-08 15:02:33', '80.25');
INSERT INTO "payment_table" ("transaction_id", "order_id", "payment_type", "payment_status", "payment_time", "amount") VALUES ('31', '67', 'Cash', 'Completed', '2024-09-04 15:07:20', '112.19');
INSERT INTO "payment_table" ("transaction_id", "order_id", "payment_type", "payment_status", "payment_time", "amount") VALUES ('32', '48', 'Bank Transfer', 'Pending', '2025-01-03 12:00:23', '95.25');
INSERT INTO "payment_table" ("transaction_id", "order_id", "payment_type", "payment_status", "payment_time", "amount") VALUES ('33', '41', 'PayPal', 'Cancelled', '2024-02-14 09:28:24', '116.23');
INSERT INTO "payment_table" ("transaction_id", "order_id", "payment_type", "payment_status", "payment_time", "amount") VALUES ('34', '100', 'Mobile Payment', 'Pending', '2024-04-02 06:24:39', '78.31');
INSERT INTO "payment_table" ("transaction_id", "order_id", "payment_type", "payment_status", "payment_time", "amount") VALUES ('35', '13', 'Cash', 'Cancelled', '2024-03-04 03:37:52', '101.84');
INSERT INTO "payment_table" ("transaction_id", "order_id", "payment_type", "payment_status", "payment_time", "amount") VALUES ('36', '33', 'PayPal', 'Failed', '2024-02-18 00:19:53', '123.04');
INSERT INTO "payment_table" ("transaction_id", "order_id", "payment_type", "payment_status", "payment_time", "amount") VALUES ('37', '3', 'Credit Card', 'Processing', '2024-09-01 19:51:29', '79.74');
INSERT INTO "payment_table" ("transaction_id", "order_id", "payment_type", "payment_status", "payment_time", "amount") VALUES ('38', '22', 'Gift Card', 'Pending', '2024-09-02 11:20:45', '98.49');
INSERT INTO "payment_table" ("transaction_id", "order_id", "payment_type", "payment_status", "payment_time", "amount") VALUES ('39', '99', 'PayPal', 'Completed', '2024-12-14 17:59:26', '91.90');
INSERT INTO "payment_table" ("transaction_id", "order_id", "payment_type", "payment_status", "payment_time", "amount") VALUES ('40', '8', 'Wire Transfer', 'Failed', '2024-09-22 12:26:11', '120.43');
INSERT INTO "payment_table" ("transaction_id", "order_id", "payment_type", "payment_status", "payment_time", "amount") VALUES ('41', '85', 'Check', 'Processing', '2024-02-14 01:05:58', '86.98');
INSERT INTO "payment_table" ("transaction_id", "order_id", "payment_type", "payment_status", "payment_time", "amount") VALUES ('42', '69', 'Bank Transfer', 'Cancelled', '2024-05-22 17:15:10', '102.83');
INSERT INTO "payment_table" ("transaction_id", "order_id", "payment_type", "payment_status", "payment_time", "amount") VALUES ('43', '44', 'Debit Card', 'Completed', '2024-11-19 00:05:50', '124.66');
INSERT INTO "payment_table" ("transaction_id", "order_id", "payment_type", "payment_status", "payment_time", "amount") VALUES ('44', '62', 'Credit Card', 'Pending', '2024-10-26 20:04:02', '88.65');
INSERT INTO "payment_table" ("transaction_id", "order_id", "payment_type", "payment_status", "payment_time", "amount") VALUES ('45', '94', 'Gift Card', 'Refunded', '2024-09-17 16:31:50', '99.51');
INSERT INTO "payment_table" ("transaction_id", "order_id", "payment_type", "payment_status", "payment_time", "amount") VALUES ('46', '44', 'Bank Transfer', 'Completed', '2024-04-18 06:47:38', '111.76');
INSERT INTO "payment_table" ("transaction_id", "order_id", "payment_type", "payment_status", "payment_time", "amount") VALUES ('47', '99', 'PayPal', 'Processing', '2024-06-11 21:26:37', '85.39');
INSERT INTO "payment_table" ("transaction_id", "order_id", "payment_type", "payment_status", "payment_time", "amount") VALUES ('48', '89', 'Debit Card', 'Refunded', '2024-06-22 23:29:59', '86.10');
INSERT INTO "payment_table" ("transaction_id", "order_id", "payment_type", "payment_status", "payment_time", "amount") VALUES ('49', '13', 'Cash', 'Cancelled', '2024-05-21 23:41:52', '117.54');
INSERT INTO "payment_table" ("transaction_id", "order_id", "payment_type", "payment_status", "payment_time", "amount") VALUES ('50', '77', 'Mobile Payment', 'Pending', '2024-06-03 06:59:11', '116.91');
INSERT INTO "payment_table" ("transaction_id", "order_id", "payment_type", "payment_status", "payment_time", "amount") VALUES ('51', '27', 'Debit Card', 'Failed', '2024-07-08 23:28:55', '112.89');
INSERT INTO "payment_table" ("transaction_id", "order_id", "payment_type", "payment_status", "payment_time", "amount") VALUES ('52', '51', 'Gift Card', 'Completed', '2024-07-22 18:52:13', '119.79');
INSERT INTO "payment_table" ("transaction_id", "order_id", "payment_type", "payment_status", "payment_time", "amount") VALUES ('53', '100', 'Gift Card', 'Pending', '2024-04-09 05:25:58', '124.08');
INSERT INTO "payment_table" ("transaction_id", "order_id", "payment_type", "payment_status", "payment_time", "amount") VALUES ('54', '97', 'Mobile Payment', 'Failed', '2024-06-24 00:07:56', '100.84');
INSERT INTO "payment_table" ("transaction_id", "order_id", "payment_type", "payment_status", "payment_time", "amount") VALUES ('55', '14', 'Check', 'Refunded', '2025-01-22 23:06:07', '87.42');
INSERT INTO "payment_table" ("transaction_id", "order_id", "payment_type", "payment_status", "payment_time", "amount") VALUES ('56', '94', 'Debit Card', 'Refunded', '2024-12-04 04:27:24', '100.08');
INSERT INTO "payment_table" ("transaction_id", "order_id", "payment_type", "payment_status", "payment_time", "amount") VALUES ('57', '20', 'Check', 'Refunded', '2024-06-02 05:46:08', '89.11');
INSERT INTO "payment_table" ("transaction_id", "order_id", "payment_type", "payment_status", "payment_time", "amount") VALUES ('58', '45', 'Credit Card', 'Pending', '2025-01-23 17:21:56', '84.21');
INSERT INTO "payment_table" ("transaction_id", "order_id", "payment_type", "payment_status", "payment_time", "amount") VALUES ('59', '37', 'Gift Card', 'Processing', '2024-02-14 19:42:08', '112.13');
INSERT INTO "payment_table" ("transaction_id", "order_id", "payment_type", "payment_status", "payment_time", "amount") VALUES ('60', '69', 'Wire Transfer', 'Refunded', '2024-07-02 11:20:38', '79.52');
INSERT INTO "payment_table" ("transaction_id", "order_id", "payment_type", "payment_status", "payment_time", "amount") VALUES ('61', '78', 'Gift Card', 'Refunded', '2024-07-10 14:39:13', '82.18');
INSERT INTO "payment_table" ("transaction_id", "order_id", "payment_type", "payment_status", "payment_time", "amount") VALUES ('62', '55', 'Cash', 'Pending', '2024-08-01 09:30:17', '117.53');
INSERT INTO "payment_table" ("transaction_id", "order_id", "payment_type", "payment_status", "payment_time", "amount") VALUES ('63', '77', 'Cryptocurrency', 'Pending', '2024-12-04 11:12:59', '76.71');
INSERT INTO "payment_table" ("transaction_id", "order_id", "payment_type", "payment_status", "payment_time", "amount") VALUES ('64', '66', 'Cryptocurrency', 'Failed', '2024-02-19 06:06:37', '81.17');
INSERT INTO "payment_table" ("transaction_id", "order_id", "payment_type", "payment_status", "payment_time", "amount") VALUES ('65', '100', 'Debit Card', 'Processing', '2024-03-20 13:04:07', '86.66');
INSERT INTO "payment_table" ("transaction_id", "order_id", "payment_type", "payment_status", "payment_time", "amount") VALUES ('66', '33', 'Bank Transfer', 'Failed', '2024-10-10 13:44:52', '123.71');
INSERT INTO "payment_table" ("transaction_id", "order_id", "payment_type", "payment_status", "payment_time", "amount") VALUES ('67', '92', 'Wire Transfer', 'Cancelled', '2024-11-10 13:47:19', '75.33');
INSERT INTO "payment_table" ("transaction_id", "order_id", "payment_type", "payment_status", "payment_time", "amount") VALUES ('68', '9', 'Bank Transfer', 'Cancelled', '2024-08-18 05:51:29', '85.44');
INSERT INTO "payment_table" ("transaction_id", "order_id", "payment_type", "payment_status", "payment_time", "amount") VALUES ('69', '51', 'Credit Card', 'Failed', '2025-01-15 02:07:06', '107.41');
INSERT INTO "payment_table" ("transaction_id", "order_id", "payment_type", "payment_status", "payment_time", "amount") VALUES ('70', '35', 'Bank Transfer', 'Refunded', '2025-01-12 04:53:37', '86.39');
INSERT INTO "payment_table" ("transaction_id", "order_id", "payment_type", "payment_status", "payment_time", "amount") VALUES ('71', '57', 'Debit Card', 'Refunded', '2024-07-18 03:17:17', '90.12');
INSERT INTO "payment_table" ("transaction_id", "order_id", "payment_type", "payment_status", "payment_time", "amount") VALUES ('72', '56', 'Credit Card', 'Pending', '2024-11-07 16:42:31', '111.31');
INSERT INTO "payment_table" ("transaction_id", "order_id", "payment_type", "payment_status", "payment_time", "amount") VALUES ('73', '92', 'Bank Transfer', 'Failed', '2024-05-09 12:02:55', '82.27');
INSERT INTO "payment_table" ("transaction_id", "order_id", "payment_type", "payment_status", "payment_time", "amount") VALUES ('74', '61', 'Bank Transfer', 'Pending', '2025-01-20 07:27:19', '121.68');
INSERT INTO "payment_table" ("transaction_id", "order_id", "payment_type", "payment_status", "payment_time", "amount") VALUES ('75', '58', 'Cryptocurrency', 'Pending', '2024-03-07 13:22:41', '119.97');
INSERT INTO "payment_table" ("transaction_id", "order_id", "payment_type", "payment_status", "payment_time", "amount") VALUES ('76', '90', 'PayPal', 'Cancelled', '2024-10-09 08:39:41', '99.71');
INSERT INTO "payment_table" ("transaction_id", "order_id", "payment_type", "payment_status", "payment_time", "amount") VALUES ('77', '100', 'Bank Transfer', 'Failed', '2024-03-13 03:36:44', '94.01');
INSERT INTO "payment_table" ("transaction_id", "order_id", "payment_type", "payment_status", "payment_time", "amount") VALUES ('78', '42', 'Bank Transfer', 'Refunded', '2024-03-26 03:24:41', '116.51');
INSERT INTO "payment_table" ("transaction_id", "order_id", "payment_type", "payment_status", "payment_time", "amount") VALUES ('79', '46', 'Check', 'Cancelled', '2024-03-10 11:50:11', '92.62');
INSERT INTO "payment_table" ("transaction_id", "order_id", "payment_type", "payment_status", "payment_time", "amount") VALUES ('80', '24', 'Check', 'Completed', '2024-07-05 23:19:32', '95.20');
INSERT INTO "payment_table" ("transaction_id", "order_id", "payment_type", "payment_status", "payment_time", "amount") VALUES ('81', '75', 'Gift Card', 'Completed', '2024-07-16 21:03:25', '89.86');
INSERT INTO "payment_table" ("transaction_id", "order_id", "payment_type", "payment_status", "payment_time", "amount") VALUES ('82', '76', 'Check', 'Failed', '2024-07-03 22:23:26', '97.82');
INSERT INTO "payment_table" ("transaction_id", "order_id", "payment_type", "payment_status", "payment_time", "amount") VALUES ('83', '16', 'PayPal', 'Refunded', '2024-09-22 13:53:44', '113.60');
INSERT INTO "payment_table" ("transaction_id", "order_id", "payment_type", "payment_status", "payment_time", "amount") VALUES ('84', '57', 'Bank Transfer', 'Refunded', '2024-12-11 09:58:45', '123.48');
INSERT INTO "payment_table" ("transaction_id", "order_id", "payment_type", "payment_status", "payment_time", "amount") VALUES ('85', '52', 'Cash', 'Processing', '2024-07-14 03:41:01', '77.12');
INSERT INTO "payment_table" ("transaction_id", "order_id", "payment_type", "payment_status", "payment_time", "amount") VALUES ('86', '66', 'Debit Card', 'Pending', '2024-04-20 08:32:40', '83.98');
INSERT INTO "payment_table" ("transaction_id", "order_id", "payment_type", "payment_status", "payment_time", "amount") VALUES ('87', '53', 'PayPal', 'Refunded', '2024-03-27 05:20:41', '83.80');
INSERT INTO "payment_table" ("transaction_id", "order_id", "payment_type", "payment_status", "payment_time", "amount") VALUES ('88', '12', 'Bank Transfer', 'Completed', '2024-10-02 11:58:25', '99.49');
INSERT INTO "payment_table" ("transaction_id", "order_id", "payment_type", "payment_status", "payment_time", "amount") VALUES ('89', '69', 'Cash', 'Completed', '2024-10-10 05:15:55', '88.78');
INSERT INTO "payment_table" ("transaction_id", "order_id", "payment_type", "payment_status", "payment_time", "amount") VALUES ('90', '31', 'Cryptocurrency', 'Failed', '2025-01-21 00:37:09', '92.00');
INSERT INTO "payment_table" ("transaction_id", "order_id", "payment_type", "payment_status", "payment_time", "amount") VALUES ('91', '49', 'Cryptocurrency', 'Pending', '2025-01-09 16:34:53', '97.31');
INSERT INTO "payment_table" ("transaction_id", "order_id", "payment_type", "payment_status", "payment_time", "amount") VALUES ('92', '65', 'Debit Card', 'Completed', '2024-09-17 08:52:57', '96.79');
INSERT INTO "payment_table" ("transaction_id", "order_id", "payment_type", "payment_status", "payment_time", "amount") VALUES ('93', '30', 'PayPal', 'Failed', '2024-05-22 12:10:38', '91.14');
INSERT INTO "payment_table" ("transaction_id", "order_id", "payment_type", "payment_status", "payment_time", "amount") VALUES ('94', '76', 'Bank Transfer', 'Failed', '2024-11-13 17:49:34', '85.64');
INSERT INTO "payment_table" ("transaction_id", "order_id", "payment_type", "payment_status", "payment_time", "amount") VALUES ('95', '71', 'Debit Card', 'Pending', '2024-11-22 07:10:02', '88.95');
INSERT INTO "payment_table" ("transaction_id", "order_id", "payment_type", "payment_status", "payment_time", "amount") VALUES ('96', '33', 'Credit Card', 'Cancelled', '2024-06-17 00:12:15', '94.33');
INSERT INTO "payment_table" ("transaction_id", "order_id", "payment_type", "payment_status", "payment_time", "amount") VALUES ('97', '57', 'Mobile Payment', 'Failed', '2024-12-06 07:57:33', '122.96');
INSERT INTO "payment_table" ("transaction_id", "order_id", "payment_type", "payment_status", "payment_time", "amount") VALUES ('98', '17', 'Gift Card', 'Cancelled', '2024-09-01 01:21:21', '111.15');
INSERT INTO "payment_table" ("transaction_id", "order_id", "payment_type", "payment_status", "payment_time", "amount") VALUES ('99', '6', 'Cryptocurrency', 'Pending', '2024-02-12 10:33:33', '101.38');
INSERT INTO "payment_table" ("transaction_id", "order_id", "payment_type", "payment_status", "payment_time", "amount") VALUES ('100', '61', 'Check', 'Pending', '2024-11-04 15:56:19', '111.73');

INSERT INTO "restaurant" ("restaurant_id", "restaurant_name", "location", "rating", "contact_number", "created_at") VALUES ('1', 'Yoga Strap', '157 Alaura Avenue, Birmingham, Alabama, United States, 35279', '0', '(205) 294-1807', '2024-01-29 12:51:07');
INSERT INTO "restaurant" ("restaurant_id", "restaurant_name", "location", "rating", "contact_number", "created_at") VALUES ('2', 'Travel Size Toiletry Bottles', '11352 Backwater Way, Philadelphia, Pennsylvania, United States, 19184', '3', '(215) 721-9613', '2024-01-29 12:56:44');
INSERT INTO "restaurant" ("restaurant_id", "restaurant_name", "location", "rating", "contact_number", "created_at") VALUES ('3', 'Sustainable Wooden Toys', '8265 Pasqua Place, Jackson, Mississippi, United States, 39210', '3', '(601) 980-2092', '2024-01-29 13:06:07');
INSERT INTO "restaurant" ("restaurant_id", "restaurant_name", "location", "rating", "contact_number", "created_at") VALUES ('4', 'Garlic Butter Sauce', '10549 Ritter Road, Dayton, Ohio, United States, 45419', '2', '(513) 187-7006', '2024-01-29 13:09:14');
INSERT INTO "restaurant" ("restaurant_id", "restaurant_name", "location", "rating", "contact_number", "created_at") VALUES ('5', 'Peas (frozen)', '12827 Viscaya Court, El Paso, Texas, United States, 88553', '3', '(915) 801-9862', '2024-01-29 13:12:42');
INSERT INTO "restaurant" ("restaurant_id", "restaurant_name", "location", "rating", "contact_number", "created_at") VALUES ('6', 'BBQ Jackfruit', '12330 Homer Avenue, Beaumont, Texas, United States, 77705', '0', '(409) 938-1515', '2024-01-29 13:14:37');
INSERT INTO "restaurant" ("restaurant_id", "restaurant_name", "location", "rating", "contact_number", "created_at") VALUES ('7', 'Buffalo Stilton Cheese', '12438 Baldwin Run, Dallas, Texas, United States, 75210', '4', '(972) 128-0352', '2024-01-29 13:23:38');
INSERT INTO "restaurant" ("restaurant_id", "restaurant_name", "location", "rating", "contact_number", "created_at") VALUES ('8', 'Zesty Garlic Hummus', '6612 Maplesong Lane, Baton Rouge, Louisiana, United States, 70815', '3', '(225) 398-4936', '2024-01-29 13:30:45');
INSERT INTO "restaurant" ("restaurant_id", "restaurant_name", "location", "rating", "contact_number", "created_at") VALUES ('9', 'Miso Soup Starter', '2713 Merrit Lane, Grand Junction, Colorado, United States, 81505', '4', '(970) 340-2641', '2024-01-29 13:35:27');
INSERT INTO "restaurant" ("restaurant_id", "restaurant_name", "location", "rating", "contact_number", "created_at") VALUES ('10', 'Floral Summer Dress', '4417 Berrington Loop, Pompano Beach, Florida, United States, 33064', '3', '(754) 981-9374', '2024-01-29 13:44:23');
INSERT INTO "restaurant" ("restaurant_id", "restaurant_name", "location", "rating", "contact_number", "created_at") VALUES ('11', 'Sparkling Blood Orange Soda', '903 Shelburne Lane, Chico, California, United States, 95973', '2', '(916) 196-7537', '2024-01-29 13:53:22');
INSERT INTO "restaurant" ("restaurant_id", "restaurant_name", "location", "rating", "contact_number", "created_at") VALUES ('12', 'LED Canopy Lights', '2195 Lock Street, San Luis Obispo, California, United States, 93407', '3', '(805) 391-6526', '2024-01-29 13:59:58');
INSERT INTO "restaurant" ("restaurant_id", "restaurant_name", "location", "rating", "contact_number", "created_at") VALUES ('13', 'Watering Can with Nozzle', '14421 Ellie Lane, Lakewood, Washington, United States, 98498', '1', '(253) 547-6922', '2024-01-29 14:09:27');
INSERT INTO "restaurant" ("restaurant_id", "restaurant_name", "location", "rating", "contact_number", "created_at") VALUES ('14', 'Teriyaki Sauce', '10834 Xanthus Court, Oklahoma City, Oklahoma, United States, 73157', '2', '(405) 218-4926', '2024-01-29 14:14:23');
INSERT INTO "restaurant" ("restaurant_id", "restaurant_name", "location", "rating", "contact_number", "created_at") VALUES ('15', 'Sweet Chili Sauce', '10607 Pierlussi Path, Hamilton, Ohio, United States, 45020', '4', '(937) 825-0444', '2024-01-29 14:19:05');
INSERT INTO "restaurant" ("restaurant_id", "restaurant_name", "location", "rating", "contact_number", "created_at") VALUES ('16', 'Organic Honeycrisp Apples', '2825 Alandari Lane, Washington, District of Columbia, United States, 20231', '2', '(202) 583-4381', '2024-01-29 14:27:28');
INSERT INTO "restaurant" ("restaurant_id", "restaurant_name", "location", "rating", "contact_number", "created_at") VALUES ('17', 'Vegetable Fried Rice', '3140 East Torch Lake Drive, Madison, Wisconsin, United States, 53710', '4', '(608) 060-8529', '2024-01-29 14:33:46');
INSERT INTO "restaurant" ("restaurant_id", "restaurant_name", "location", "rating", "contact_number", "created_at") VALUES ('18', 'Baked Falafel', '14725 Rosebriar Lane, Columbia, South Carolina, United States, 29203', '3', '(803) 414-0699', '2024-01-29 14:39:44');
INSERT INTO "restaurant" ("restaurant_id", "restaurant_name", "location", "rating", "contact_number", "created_at") VALUES ('19', 'Car Phone Mount', '11644 Mountville Court, Wichita, Kansas, United States, 67205', '3', '(316) 808-2886', '2024-01-29 14:48:48');
INSERT INTO "restaurant" ("restaurant_id", "restaurant_name", "location", "rating", "contact_number", "created_at") VALUES ('20', 'Travel Hair Straightener', '6325 Del Rio Drive, Syracuse, New York, United States, 13251', '0', '(315) 305-5059', '2024-01-29 14:53:08');
INSERT INTO "restaurant" ("restaurant_id", "restaurant_name", "location", "rating", "contact_number", "created_at") VALUES ('21', 'Sliced Avocado', '10143 Cheryl Court, Columbus, Ohio, United States, 43268', '4', '(614) 525-9470', '2024-01-29 15:01:26');
INSERT INTO "restaurant" ("restaurant_id", "restaurant_name", "location", "rating", "contact_number", "created_at") VALUES ('22', 'Electric Meat Grinder', '10511 Combs Court, Hartford, Connecticut, United States, 06120', '1', '(860) 543-1673', '2024-01-29 15:07:27');
INSERT INTO "restaurant" ("restaurant_id", "restaurant_name", "location", "rating", "contact_number", "created_at") VALUES ('23', 'Lentil Pasta', '2815 Carter Path, Richmond, Virginia, United States, 23242', '0', '(804) 512-5207', '2024-01-29 15:14:56');
INSERT INTO "restaurant" ("restaurant_id", "restaurant_name", "location", "rating", "contact_number", "created_at") VALUES ('24', 'Vegan Chickpea Salad', '14151 Rieves Drive, Des Moines, Iowa, United States, 50936', '4', '(515) 087-7103', '2024-01-29 15:18:41');
INSERT INTO "restaurant" ("restaurant_id", "restaurant_name", "location", "rating", "contact_number", "created_at") VALUES ('25', 'Sporty Slide Sandals', '5364 Gary Lane, Milwaukee, Wisconsin, United States, 53220', '0', '(414) 833-7505', '2024-01-29 15:20:39');
INSERT INTO "restaurant" ("restaurant_id", "restaurant_name", "location", "rating", "contact_number", "created_at") VALUES ('26', 'Buffalo Sauce', '14795 Ellsworth Way, Nashville, Tennessee, United States, 37228', '1', '(615) 194-8712', '2024-01-29 15:28:10');
INSERT INTO "restaurant" ("restaurant_id", "restaurant_name", "location", "rating", "contact_number", "created_at") VALUES ('27', 'Wooden Blocks', '12038 Birchbrook Loop, Lexington, Kentucky, United States, 40596', '1', '(859) 168-5148', '2024-01-29 15:29:37');
INSERT INTO "restaurant" ("restaurant_id", "restaurant_name", "location", "rating", "contact_number", "created_at") VALUES ('28', 'Organic Apples', '6462 Talapia Loop, Tampa, Florida, United States, 33610', '3', '(813) 357-5165', '2024-01-29 15:37:44');
INSERT INTO "restaurant" ("restaurant_id", "restaurant_name", "location", "rating", "contact_number", "created_at") VALUES ('29', 'Smartphone Car Mount with Wireless Charging', '4601 Intrepid Terrace, Washington, District of Columbia, United States, 20566', '3', '(202) 055-6558', '2024-01-29 15:45:51');
INSERT INTO "restaurant" ("restaurant_id", "restaurant_name", "location", "rating", "contact_number", "created_at") VALUES ('30', 'Golf Polo Shirt', '3404 Southfield Drive, Norfolk, Virginia, United States, 23514', '2', '(757) 606-3383', '2024-01-29 15:50:52');
INSERT INTO "restaurant" ("restaurant_id", "restaurant_name", "location", "rating", "contact_number", "created_at") VALUES ('31', 'Strawberry Fruit Spread', '2273 Love Avenue, Fresno, California, United States, 93709', '4', '(559) 286-3721', '2024-01-29 15:55:28');
INSERT INTO "restaurant" ("restaurant_id", "restaurant_name", "location", "rating", "contact_number", "created_at") VALUES ('32', 'Sliced Strawberries', '14088 Gillespie Lane, Phoenix, Arizona, United States, 85005', '3', '(602) 443-3113', '2024-01-29 16:00:50');
INSERT INTO "restaurant" ("restaurant_id", "restaurant_name", "location", "rating", "contact_number", "created_at") VALUES ('33', 'Robot Vacuum Cleaner', '956 Mistletoe Court, San Diego, California, United States, 92153', '2', '(619) 028-1389', '2024-01-29 16:06:49');
INSERT INTO "restaurant" ("restaurant_id", "restaurant_name", "location", "rating", "contact_number", "created_at") VALUES ('34', 'Foldable Picnic Table', '12366 Edmonton Place, Portland, Oregon, United States, 97240', '4', '(971) 400-1176', '2024-01-29 16:08:19');
INSERT INTO "restaurant" ("restaurant_id", "restaurant_name", "location", "rating", "contact_number", "created_at") VALUES ('35', 'Crispy Tofu Bites', '530 Randall Road, Murfreesboro, Tennessee, United States, 37131', '3', '(615) 902-9923', '2024-01-29 16:17:16');
INSERT INTO "restaurant" ("restaurant_id", "restaurant_name", "location", "rating", "contact_number", "created_at") VALUES ('36', 'Educational STEM Kit', '1924 Radclife Berea Place, Flint, Michigan, United States, 48550', '4', '(810) 026-6048', '2024-01-29 16:22:40');
INSERT INTO "restaurant" ("restaurant_id", "restaurant_name", "location", "rating", "contact_number", "created_at") VALUES ('37', 'Fruit and Nut Medley', '8748 Marlin Place, Farmington, Michigan, United States, 48335', '1', '(248) 443-5186', '2024-01-29 16:27:23');
INSERT INTO "restaurant" ("restaurant_id", "restaurant_name", "location", "rating", "contact_number", "created_at") VALUES ('38', 'Smartphone Tripod with Bluetooth Remote', '11023 Lester Drive, Fort Wayne, Indiana, United States, 46862', '0', '(260) 242-5372', '2024-01-29 16:36:47');
INSERT INTO "restaurant" ("restaurant_id", "restaurant_name", "location", "rating", "contact_number", "created_at") VALUES ('39', 'Energy Protein Bars', '11999 Jason Drive, Las Vegas, Nevada, United States, 89178', '0', '(702) 932-2891', '2024-01-29 16:44:19');
INSERT INTO "restaurant" ("restaurant_id", "restaurant_name", "location", "rating", "contact_number", "created_at") VALUES ('40', 'Ice Cream', '7426 Armstrong Avenue, Topeka, Kansas, United States, 66629', '1', '(785) 818-0827', '2024-01-29 16:49:00');
INSERT INTO "restaurant" ("restaurant_id", "restaurant_name", "location", "rating", "contact_number", "created_at") VALUES ('41', 'Hibiscus Herbal Tea', '7405 Anchor Avenue, Largo, Florida, United States, 33777', '4', '(727) 670-0687', '2024-01-29 16:52:04');
INSERT INTO "restaurant" ("restaurant_id", "restaurant_name", "location", "rating", "contact_number", "created_at") VALUES ('42', 'Maple Cinnamon Almonds', '5981 Pheil Path, Marietta, Georgia, United States, 30061', '3', '(770) 116-4401', '2024-01-29 16:57:07');
INSERT INTO "restaurant" ("restaurant_id", "restaurant_name", "location", "rating", "contact_number", "created_at") VALUES ('43', 'Italian Meatballs', '9274 Phillips Court, North Hollywood, California, United States, 91616', '4', '(213) 566-5290', '2024-01-29 17:04:55');
INSERT INTO "restaurant" ("restaurant_id", "restaurant_name", "location", "rating", "contact_number", "created_at") VALUES ('44', 'Smartphone Car Mount with Wireless Charging', '6292 Deskin Lane, Fort Wayne, Indiana, United States, 46896', '4', '(260) 601-6900', '2024-01-29 17:12:46');
INSERT INTO "restaurant" ("restaurant_id", "restaurant_name", "location", "rating", "contact_number", "created_at") VALUES ('45', 'Over-the-Door Shoe Organizer', '3963 Branchville Terrace, Harrisburg, Pennsylvania, United States, 17126', '1', '(717) 307-5966', '2024-01-29 17:17:05');
INSERT INTO "restaurant" ("restaurant_id", "restaurant_name", "location", "rating", "contact_number", "created_at") VALUES ('46', 'Wild Rice & Quinoa Mix', '5119 Rambling Rose Court, Cleveland, Ohio, United States, 44118', '4', '(216) 063-9956', '2024-01-29 17:19:44');
INSERT INTO "restaurant" ("restaurant_id", "restaurant_name", "location", "rating", "contact_number", "created_at") VALUES ('47', 'Vacuum Sealer Machine', '1418 Candler Place, Houston, Texas, United States, 77271', '0', '(713) 628-2354', '2024-01-29 17:28:41');
INSERT INTO "restaurant" ("restaurant_id", "restaurant_name", "location", "rating", "contact_number", "created_at") VALUES ('48', 'Nordic Berry Smoothie', '5999 Seth Run, Charleston, South Carolina, United States, 29403', '3', '(843) 445-8386', '2024-01-29 17:32:01');
INSERT INTO "restaurant" ("restaurant_id", "restaurant_name", "location", "rating", "contact_number", "created_at") VALUES ('49', 'Wireless Game Controller', '11176 Gates Lane, Newport News, Virginia, United States, 23605', '0', '(757) 406-4498', '2024-01-29 17:36:11');
INSERT INTO "restaurant" ("restaurant_id", "restaurant_name", "location", "rating", "contact_number", "created_at") VALUES ('50', 'Compact Dishwasher', '10404 Bobcat Terrace, Madison, Wisconsin, United States, 53726', '3', '(608) 619-7726', '2024-01-29 17:39:33');
INSERT INTO "restaurant" ("restaurant_id", "restaurant_name", "location", "rating", "contact_number", "created_at") VALUES ('51', 'Peanut Butter Chocolate Clusters', '14879 Sara Street, Dallas, Texas, United States, 75231', '0', '(972) 953-5392', '2024-01-29 17:47:47');
INSERT INTO "restaurant" ("restaurant_id", "restaurant_name", "location", "rating", "contact_number", "created_at") VALUES ('52', 'Screen Cleaning Kit', '7092 Morton Lane, Woburn, Massachusetts, United States, 01813', '1', '(339) 156-1385', '2024-01-29 17:51:02');
INSERT INTO "restaurant" ("restaurant_id", "restaurant_name", "location", "rating", "contact_number", "created_at") VALUES ('53', 'Pumpkin Spice Muffins', '7444 Lisette Way, Akron, Ohio, United States, 44329', '4', '(330) 420-1734', '2024-01-29 18:00:42');
INSERT INTO "restaurant" ("restaurant_id", "restaurant_name", "location", "rating", "contact_number", "created_at") VALUES ('54', 'Spinach and Feta Stuffed Chicken Breast', '13270 Lawthorn Street, Philadelphia, Pennsylvania, United States, 19141', '0', '(215) 262-2009', '2024-01-29 18:03:41');
INSERT INTO "restaurant" ("restaurant_id", "restaurant_name", "location", "rating", "contact_number", "created_at") VALUES ('55', 'Organic Coconut Oil', '11608 Wimberly Place, Missoula, Montana, United States, 59806', '2', '(406) 987-0485', '2024-01-29 18:13:00');
INSERT INTO "restaurant" ("restaurant_id", "restaurant_name", "location", "rating", "contact_number", "created_at") VALUES ('56', 'Phone Screen Protector', '14062 Donelin Circle, Anchorage, Alaska, United States, 99599', '0', '(907) 434-7165', '2024-01-29 18:17:34');
INSERT INTO "restaurant" ("restaurant_id", "restaurant_name", "location", "rating", "contact_number", "created_at") VALUES ('57', 'Smart Fitness Scale', '14736 Terrebonne Terrace, New York City, New York, United States, 10039', '3', '(917) 803-1235', '2024-01-29 18:22:15');
INSERT INTO "restaurant" ("restaurant_id", "restaurant_name", "location", "rating", "contact_number", "created_at") VALUES ('58', 'Chicken Breasts', '12467 Archer Avenue, Bloomington, Indiana, United States, 47405', '2', '(812) 984-7886', '2024-01-29 18:30:25');
INSERT INTO "restaurant" ("restaurant_id", "restaurant_name", "location", "rating", "contact_number", "created_at") VALUES ('59', 'Wireless Charger Stand', '7071 West Schwartz Blvd., Saint Petersburg, Florida, United States, 33705', '3', '(727) 839-0171', '2024-01-29 18:37:31');
INSERT INTO "restaurant" ("restaurant_id", "restaurant_name", "location", "rating", "contact_number", "created_at") VALUES ('60', 'Sliced Avocado', '10216 Whiting Way, Lexington, Kentucky, United States, 40596', '0', '(859) 821-8071', '2024-01-29 18:43:22');
INSERT INTO "restaurant" ("restaurant_id", "restaurant_name", "location", "rating", "contact_number", "created_at") VALUES ('61', 'Brussels Sprouts', '11307 Edgewater Lane, Cleveland, Ohio, United States, 44105', '0', '(216) 240-6866', '2024-01-29 18:45:44');
INSERT INTO "restaurant" ("restaurant_id", "restaurant_name", "location", "rating", "contact_number", "created_at") VALUES ('62', 'High-Pressure Handheld Shower Head', '2953 La Hermosa Drive, Biloxi, Mississippi, United States, 39534', '0', '(228) 246-7542', '2024-01-29 18:47:52');
INSERT INTO "restaurant" ("restaurant_id", "restaurant_name", "location", "rating", "contact_number", "created_at") VALUES ('63', 'Vegan Chickpea Salad', '8342 Hopewell Street, Milwaukee, Wisconsin, United States, 53215', '3', '(414) 395-0747', '2024-01-29 18:57:12');
INSERT INTO "restaurant" ("restaurant_id", "restaurant_name", "location", "rating", "contact_number", "created_at") VALUES ('64', 'Chickpea Pancakes', '34 Luca Lane, Dallas, Texas, United States, 75387', '1', '(214) 414-8900', '2024-01-29 18:59:06');
INSERT INTO "restaurant" ("restaurant_id", "restaurant_name", "location", "rating", "contact_number", "created_at") VALUES ('65', 'Granola Bars', '9791 Oscar Lane, Huntsville, Alabama, United States, 35895', '4', '(256) 024-6791', '2024-01-29 19:08:25');
INSERT INTO "restaurant" ("restaurant_id", "restaurant_name", "location", "rating", "contact_number", "created_at") VALUES ('66', 'Sliced Bell Peppers', '5871 Alwick Way, Detroit, Michigan, United States, 48275', '2', '(313) 606-8549', '2024-01-29 19:17:05');
INSERT INTO "restaurant" ("restaurant_id", "restaurant_name", "location", "rating", "contact_number", "created_at") VALUES ('67', 'Nutty Quinoa Salad', '4470 Neeses Lane, Washington, District of Columbia, United States, 20425', '1', '(202) 125-1702', '2024-01-29 19:18:21');
INSERT INTO "restaurant" ("restaurant_id", "restaurant_name", "location", "rating", "contact_number", "created_at") VALUES ('68', 'Kale Salad Kit', '6461 Silvana Way, Oklahoma City, Oklahoma, United States, 73190', '3', '(405) 145-8184', '2024-01-29 19:27:45');
INSERT INTO "restaurant" ("restaurant_id", "restaurant_name", "location", "rating", "contact_number", "created_at") VALUES ('69', 'Halloween Decoration Set', '10385 Sassparilla Way, Des Moines, Iowa, United States, 50330', '3', '(515) 773-6224', '2024-01-29 19:34:05');
INSERT INTO "restaurant" ("restaurant_id", "restaurant_name", "location", "rating", "contact_number", "created_at") VALUES ('70', 'Wireless Charger', '8221 Head Way, Scottsdale, Arizona, United States, 85255', '3', '(480) 247-7248', '2024-01-29 19:42:18');
INSERT INTO "restaurant" ("restaurant_id", "restaurant_name", "location", "rating", "contact_number", "created_at") VALUES ('71', 'Spicy BBQ Sauce', '14785 Rayma Place, Corpus Christi, Texas, United States, 78426', '1', '(361) 097-6366', '2024-01-29 19:51:00');
INSERT INTO "restaurant" ("restaurant_id", "restaurant_name", "location", "rating", "contact_number", "created_at") VALUES ('72', 'Halloween Decoration Set', '12599 Ellis Street, Birmingham, Alabama, United States, 35279', '1', '(205) 198-8341', '2024-01-29 19:55:05');
INSERT INTO "restaurant" ("restaurant_id", "restaurant_name", "location", "rating", "contact_number", "created_at") VALUES ('73', 'Pumpkin Spice Creamer', '230 Napa Lane, Pittsburgh, Pennsylvania, United States, 15255', '4', '(412) 861-8852', '2024-01-29 20:01:16');
INSERT INTO "restaurant" ("restaurant_id", "restaurant_name", "location", "rating", "contact_number", "created_at") VALUES ('74', 'Chickpeas', '7391 Seebald Street, Fort Pierce, Florida, United States, 34949', '2', '(772) 142-4976', '2024-01-29 20:05:14');
INSERT INTO "restaurant" ("restaurant_id", "restaurant_name", "location", "rating", "contact_number", "created_at") VALUES ('75', 'Beach Cover-Up', '3275 Soledad Way, Louisville, Kentucky, United States, 40298', '1', '(502) 177-7862', '2024-01-29 20:13:28');
INSERT INTO "restaurant" ("restaurant_id", "restaurant_name", "location", "rating", "contact_number", "created_at") VALUES ('76', 'Shoe Organizer', '10856 Luckett Court, Lincoln, Nebraska, United States, 68517', '1', '(402) 809-3580', '2024-01-29 20:22:55');
INSERT INTO "restaurant" ("restaurant_id", "restaurant_name", "location", "rating", "contact_number", "created_at") VALUES ('77', 'Coconut Chips', '5320 Dyals Court, Orlando, Florida, United States, 32835', '1', '(321) 909-1354', '2024-01-29 20:32:30');
INSERT INTO "restaurant" ("restaurant_id", "restaurant_name", "location", "rating", "contact_number", "created_at") VALUES ('78', 'Chocolate Chip Cookie Mix', '667 Intrepid Terrace, Houston, Texas, United States, 77090', '1', '(713) 153-9103', '2024-01-29 20:35:43');
INSERT INTO "restaurant" ("restaurant_id", "restaurant_name", "location", "rating", "contact_number", "created_at") VALUES ('79', 'Folding Backpack Chair', '12394 Adelphi Avenue, Vancouver, Washington, United States, 98664', '2', '(360) 544-2242', '2024-01-29 20:39:24');
INSERT INTO "restaurant" ("restaurant_id", "restaurant_name", "location", "rating", "contact_number", "created_at") VALUES ('80', 'Organic Lentil Soup', '155 Villita Lane, Laredo, Texas, United States, 78044', '4', '(956) 439-0635', '2024-01-29 20:41:16');
INSERT INTO "restaurant" ("restaurant_id", "restaurant_name", "location", "rating", "contact_number", "created_at") VALUES ('81', 'Smartphone Camera Lens Kit', '11447 Hurtt Street, Tucson, Arizona, United States, 85754', '2', '(520) 690-0503', '2024-01-29 20:50:44');
INSERT INTO "restaurant" ("restaurant_id", "restaurant_name", "location", "rating", "contact_number", "created_at") VALUES ('82', 'Acoustic Guitar', '3756 Habersham Court, El Paso, Texas, United States, 88530', '2', '(915) 887-1485', '2024-01-29 20:57:32');
INSERT INTO "restaurant" ("restaurant_id", "restaurant_name", "location", "rating", "contact_number", "created_at") VALUES ('83', 'Peach Slices in Syrup', '6572 Osmara Lane, Chula Vista, California, United States, 91913', '4', '(619) 129-4412', '2024-01-29 21:03:38');
INSERT INTO "restaurant" ("restaurant_id", "restaurant_name", "location", "rating", "contact_number", "created_at") VALUES ('84', 'Electric Wine Opener', '8765 Crestwood Lane, Sioux Falls, South Dakota, United States, 57198', '1', '(605) 598-4470', '2024-01-29 21:09:15');
INSERT INTO "restaurant" ("restaurant_id", "restaurant_name", "location", "rating", "contact_number", "created_at") VALUES ('85', 'Samsung Galaxy Smartwatch', '4278 Juneberry Avenue, Montgomery, Alabama, United States, 36177', '4', '(334) 403-0700', '2024-01-29 21:17:05');
INSERT INTO "restaurant" ("restaurant_id", "restaurant_name", "location", "rating", "contact_number", "created_at") VALUES ('86', 'Electric Ice Cream Maker', '13146 Pezzullo Circle, Fullerton, California, United States, 92835', '1', '(714) 512-2994', '2024-01-29 21:20:18');
INSERT INTO "restaurant" ("restaurant_id", "restaurant_name", "location", "rating", "contact_number", "created_at") VALUES ('87', 'Classic Chicken Noodle Soup', '14658 Addison Avenue, Shawnee Mission, Kansas, United States, 66215', '1', '(913) 495-2312', '2024-01-29 21:24:57');
INSERT INTO "restaurant" ("restaurant_id", "restaurant_name", "location", "rating", "contact_number", "created_at") VALUES ('88', 'Peanut Butter Banana Smoothie', '13365 Hux Court, Buffalo, New York, United States, 14276', '1', '(716) 467-9148', '2024-01-29 21:32:09');
INSERT INTO "restaurant" ("restaurant_id", "restaurant_name", "location", "rating", "contact_number", "created_at") VALUES ('89', 'Organic Baby Spinach', '774 Carver Court, Hartford, Connecticut, United States, 06105', '4', '(203) 015-5743', '2024-01-29 21:38:09');
INSERT INTO "restaurant" ("restaurant_id", "restaurant_name", "location", "rating", "contact_number", "created_at") VALUES ('90', 'Travel Beach Blanket', '12795 Mount Vernon Way, Amarillo, Texas, United States, 79176', '4', '(806) 606-5734', '2024-01-29 21:46:53');
INSERT INTO "restaurant" ("restaurant_id", "restaurant_name", "location", "rating", "contact_number", "created_at") VALUES ('91', 'High-Pressure Handheld Shower Head', '909 Santa Maria Avenue, Fort Pierce, Florida, United States, 34949', '3', '(772) 734-2880', '2024-01-29 21:52:00');
INSERT INTO "restaurant" ("restaurant_id", "restaurant_name", "location", "rating", "contact_number", "created_at") VALUES ('92', 'Honey Mustard Pretzel Bites', '11775 Stonebrook Lane, Arvada, Colorado, United States, 80005', '1', '(303) 821-3128', '2024-01-29 21:53:17');
INSERT INTO "restaurant" ("restaurant_id", "restaurant_name", "location", "rating", "contact_number", "created_at") VALUES ('93', 'Dog Collar', '348 Del Toro Drive, Duluth, Minnesota, United States, 55805', '1', '(218) 753-9827', '2024-01-29 21:58:53');
INSERT INTO "restaurant" ("restaurant_id", "restaurant_name", "location", "rating", "contact_number", "created_at") VALUES ('94', 'Portable Hammock', '1050 Westchester Way, Tallahassee, Florida, United States, 32399', '0', '(850) 565-5098', '2024-01-29 22:04:04');
INSERT INTO "restaurant" ("restaurant_id", "restaurant_name", "location", "rating", "contact_number", "created_at") VALUES ('95', 'Personal Blender', '6223 Bolivar Street, New Haven, Connecticut, United States, 06505', '4', '(203) 798-9491', '2024-01-29 22:12:54');
INSERT INTO "restaurant" ("restaurant_id", "restaurant_name", "location", "rating", "contact_number", "created_at") VALUES ('96', 'Plaid Flannel Shirt', '9620 Thurmond Avenue, Winston Salem, North Carolina, United States, 27105', '2', '(336) 965-5507', '2024-01-29 22:22:46');
INSERT INTO "restaurant" ("restaurant_id", "restaurant_name", "location", "rating", "contact_number", "created_at") VALUES ('97', 'Chickpea Pasta', '2803 Flintshire Avenue, Hayward, California, United States, 94544', '4', '(209) 945-6276', '2024-01-29 22:27:07');
INSERT INTO "restaurant" ("restaurant_id", "restaurant_name", "location", "rating", "contact_number", "created_at") VALUES ('98', 'Ethical Wool Scarf', '4330 Figueroa Street, Richmond, Virginia, United States, 23225', '3', '(804) 107-2455', '2024-01-29 22:29:13');
INSERT INTO "restaurant" ("restaurant_id", "restaurant_name", "location", "rating", "contact_number", "created_at") VALUES ('99', 'Outdoor Mosquito Repellent Lantern', '12140 Manion Terrace, Young America, Minnesota, United States, 55573', '3', '(952) 099-8345', '2024-01-29 22:32:12');
INSERT INTO "restaurant" ("restaurant_id", "restaurant_name", "location", "rating", "contact_number", "created_at") VALUES ('100', 'Garden Hoses with Expandable Features', '3759 Malone Circle, Washington, District of Columbia, United States, 20260', '4', '(202) 379-6088', '2024-01-29 22:38:58');

INSERT INTO "restaurant_menu" ("menu_id", "restaurant_id", "food_id", "availability") VALUES ('1', '28', '37', '1');
INSERT INTO "restaurant_menu" ("menu_id", "restaurant_id", "food_id", "availability") VALUES ('2', '20', '2', '0');
INSERT INTO "restaurant_menu" ("menu_id", "restaurant_id", "food_id", "availability") VALUES ('3', '51', '54', '1');
INSERT INTO "restaurant_menu" ("menu_id", "restaurant_id", "food_id", "availability") VALUES ('4', '83', '76', '0');
INSERT INTO "restaurant_menu" ("menu_id", "restaurant_id", "food_id", "availability") VALUES ('5', '55', '75', '1');
INSERT INTO "restaurant_menu" ("menu_id", "restaurant_id", "food_id", "availability") VALUES ('6', '66', '96', '0');
INSERT INTO "restaurant_menu" ("menu_id", "restaurant_id", "food_id", "availability") VALUES ('7', '60', '26', '0');
INSERT INTO "restaurant_menu" ("menu_id", "restaurant_id", "food_id", "availability") VALUES ('8', '88', '51', '1');
INSERT INTO "restaurant_menu" ("menu_id", "restaurant_id", "food_id", "availability") VALUES ('9', '49', '19', '1');
INSERT INTO "restaurant_menu" ("menu_id", "restaurant_id", "food_id", "availability") VALUES ('10', '12', '28', '0');
INSERT INTO "restaurant_menu" ("menu_id", "restaurant_id", "food_id", "availability") VALUES ('11', '74', '10', '1');
INSERT INTO "restaurant_menu" ("menu_id", "restaurant_id", "food_id", "availability") VALUES ('12', '25', '12', '0');
INSERT INTO "restaurant_menu" ("menu_id", "restaurant_id", "food_id", "availability") VALUES ('13', '43', '56', '0');
INSERT INTO "restaurant_menu" ("menu_id", "restaurant_id", "food_id", "availability") VALUES ('14', '75', '57', '1');
INSERT INTO "restaurant_menu" ("menu_id", "restaurant_id", "food_id", "availability") VALUES ('15', '58', '96', '0');
INSERT INTO "restaurant_menu" ("menu_id", "restaurant_id", "food_id", "availability") VALUES ('16', '1', '100', '1');
INSERT INTO "restaurant_menu" ("menu_id", "restaurant_id", "food_id", "availability") VALUES ('17', '38', '29', '1');
INSERT INTO "restaurant_menu" ("menu_id", "restaurant_id", "food_id", "availability") VALUES ('18', '52', '31', '1');
INSERT INTO "restaurant_menu" ("menu_id", "restaurant_id", "food_id", "availability") VALUES ('19', '45', '61', '1');
INSERT INTO "restaurant_menu" ("menu_id", "restaurant_id", "food_id", "availability") VALUES ('20', '73', '96', '1');
INSERT INTO "restaurant_menu" ("menu_id", "restaurant_id", "food_id", "availability") VALUES ('21', '69', '77', '0');
INSERT INTO "restaurant_menu" ("menu_id", "restaurant_id", "food_id", "availability") VALUES ('22', '98', '91', '1');
INSERT INTO "restaurant_menu" ("menu_id", "restaurant_id", "food_id", "availability") VALUES ('23', '84', '29', '1');
INSERT INTO "restaurant_menu" ("menu_id", "restaurant_id", "food_id", "availability") VALUES ('24', '83', '72', '1');
INSERT INTO "restaurant_menu" ("menu_id", "restaurant_id", "food_id", "availability") VALUES ('25', '11', '90', '1');
INSERT INTO "restaurant_menu" ("menu_id", "restaurant_id", "food_id", "availability") VALUES ('26', '54', '5', '1');
INSERT INTO "restaurant_menu" ("menu_id", "restaurant_id", "food_id", "availability") VALUES ('27', '76', '71', '1');
INSERT INTO "restaurant_menu" ("menu_id", "restaurant_id", "food_id", "availability") VALUES ('28', '32', '6', '1');
INSERT INTO "restaurant_menu" ("menu_id", "restaurant_id", "food_id", "availability") VALUES ('29', '65', '61', '1');
INSERT INTO "restaurant_menu" ("menu_id", "restaurant_id", "food_id", "availability") VALUES ('30', '89', '83', '1');
INSERT INTO "restaurant_menu" ("menu_id", "restaurant_id", "food_id", "availability") VALUES ('31', '75', '89', '1');
INSERT INTO "restaurant_menu" ("menu_id", "restaurant_id", "food_id", "availability") VALUES ('32', '85', '91', '0');
INSERT INTO "restaurant_menu" ("menu_id", "restaurant_id", "food_id", "availability") VALUES ('33', '67', '10', '0');
INSERT INTO "restaurant_menu" ("menu_id", "restaurant_id", "food_id", "availability") VALUES ('34', '89', '54', '0');
INSERT INTO "restaurant_menu" ("menu_id", "restaurant_id", "food_id", "availability") VALUES ('35', '14', '12', '1');
INSERT INTO "restaurant_menu" ("menu_id", "restaurant_id", "food_id", "availability") VALUES ('36', '23', '31', '1');
INSERT INTO "restaurant_menu" ("menu_id", "restaurant_id", "food_id", "availability") VALUES ('37', '57', '10', '1');
INSERT INTO "restaurant_menu" ("menu_id", "restaurant_id", "food_id", "availability") VALUES ('38', '64', '41', '1');
INSERT INTO "restaurant_menu" ("menu_id", "restaurant_id", "food_id", "availability") VALUES ('39', '51', '98', '1');
INSERT INTO "restaurant_menu" ("menu_id", "restaurant_id", "food_id", "availability") VALUES ('40', '45', '94', '0');
INSERT INTO "restaurant_menu" ("menu_id", "restaurant_id", "food_id", "availability") VALUES ('41', '62', '81', '0');
INSERT INTO "restaurant_menu" ("menu_id", "restaurant_id", "food_id", "availability") VALUES ('42', '31', '74', '1');
INSERT INTO "restaurant_menu" ("menu_id", "restaurant_id", "food_id", "availability") VALUES ('43', '88', '45', '1');
INSERT INTO "restaurant_menu" ("menu_id", "restaurant_id", "food_id", "availability") VALUES ('44', '2', '31', '0');
INSERT INTO "restaurant_menu" ("menu_id", "restaurant_id", "food_id", "availability") VALUES ('45', '38', '6', '0');
INSERT INTO "restaurant_menu" ("menu_id", "restaurant_id", "food_id", "availability") VALUES ('46', '89', '31', '1');
INSERT INTO "restaurant_menu" ("menu_id", "restaurant_id", "food_id", "availability") VALUES ('47', '94', '60', '1');
INSERT INTO "restaurant_menu" ("menu_id", "restaurant_id", "food_id", "availability") VALUES ('48', '60', '61', '0');
INSERT INTO "restaurant_menu" ("menu_id", "restaurant_id", "food_id", "availability") VALUES ('49', '72', '34', '0');
INSERT INTO "restaurant_menu" ("menu_id", "restaurant_id", "food_id", "availability") VALUES ('50', '25', '80', '0');
INSERT INTO "restaurant_menu" ("menu_id", "restaurant_id", "food_id", "availability") VALUES ('51', '8', '17', '0');
INSERT INTO "restaurant_menu" ("menu_id", "restaurant_id", "food_id", "availability") VALUES ('52', '59', '48', '0');
INSERT INTO "restaurant_menu" ("menu_id", "restaurant_id", "food_id", "availability") VALUES ('53', '46', '80', '1');
INSERT INTO "restaurant_menu" ("menu_id", "restaurant_id", "food_id", "availability") VALUES ('54', '46', '7', '0');
INSERT INTO "restaurant_menu" ("menu_id", "restaurant_id", "food_id", "availability") VALUES ('55', '49', '69', '1');
INSERT INTO "restaurant_menu" ("menu_id", "restaurant_id", "food_id", "availability") VALUES ('56', '86', '18', '0');
INSERT INTO "restaurant_menu" ("menu_id", "restaurant_id", "food_id", "availability") VALUES ('57', '96', '54', '0');
INSERT INTO "restaurant_menu" ("menu_id", "restaurant_id", "food_id", "availability") VALUES ('58', '42', '98', '0');
INSERT INTO "restaurant_menu" ("menu_id", "restaurant_id", "food_id", "availability") VALUES ('59', '44', '61', '0');
INSERT INTO "restaurant_menu" ("menu_id", "restaurant_id", "food_id", "availability") VALUES ('60', '97', '3', '1');
INSERT INTO "restaurant_menu" ("menu_id", "restaurant_id", "food_id", "availability") VALUES ('61', '40', '90', '1');
INSERT INTO "restaurant_menu" ("menu_id", "restaurant_id", "food_id", "availability") VALUES ('62', '33', '55', '0');
INSERT INTO "restaurant_menu" ("menu_id", "restaurant_id", "food_id", "availability") VALUES ('63', '16', '81', '1');
INSERT INTO "restaurant_menu" ("menu_id", "restaurant_id", "food_id", "availability") VALUES ('64', '46', '68', '0');
INSERT INTO "restaurant_menu" ("menu_id", "restaurant_id", "food_id", "availability") VALUES ('65', '82', '19', '1');
INSERT INTO "restaurant_menu" ("menu_id", "restaurant_id", "food_id", "availability") VALUES ('66', '76', '17', '0');
INSERT INTO "restaurant_menu" ("menu_id", "restaurant_id", "food_id", "availability") VALUES ('67', '22', '97', '0');
INSERT INTO "restaurant_menu" ("menu_id", "restaurant_id", "food_id", "availability") VALUES ('68', '43', '73', '0');
INSERT INTO "restaurant_menu" ("menu_id", "restaurant_id", "food_id", "availability") VALUES ('69', '74', '18', '0');
INSERT INTO "restaurant_menu" ("menu_id", "restaurant_id", "food_id", "availability") VALUES ('70', '58', '63', '1');
INSERT INTO "restaurant_menu" ("menu_id", "restaurant_id", "food_id", "availability") VALUES ('71', '32', '75', '1');
INSERT INTO "restaurant_menu" ("menu_id", "restaurant_id", "food_id", "availability") VALUES ('72', '30', '28', '0');
INSERT INTO "restaurant_menu" ("menu_id", "restaurant_id", "food_id", "availability") VALUES ('73', '12', '20', '1');
INSERT INTO "restaurant_menu" ("menu_id", "restaurant_id", "food_id", "availability") VALUES ('74', '74', '81', '0');
INSERT INTO "restaurant_menu" ("menu_id", "restaurant_id", "food_id", "availability") VALUES ('75', '62', '22', '1');
INSERT INTO "restaurant_menu" ("menu_id", "restaurant_id", "food_id", "availability") VALUES ('76', '26', '28', '0');
INSERT INTO "restaurant_menu" ("menu_id", "restaurant_id", "food_id", "availability") VALUES ('77', '99', '16', '0');
INSERT INTO "restaurant_menu" ("menu_id", "restaurant_id", "food_id", "availability") VALUES ('78', '57', '18', '1');
INSERT INTO "restaurant_menu" ("menu_id", "restaurant_id", "food_id", "availability") VALUES ('79', '76', '97', '1');
INSERT INTO "restaurant_menu" ("menu_id", "restaurant_id", "food_id", "availability") VALUES ('80', '21', '94', '0');
INSERT INTO "restaurant_menu" ("menu_id", "restaurant_id", "food_id", "availability") VALUES ('81', '94', '50', '1');
INSERT INTO "restaurant_menu" ("menu_id", "restaurant_id", "food_id", "availability") VALUES ('82', '39', '37', '1');
INSERT INTO "restaurant_menu" ("menu_id", "restaurant_id", "food_id", "availability") VALUES ('83', '28', '42', '0');
INSERT INTO "restaurant_menu" ("menu_id", "restaurant_id", "food_id", "availability") VALUES ('84', '100', '82', '0');
INSERT INTO "restaurant_menu" ("menu_id", "restaurant_id", "food_id", "availability") VALUES ('85', '64', '95', '1');
INSERT INTO "restaurant_menu" ("menu_id", "restaurant_id", "food_id", "availability") VALUES ('86', '56', '44', '0');
INSERT INTO "restaurant_menu" ("menu_id", "restaurant_id", "food_id", "availability") VALUES ('87', '97', '48', '1');
INSERT INTO "restaurant_menu" ("menu_id", "restaurant_id", "food_id", "availability") VALUES ('88', '6', '32', '0');
INSERT INTO "restaurant_menu" ("menu_id", "restaurant_id", "food_id", "availability") VALUES ('89', '41', '4', '1');
INSERT INTO "restaurant_menu" ("menu_id", "restaurant_id", "food_id", "availability") VALUES ('90', '12', '43', '1');
INSERT INTO "restaurant_menu" ("menu_id", "restaurant_id", "food_id", "availability") VALUES ('91', '18', '30', '1');
INSERT INTO "restaurant_menu" ("menu_id", "restaurant_id", "food_id", "availability") VALUES ('92', '96', '79', '1');
INSERT INTO "restaurant_menu" ("menu_id", "restaurant_id", "food_id", "availability") VALUES ('93', '40', '71', '0');
INSERT INTO "restaurant_menu" ("menu_id", "restaurant_id", "food_id", "availability") VALUES ('94', '97', '65', '1');
INSERT INTO "restaurant_menu" ("menu_id", "restaurant_id", "food_id", "availability") VALUES ('95', '14', '12', '1');
INSERT INTO "restaurant_menu" ("menu_id", "restaurant_id", "food_id", "availability") VALUES ('96', '52', '34', '0');
INSERT INTO "restaurant_menu" ("menu_id", "restaurant_id", "food_id", "availability") VALUES ('97', '24', '40', '1');
INSERT INTO "restaurant_menu" ("menu_id", "restaurant_id", "food_id", "availability") VALUES ('98', '72', '81', '0');
INSERT INTO "restaurant_menu" ("menu_id", "restaurant_id", "food_id", "availability") VALUES ('99', '64', '23', '1');
INSERT INTO "restaurant_menu" ("menu_id", "restaurant_id", "food_id", "availability") VALUES ('100', '3', '58', '1');

INSERT INTO "restaurant_reviews" ("review_id", "customer_id", "restaurant_id", "rating", "review_text", "created_at") VALUES ('1', '89', '79', '1', 'Inter dolorem et voluptatem; illud enim ipsum, quod quibusdam medium videretur, cum omni dolore detracto, nam quoniam, cum.', '2024-01-29 12:51:07');
INSERT INTO "restaurant_reviews" ("review_id", "customer_id", "restaurant_id", "rating", "review_text", "created_at") VALUES ('2', '24', '58', '0', 'Causa importari putant. Quae autem de bene beateque vivendum. Sed existimo te, sicut nostrum Triarium, minus ab eo ortum, tam inportuno tamque crudeli; sin, ut dolore.', '2024-01-29 13:00:52');
INSERT INTO "restaurant_reviews" ("review_id", "customer_id", "restaurant_id", "rating", "review_text", "created_at") VALUES ('3', '68', '3', '0', 'Clamat Epicurus, is quem vos nimis voluptatibus esse deditum dicitis; non posse iucunde.', '2024-01-29 13:07:15');
INSERT INTO "restaurant_reviews" ("review_id", "customer_id", "restaurant_id", "rating", "review_text", "created_at") VALUES ('4', '45', '74', '2', 'Et ortum esse e corpore et ad corpus referri, nec.', '2024-01-29 13:15:48');
INSERT INTO "restaurant_reviews" ("review_id", "customer_id", "restaurant_id", "rating", "review_text", "created_at") VALUES ('5', '34', '16', '2', 'Ab Homero Ennius, Afranius a Menandro solet. Nec vero, ut noster Lucilius, recusabo, quo minus animus.', '2024-01-29 13:21:16');
INSERT INTO "restaurant_reviews" ("review_id", "customer_id", "restaurant_id", "rating", "review_text", "created_at") VALUES ('6', '15', '30', '1', 'Tantalo semper impendet, tum superstitio, qua qui utuntur, benivolentiam sibi conciliant et, quod aptissimum est ad cognitionem omnium, regula, ad quam omnia iudicia rerum in sensibus ponit, quibus si semel aliquid falsi pro vero probatum sit, sublatum esse omne iudicium veri et falsi putat. Confirmat autem illud vel maxime, quod ipsa natura divitias, quibus contenta sit.', '2024-01-29 13:23:26');
INSERT INTO "restaurant_reviews" ("review_id", "customer_id", "restaurant_id", "rating", "review_text", "created_at") VALUES ('7', '76', '4', '2', 'Fieri minus; ita effici complexiones.', '2024-01-29 13:32:37');
INSERT INTO "restaurant_reviews" ("review_id", "customer_id", "restaurant_id", "rating", "review_text", "created_at") VALUES ('8', '19', '78', '2', 'Dediti, alii petulantes, alii audaces, protervi.', '2024-01-29 13:39:59');
INSERT INTO "restaurant_reviews" ("review_id", "customer_id", "restaurant_id", "rating", "review_text", "created_at") VALUES ('9', '83', '43', '0', 'Utamur illis, qui omnino avocent a philosophia, quam his, qui rebus infinitis modum constituant in reque eo meliore, quo maior sit, mediocritatem desiderent. Sive enim ad minim veniam, quis nostrum exercitationem ullam corporis suscipit laboriosam, nisi.', '2024-01-29 13:48:52');
INSERT INTO "restaurant_reviews" ("review_id", "customer_id", "restaurant_id", "rating", "review_text", "created_at") VALUES ('10', '46', '92', '4', 'Sed do eiusmod tempor incididunt ut labore et dolore disputandum putant. Sed.', '2024-01-29 13:53:11');
INSERT INTO "restaurant_reviews" ("review_id", "customer_id", "restaurant_id", "rating", "review_text", "created_at") VALUES ('11', '57', '91', '1', 'Linguam non modo singulos homines, sed.', '2024-01-29 14:00:57');
INSERT INTO "restaurant_reviews" ("review_id", "customer_id", "restaurant_id", "rating", "review_text", "created_at") VALUES ('12', '5', '34', '3', 'Hoc quasi, provincias atomis dare, quae recte, quae oblique ferantur, deinde eadem illa atomorum, in quo admirer, cur.', '2024-01-29 14:03:59');
INSERT INTO "restaurant_reviews" ("review_id", "customer_id", "restaurant_id", "rating", "review_text", "created_at") VALUES ('13', '94', '6', '3', 'Conferebamus, neque erat umquam controversia, quid ego intellegerem, sed quid probarem. Quid igitur est? Inquit; audire enim cupio, quid non probes eius, a quo dissentias. Quid enim est una, quae maestitiam pellat ex animis, quae nos a libidinum impetu et a formidinum terrore vindicet.', '2024-01-29 14:10:36');
INSERT INTO "restaurant_reviews" ("review_id", "customer_id", "restaurant_id", "rating", "review_text", "created_at") VALUES ('14', '57', '75', '0', 'Autem alia malunt scribi a nobis, aequi esse debent, quod et posse fieri.', '2024-01-29 14:17:36');
INSERT INTO "restaurant_reviews" ("review_id", "customer_id", "restaurant_id", "rating", "review_text", "created_at") VALUES ('15', '35', '55', '0', 'Accusata et vituperata ab Hortensio. Qui liber cum et tibi probatus videretur et iis, quos ego posse iudicare arbitrarer, plura suscepi veritus ne movere.', '2024-01-29 14:23:28');
INSERT INTO "restaurant_reviews" ("review_id", "customer_id", "restaurant_id", "rating", "review_text", "created_at") VALUES ('16', '77', '83', '1', 'Solitudo et vita sine amicis insidiarum et metus et aegritudines.', '2024-01-29 14:30:37');
INSERT INTO "restaurant_reviews" ("review_id", "customer_id", "restaurant_id", "rating", "review_text", "created_at") VALUES ('17', '26', '89', '1', 'Quidem non admodum indoctis, totum hoc displicet philosophari. Quidam autem non tam id reprehendunt, si remissius agatur, sed.', '2024-01-29 14:38:08');
INSERT INTO "restaurant_reviews" ("review_id", "customer_id", "restaurant_id", "rating", "review_text", "created_at") VALUES ('18', '34', '55', '3', 'Autem detracta voluptate aegritudinem statim consequi, nisi in voluptatis locum dolor forte successerit, at contra gaudere nosmet omittendis doloribus, etiamsi voluptas ea.', '2024-01-29 14:39:40');
INSERT INTO "restaurant_reviews" ("review_id", "customer_id", "restaurant_id", "rating", "review_text", "created_at") VALUES ('19', '33', '94', '2', 'Debilitati obiecta specie voluptatis tradunt se libidinibus constringendos nec quid eventurum sit provident ob.', '2024-01-29 14:49:15');
INSERT INTO "restaurant_reviews" ("review_id", "customer_id", "restaurant_id", "rating", "review_text", "created_at") VALUES ('20', '83', '72', '0', 'Animi corporisque doloribus, quanti in.', '2024-01-29 14:54:58');
INSERT INTO "restaurant_reviews" ("review_id", "customer_id", "restaurant_id", "rating", "review_text", "created_at") VALUES ('21', '88', '89', '4', 'An ''Utinam ne in nemore . .', '2024-01-29 15:01:25');
INSERT INTO "restaurant_reviews" ("review_id", "customer_id", "restaurant_id", "rating", "review_text", "created_at") VALUES ('22', '100', '28', '0', 'Imperii nec libidinum nec epularum nec reliquarum cupiditatum, quas nulla praeda umquam improbe parta minuit, sed potius inflammat, ut coercendi magis quam dedocendi esse videantur. Invitat igitur vera ratio bene sanos in viam placatae, tranquillae, quietae, beatae vitae dicta.', '2024-01-29 15:07:43');
INSERT INTO "restaurant_reviews" ("review_id", "customer_id", "restaurant_id", "rating", "review_text", "created_at") VALUES ('23', '88', '98', '4', 'Fugiamus refert omnia. Quod quamquam Aristippi est a Cyrenaicisque melius.', '2024-01-29 15:15:16');
INSERT INTO "restaurant_reviews" ("review_id", "customer_id", "restaurant_id", "rating", "review_text", "created_at") VALUES ('24', '16', '58', '2', 'Non fere labitur. Quamquam utriusque cum multa non probo, tum illud in primis, quod, cum in rerum natura cognita levamur superstitione, liberamur mortis metu, non conturbamur ignoratione rerum, e qua.', '2024-01-29 15:23:26');
INSERT INTO "restaurant_reviews" ("review_id", "customer_id", "restaurant_id", "rating", "review_text", "created_at") VALUES ('25', '41', '42', '0', 'Neque porro quisquam est, qui alienae modum statuat industriae? Nam ut Terentianus Chremes non inhumanus, qui novum vicinum non vult ''fodere aut arare aut aliquid ferre denique'' -- non enim illum ab industria, sed ab inliberali labore deterret --, sic isti curiosi.', '2024-01-29 15:28:08');
INSERT INTO "restaurant_reviews" ("review_id", "customer_id", "restaurant_id", "rating", "review_text", "created_at") VALUES ('26', '89', '47', '3', 'Seiunctum. Nec vero quisquam stultus non horum morborum aliquo laborat, nemo igitur est difficilius satis facere, qui se plane Graecum dici velit, ut a Scaevola est praetore.', '2024-01-29 15:36:21');
INSERT INTO "restaurant_reviews" ("review_id", "customer_id", "restaurant_id", "rating", "review_text", "created_at") VALUES ('27', '29', '78', '1', 'Triarium, minus ab eo et gravissimas res consilio ipsius et ratione administrari neque maiorem voluptatem ex hoc facillime perspici potest: Constituamus aliquem magnis, multis, perpetuis fruentem et animo et attento intuemur, tum.', '2024-01-29 15:39:42');
INSERT INTO "restaurant_reviews" ("review_id", "customer_id", "restaurant_id", "rating", "review_text", "created_at") VALUES ('28', '37', '81', '3', 'Vestra convicia, sed tamen satis acuti, qui verentur ne, si id non faciant, incidant in maiorem. Ex quo intellegitur nec intemperantiam.', '2024-01-29 15:48:12');
INSERT INTO "restaurant_reviews" ("review_id", "customer_id", "restaurant_id", "rating", "review_text", "created_at") VALUES ('29', '59', '65', '0', 'Ludicra exercendi aut venandi consuetudine adamare solemus, quanto id in hominum consuetudine.', '2024-01-29 15:54:20');
INSERT INTO "restaurant_reviews" ("review_id", "customer_id", "restaurant_id", "rating", "review_text", "created_at") VALUES ('30', '95', '19', '1', 'Profecto, quantumcumque possum, in eo ipso parum vidit, deinde hoc quoque alienum; nam ante Aristippus, et ille melius. Addidisti ad extremum etiam indoctum fuisse. Fieri, inquam, Triari, nullo pacto potest, ut propemodum iustioribus.', '2024-01-29 16:02:55');
INSERT INTO "restaurant_reviews" ("review_id", "customer_id", "restaurant_id", "rating", "review_text", "created_at") VALUES ('31', '58', '67', '2', 'Propemodum iustioribus utamur illis, qui omnino avocent a philosophia, quam his, qui rebus infinitis modum constituant in reque eo meliore, quo.', '2024-01-29 16:04:39');
INSERT INTO "restaurant_reviews" ("review_id", "customer_id", "restaurant_id", "rating", "review_text", "created_at") VALUES ('32', '75', '96', '3', 'Vendibiliora, haec uberiora certe sunt. Quamquam id quidem licebit iis existimare, qui legerint. Nos autem hanc omnem quaestionem de finibus bonorum et malorum, id est voluptatem. Homines optimi.', '2024-01-29 16:10:59');
INSERT INTO "restaurant_reviews" ("review_id", "customer_id", "restaurant_id", "rating", "review_text", "created_at") VALUES ('33', '84', '61', '1', 'Gaudemus, omne autem id, quo gaudemus, voluptas est, ut omne, quo offendimur, dolor, doloris omnis privatio recte nominata est voluptas. Ut.', '2024-01-29 16:20:12');
INSERT INTO "restaurant_reviews" ("review_id", "customer_id", "restaurant_id", "rating", "review_text", "created_at") VALUES ('34', '28', '42', '2', 'Declinabunt, aliae suo nutu recte ferentur, primum erit hoc quasi, provincias atomis dare, quae recte, quae oblique ferantur, deinde eadem illa individua et solida corpora ferri deorsum suo.', '2024-01-29 16:29:04');
INSERT INTO "restaurant_reviews" ("review_id", "customer_id", "restaurant_id", "rating", "review_text", "created_at") VALUES ('35', '23', '82', '1', 'Allicit, quod ita putant dici ab illo, recta et honesta quae sint, ea facere ipsa per se ipsam causam non multo maiores esse et voluptates et dolores animi quam corporis. Nam corpore nihil nisi praesens et.', '2024-01-29 16:33:32');
INSERT INTO "restaurant_reviews" ("review_id", "customer_id", "restaurant_id", "rating", "review_text", "created_at") VALUES ('36', '80', '80', '4', 'Ortum, tam inportuno tamque crudeli; sin, ut dolore suo sanciret militaris imperii disciplinam exercitumque in gravissimo bello animadversionis metu contineret, saluti prospexit civium, qua.', '2024-01-29 16:42:04');
INSERT INTO "restaurant_reviews" ("review_id", "customer_id", "restaurant_id", "rating", "review_text", "created_at") VALUES ('37', '43', '38', '1', 'Odio dignissimos ducimus, qui blanditiis praesentium voluptatum deleniti atque corrupti, quos dolores et quas.', '2024-01-29 16:50:49');
INSERT INTO "restaurant_reviews" ("review_id", "customer_id", "restaurant_id", "rating", "review_text", "created_at") VALUES ('38', '59', '15', '4', 'Illis has res esse tractatas, ne ipsos quidem Graecos est cur verear, ne ad eam non possim accommodare.', '2024-01-29 16:55:56');
INSERT INTO "restaurant_reviews" ("review_id", "customer_id", "restaurant_id", "rating", "review_text", "created_at") VALUES ('39', '52', '94', '1', 'Qui eum unum secutus esset, nollem vituperatum. Iam in altera philosophiae parte. Quae est quaerendi ac disserendi, quae logikh dicitur.', '2024-01-29 16:57:52');
INSERT INTO "restaurant_reviews" ("review_id", "customer_id", "restaurant_id", "rating", "review_text", "created_at") VALUES ('40', '8', '84', '2', 'Vero Epicurus, quod exiguam dixit fortunam intervenire sapienti maximasque ab eo dissentiunt, sed certe non probes, eum quem ego arbitror unum vidisse verum maximisque erroribus animos hominum liberavisse et omnia tradidisse, quae pertinerent ad bene vivendum aptior partitio quam illa, qua est usus Epicurus?', '2024-01-29 17:00:55');
INSERT INTO "restaurant_reviews" ("review_id", "customer_id", "restaurant_id", "rating", "review_text", "created_at") VALUES ('41', '55', '49', '1', 'Tam expetendas, quam nostras expeteremus, quo loco videtur quibusdam stabilitas amicitiae vacillare, tuentur tamen eum locum seque facile, ut mihi quidem videtur. Ac fieri potest, ut non modo non inopem, ut vulgo putarent, sed locupletiorem etiam esse quam Graecam. Quando enim nobis, vel dicam.', '2024-01-29 17:06:42');
INSERT INTO "restaurant_reviews" ("review_id", "customer_id", "restaurant_id", "rating", "review_text", "created_at") VALUES ('42', '13', '18', '1', 'Autem ego dicam voluptatem, iam videtis, ne invidia verbi labefactetur oratio mea --. Nam cum ignoratione rerum bonarum et malarum maxime hominum vita vexetur, ob eumque errorem et.', '2024-01-29 17:11:06');
INSERT INTO "restaurant_reviews" ("review_id", "customer_id", "restaurant_id", "rating", "review_text", "created_at") VALUES ('43', '64', '28', '4', 'Ab eadem illa constituto veri a falso distinctio traditur. Restat locus huic.', '2024-01-29 17:16:19');
INSERT INTO "restaurant_reviews" ("review_id", "customer_id", "restaurant_id", "rating", "review_text", "created_at") VALUES ('44', '60', '89', '3', 'Venire vetuit, numquid tibi videtur de voluptatibus.', '2024-01-29 17:17:36');
INSERT INTO "restaurant_reviews" ("review_id", "customer_id", "restaurant_id", "rating", "review_text", "created_at") VALUES ('45', '4', '75', '1', 'Ista sequimur, ut sine cura metuque vivamus animumque et corpus, quantum.', '2024-01-29 17:25:42');
INSERT INTO "restaurant_reviews" ("review_id", "customer_id", "restaurant_id", "rating", "review_text", "created_at") VALUES ('46', '9', '33', '2', 'Animo, quod sit iudicatum. Plerique autem, quod tenere atque servare id, quod ipsi statuerunt, non possunt, conficiuntur et angore et metu maximeque cruciantur, cum sero sentiunt frustra se aut pecuniae.', '2024-01-29 17:32:00');
INSERT INTO "restaurant_reviews" ("review_id", "customer_id", "restaurant_id", "rating", "review_text", "created_at") VALUES ('47', '22', '8', '1', 'Finibus contentus sine aegritudine possit et sine metu vivere. Quae est enim in vita.', '2024-01-29 17:39:23');
INSERT INTO "restaurant_reviews" ("review_id", "customer_id", "restaurant_id", "rating", "review_text", "created_at") VALUES ('48', '34', '10', '1', 'Ita, quae mutat, ea corrumpit, quae sequitur sunt tota Democriti, atomi, inane, imagines, quae eidola nominant.', '2024-01-29 17:41:40');
INSERT INTO "restaurant_reviews" ("review_id", "customer_id", "restaurant_id", "rating", "review_text", "created_at") VALUES ('49', '33', '38', '3', 'Verborum vis et natura orationis et consequentium repugnantiumve ratio potest perspici. Omnium autem rerum natura duo quaerenda sint, unum, quae materia sit, ex qua quaeque res efficiatur, alterum, quae naturales essent nec tamen id, cuius causa haec finxerat, assecutus est. Nam si omnes veri erunt, ut Epicuri ratio.', '2024-01-29 17:45:02');
INSERT INTO "restaurant_reviews" ("review_id", "customer_id", "restaurant_id", "rating", "review_text", "created_at") VALUES ('50', '88', '75', '3', 'Igitur est? Inquit; audire enim cupio, quid non probes eius, a quo dissentias. Quid enim me prohiberet Epicureum esse, si probarem, quae ille diceret? Cum praesertim illa.', '2024-01-29 17:47:33');
INSERT INTO "restaurant_reviews" ("review_id", "customer_id", "restaurant_id", "rating", "review_text", "created_at") VALUES ('51', '92', '66', '4', 'Oratio me istius philosophi non offendit; nam et complectitur verbis, quod vult.', '2024-01-29 17:53:24');
INSERT INTO "restaurant_reviews" ("review_id", "customer_id", "restaurant_id", "rating", "review_text", "created_at") VALUES ('52', '84', '61', '0', 'Et ipsius fortunae modice ferre doceat iniurias et omnis monstret vias, quae ad quietem et ad dolores ita.', '2024-01-29 17:57:45');
INSERT INTO "restaurant_reviews" ("review_id", "customer_id", "restaurant_id", "rating", "review_text", "created_at") VALUES ('53', '42', '15', '2', 'Est ullum, quo non plus habeat sapiens, quod gaudeat, quam quod angatur. Optime vero Epicurus, quod exiguam dixit fortunam intervenire sapienti maximasque ab eo nos abducat? Sin laboramus, quis est, qui dolorem ipsum, quia dolor sit, amet, consectetur, adipisci velit, sed quia iucunditatis vel plurimum afferat. Nam diligi.', '2024-01-29 18:07:17');
INSERT INTO "restaurant_reviews" ("review_id", "customer_id", "restaurant_id", "rating", "review_text", "created_at") VALUES ('54', '84', '2', '3', 'Esse albam, dulce mel. Quorum nihil oportere exquisitis rationibus confirmare, tantum satis esse.', '2024-01-29 18:09:10');
INSERT INTO "restaurant_reviews" ("review_id", "customer_id", "restaurant_id", "rating", "review_text", "created_at") VALUES ('55', '25', '7', '4', 'Est liber cura et angore, cum et mortem contemnit, qua qui est imbutus quietus.', '2024-01-29 18:13:18');
INSERT INTO "restaurant_reviews" ("review_id", "customer_id", "restaurant_id", "rating", "review_text", "created_at") VALUES ('56', '95', '67', '1', 'Deserere ullam officii partem, ad ea, quae senserit ille, tibi non vera videantur. Vide, quantum, inquam, fallare, Torquate. Oratio me istius philosophi non offendit; nam et praeterita et futura. Ut.', '2024-01-29 18:15:01');
INSERT INTO "restaurant_reviews" ("review_id", "customer_id", "restaurant_id", "rating", "review_text", "created_at") VALUES ('57', '39', '37', '4', 'Aeque diu sit in corpore. Non placet autem detracta voluptate aegritudinem statim consequi, nisi in voluptatis locum dolor forte successerit, at contra gaudere nosmet.', '2024-01-29 18:18:00');
INSERT INTO "restaurant_reviews" ("review_id", "customer_id", "restaurant_id", "rating", "review_text", "created_at") VALUES ('58', '32', '20', '4', 'Natura duo quaerenda sint, unum, quae materia sit, ex qua quaeque res efficiatur, alterum, quae vis sit, quae quidque efficiat, de materia disseruerunt, vim.', '2024-01-29 18:27:15');
INSERT INTO "restaurant_reviews" ("review_id", "customer_id", "restaurant_id", "rating", "review_text", "created_at") VALUES ('59', '31', '55', '3', 'Impetu et a formidinum terrore vindicet et ipsius fortunae modice ferre doceat iniurias et omnis monstret vias, quae ad quietem.', '2024-01-29 18:36:38');
INSERT INTO "restaurant_reviews" ("review_id", "customer_id", "restaurant_id", "rating", "review_text", "created_at") VALUES ('60', '11', '62', '4', 'Non esse faciendum, ii voluptatem maximam adipiscuntur praetermittenda voluptate. Idem etiam dolorem.', '2024-01-29 18:39:11');
INSERT INTO "restaurant_reviews" ("review_id", "customer_id", "restaurant_id", "rating", "review_text", "created_at") VALUES ('61', '68', '30', '0', 'Neque pecuniae modus est ullus investigandi veri, nisi inveneris, et quaerendi defatigatio turpis est, cum esset.', '2024-01-29 18:47:56');
INSERT INTO "restaurant_reviews" ("review_id", "customer_id", "restaurant_id", "rating", "review_text", "created_at") VALUES ('62', '32', '27', '1', 'Eo ipso parum vidit, deinde hoc quoque alienum; nam ante Aristippus, et ille melius. Addidisti ad extremum etiam indoctum fuisse.', '2024-01-29 18:51:10');
INSERT INTO "restaurant_reviews" ("review_id", "customer_id", "restaurant_id", "rating", "review_text", "created_at") VALUES ('63', '57', '81', '2', 'Sunt cupiditates inmensae et inanes divitiarum, gloriae, dominationis, libidinosarum etiam voluptatum. Accedunt aegritudines.', '2024-01-29 18:54:19');
INSERT INTO "restaurant_reviews" ("review_id", "customer_id", "restaurant_id", "rating", "review_text", "created_at") VALUES ('64', '16', '59', '1', 'Vocet ad se et Consentinis et Siculis scribere. Facete is quidem, sicut alia; sed.', '2024-01-29 18:57:19');
INSERT INTO "restaurant_reviews" ("review_id", "customer_id", "restaurant_id", "rating", "review_text", "created_at") VALUES ('65', '26', '25', '1', 'Notae sunt. Atque eos, quos nominavi, cum inciderit, ut id apte fieri possit, ut ab ipsis, qui eam.', '2024-01-29 19:02:36');
INSERT INTO "restaurant_reviews" ("review_id", "customer_id", "restaurant_id", "rating", "review_text", "created_at") VALUES ('66', '16', '78', '4', 'Quis alienum putet eius esse dignitatis, quam mihi quisque tribuat, quid in omni re doloris amotio successionem efficit voluptatis. Itaque non.', '2024-01-29 19:06:45');
INSERT INTO "restaurant_reviews" ("review_id", "customer_id", "restaurant_id", "rating", "review_text", "created_at") VALUES ('67', '31', '6', '0', 'Filium morte multavit. -- Si sine causa, nollem me ab eo ortum, tam.', '2024-01-29 19:11:28');
INSERT INTO "restaurant_reviews" ("review_id", "customer_id", "restaurant_id", "rating", "review_text", "created_at") VALUES ('68', '56', '66', '2', 'Cupiditatum ardore restincto. Cupiditates enim sunt insatiabiles, quae non modo singulos homines, sed.', '2024-01-29 19:14:08');
INSERT INTO "restaurant_reviews" ("review_id", "customer_id", "restaurant_id", "rating", "review_text", "created_at") VALUES ('69', '18', '21', '3', 'Epicuro medium esse quiddam inter dolorem et voluptatem; illud enim ipsum, quod quibusdam medium.', '2024-01-29 19:16:14');
INSERT INTO "restaurant_reviews" ("review_id", "customer_id", "restaurant_id", "rating", "review_text", "created_at") VALUES ('70', '86', '19', '0', 'Alienum; nam ante Aristippus, et ille melius. Addidisti ad extremum etiam indoctum fuisse. Fieri, inquam, Triari.', '2024-01-29 19:20:37');
INSERT INTO "restaurant_reviews" ("review_id", "customer_id", "restaurant_id", "rating", "review_text", "created_at") VALUES ('71', '16', '60', '0', 'Eo nos abducat? Sin laboramus, quis est, qui Ennii Medeam aut Antiopam Pacuvii spernat aut reiciat.', '2024-01-29 19:26:52');
INSERT INTO "restaurant_reviews" ("review_id", "customer_id", "restaurant_id", "rating", "review_text", "created_at") VALUES ('72', '94', '78', '2', 'Vult expetenda. Haec igitur Epicuri non probo, tum illud in primis, quod, cum in rerum natura perspecta erit, nullo modo sine amicitia.', '2024-01-29 19:33:36');
INSERT INTO "restaurant_reviews" ("review_id", "customer_id", "restaurant_id", "rating", "review_text", "created_at") VALUES ('73', '39', '52', '4', 'Quo vitam amarissimam necesse est aut in dolore, sed in his.', '2024-01-29 19:35:07');
INSERT INTO "restaurant_reviews" ("review_id", "customer_id", "restaurant_id", "rating", "review_text", "created_at") VALUES ('74', '17', '60', '2', 'Ut coercendi magis quam dedocendi esse videantur. Invitat igitur vera ratio bene sanos ad iustitiam, aequitatem, fidem, neque homini infanti aut inpotenti iniuste facta conducunt, qui nec facile efficere possit, quod conetur, nec optinere, si effecerit, et opes vel fortunae vel ingenii liberalitati magis conveniunt, qua qui est imbutus quietus esse numquam.', '2024-01-29 19:43:11');
INSERT INTO "restaurant_reviews" ("review_id", "customer_id", "restaurant_id", "rating", "review_text", "created_at") VALUES ('75', '87', '91', '0', 'Non recusandae. Itaque earum rerum hic tenetur a sapiente delectus, ut.', '2024-01-29 19:46:43');
INSERT INTO "restaurant_reviews" ("review_id", "customer_id", "restaurant_id", "rating", "review_text", "created_at") VALUES ('76', '31', '74', '0', 'Eo delectari, quod ista Platonis, Aristoteli, Theophrasti orationis ornamenta neglexerit. Nam illud quidem adduci vix possum, ut ea, quae sensum moveat, nulla successerit, eoque intellegi potest quanta.', '2024-01-29 19:52:53');
INSERT INTO "restaurant_reviews" ("review_id", "customer_id", "restaurant_id", "rating", "review_text", "created_at") VALUES ('77', '55', '49', '3', 'Docui, cognitionis regula et iudicio ab eadem illa individua et solida corpora ferri deorsum suo pondere ad lineam, numquam fore ut hic noster labor in varias reprehensiones incurreret.', '2024-01-29 19:55:25');
INSERT INTO "restaurant_reviews" ("review_id", "customer_id", "restaurant_id", "rating", "review_text", "created_at") VALUES ('78', '4', '17', '2', 'Illa vendibiliora, haec uberiora certe sunt. Quamquam id quidem licebit iis existimare, qui legerint. Nos autem hanc omnem quaestionem de finibus bonorum et malorum fere a nobis explicatam esse his litteris arbitramur, in quibus, quantum potuimus, non modo non inopem.', '2024-01-29 20:03:26');
INSERT INTO "restaurant_reviews" ("review_id", "customer_id", "restaurant_id", "rating", "review_text", "created_at") VALUES ('79', '82', '44', '4', 'Dici ab illo, recta et honesta quae sint, ea facere.', '2024-01-29 20:13:02');
INSERT INTO "restaurant_reviews" ("review_id", "customer_id", "restaurant_id", "rating", "review_text", "created_at") VALUES ('80', '61', '76', '1', 'Aegritudine possit et sine metu degendae praesidia firmissima. -- Filium morte.', '2024-01-29 20:20:02');
INSERT INTO "restaurant_reviews" ("review_id", "customer_id", "restaurant_id", "rating", "review_text", "created_at") VALUES ('81', '66', '13', '0', 'Suo, geometrica discere maluisset quam illum etiam ipsum dedocere. Sol Democrito magnus videtur, quippe homini erudito in geometriaque perfecto, huic pedalis fortasse; tantum enim esse omnino.', '2024-01-29 20:23:42');
INSERT INTO "restaurant_reviews" ("review_id", "customer_id", "restaurant_id", "rating", "review_text", "created_at") VALUES ('82', '53', '40', '3', 'Curiosi, quos offendit noster minime nobis iniucundus labor. Iis igitur est non miser. Accedit etiam mors, quae quasi delapsa de caelo est ad cognitionem.', '2024-01-29 20:29:53');
INSERT INTO "restaurant_reviews" ("review_id", "customer_id", "restaurant_id", "rating", "review_text", "created_at") VALUES ('83', '83', '49', '3', 'Animo, cum corpore dolemus, fieri tamen permagna accessio potest, si aliquod aeternum et infinitum.', '2024-01-29 20:35:50');
INSERT INTO "restaurant_reviews" ("review_id", "customer_id", "restaurant_id", "rating", "review_text", "created_at") VALUES ('84', '95', '91', '0', 'Ipsa per se esse fugiendam temperantiamque expetendam.', '2024-01-29 20:42:44');
INSERT INTO "restaurant_reviews" ("review_id", "customer_id", "restaurant_id", "rating", "review_text", "created_at") VALUES ('85', '2', '99', '0', 'Quem in adoptionem D. Silano emancipaverat, ut eum Macedonum legatis accusantibus, quod.', '2024-01-29 20:52:42');
INSERT INTO "restaurant_reviews" ("review_id", "customer_id", "restaurant_id", "rating", "review_text", "created_at") VALUES ('86', '1', '62', '0', 'Maximam adipiscuntur praetermittenda voluptate. Idem etiam dolorem saepe perpetiuntur.', '2024-01-29 20:57:30');
INSERT INTO "restaurant_reviews" ("review_id", "customer_id", "restaurant_id", "rating", "review_text", "created_at") VALUES ('87', '1', '38', '0', 'Arbitramur, in quibus, quantum potuimus, non modo nullam captet, sed etiam cogitemus; infinitio ipsa, quam apeirian vocant, tota ab illo est, tum innumerabiles mundi, qui et oriantur et intereant cotidie. Quae etsi mihi nullo modo nec divelli nec distrahi possint.', '2024-01-29 20:58:54');
INSERT INTO "restaurant_reviews" ("review_id", "customer_id", "restaurant_id", "rating", "review_text", "created_at") VALUES ('88', '41', '95', '1', 'Haec explicari non placebit Latine? Quid? Si nos non interpretum fungimur munere, sed tuemur ea, quae praeterierunt, acri animo et attento intuemur, tum fit ut aegritudo sequatur, si illa mala sint, laetitia, si bona. O praeclaram beate vivendi et apertam et simplicem et directam viam! Cum enim certe nihil homini possit melius.', '2024-01-29 21:01:48');
INSERT INTO "restaurant_reviews" ("review_id", "customer_id", "restaurant_id", "rating", "review_text", "created_at") VALUES ('89', '27', '4', '4', 'Fabellas Latinas ad verbum e Graecis expressas non inviti legant. Quis enim tam inimicus paene nomini Romano est, qui Ennii Medeam aut Antiopam Pacuvii spernat aut reiciat, quod se isdem.', '2024-01-29 21:03:14');
INSERT INTO "restaurant_reviews" ("review_id", "customer_id", "restaurant_id", "rating", "review_text", "created_at") VALUES ('90', '74', '71', '3', 'Potest, ut propemodum iustioribus utamur.', '2024-01-29 21:09:29');
INSERT INTO "restaurant_reviews" ("review_id", "customer_id", "restaurant_id", "rating", "review_text", "created_at") VALUES ('91', '5', '73', '4', 'Est, quod nullam eruditionem esse duxit, nisi quae beatae vitae deduceret? Qui quod tibi ita videri necesse est, quid aut ad miseram vitam afferre momenti quam eorum utrumvis, si aeque diu sit in corpore. Non placet autem detracta voluptate aegritudinem statim consequi, nisi in voluptatis locum dolor forte successerit, at contra gaudere nosmet omittendis doloribus, etiamsi.', '2024-01-29 21:18:38');
INSERT INTO "restaurant_reviews" ("review_id", "customer_id", "restaurant_id", "rating", "review_text", "created_at") VALUES ('92', '96', '6', '4', 'Arbitratu. Sic faciam igitur, inquit: unam rem explicabo, eamque maximam, de physicis alias, et quidem tibi et declinationem istam atomorum et magnitudinem.', '2024-01-29 21:21:13');
INSERT INTO "restaurant_reviews" ("review_id", "customer_id", "restaurant_id", "rating", "review_text", "created_at") VALUES ('93', '90', '33', '1', 'Voluptatibus nullo dolore nec impediente nec inpendente, quem tandem hoc statu praestabiliorem aut magis expetendum.', '2024-01-29 21:26:21');
INSERT INTO "restaurant_reviews" ("review_id", "customer_id", "restaurant_id", "rating", "review_text", "created_at") VALUES ('94', '44', '84', '4', 'Fructuosam relinqueret? Non ergo Epicurus ineruditus, sed ii indocti, qui.', '2024-01-29 21:33:23');
INSERT INTO "restaurant_reviews" ("review_id", "customer_id", "restaurant_id", "rating", "review_text", "created_at") VALUES ('95', '17', '44', '0', 'Nusquam. Hoc Epicurus in voluptate.', '2024-01-29 21:38:30');
INSERT INTO "restaurant_reviews" ("review_id", "customer_id", "restaurant_id", "rating", "review_text", "created_at") VALUES ('96', '100', '59', '1', 'Autem nixam hoc honesto nullam requirere voluptatem atque ad beate vivendum.', '2024-01-29 21:44:31');
INSERT INTO "restaurant_reviews" ("review_id", "customer_id", "restaurant_id", "rating", "review_text", "created_at") VALUES ('97', '63', '76', '0', 'Interea hoc tenebo, si ob.', '2024-01-29 21:49:16');
INSERT INTO "restaurant_reviews" ("review_id", "customer_id", "restaurant_id", "rating", "review_text", "created_at") VALUES ('98', '12', '4', '1', 'E fonte naturae, si tota oratio nostra omnem sibi fidem sensibus confirmat, id est Nam cum ad me de virtute misisti. Sed ex eo credo quibusdam.', '2024-01-29 21:53:38');
INSERT INTO "restaurant_reviews" ("review_id", "customer_id", "restaurant_id", "rating", "review_text", "created_at") VALUES ('99', '15', '41', '1', 'Filio adhibuit, quem in adoptionem D. Silano emancipaverat, ut eum Macedonum legatis accusantibus, quod pecunias praetorem.', '2024-01-29 22:01:38');
INSERT INTO "restaurant_reviews" ("review_id", "customer_id", "restaurant_id", "rating", "review_text", "created_at") VALUES ('100', '65', '89', '1', 'Propter suam voluptatem susciperet, eosdem suscipiet propter amici voluptatem.', '2024-01-29 22:05:02');

INSERT INTO "reviews" ("review_id", "customer_id", "restaurant_id", "rating", "review_text", "created_at") VALUES ('1', '54', '100', '2', 'Restat locus huic disputationi vel maxime necessarius de amicitia, quam, si voluptas summum sit.', '2024-01-29 12:51:07');
INSERT INTO "reviews" ("review_id", "customer_id", "restaurant_id", "rating", "review_text", "created_at") VALUES ('2', '45', '44', '1', 'Amicitia, tamen ipsi amici propter se esse iucunda, per se esset et.', '2024-01-29 12:55:58');
INSERT INTO "reviews" ("review_id", "customer_id", "restaurant_id", "rating", "review_text", "created_at") VALUES ('3', '35', '73', '4', 'Inanes divitiarum, gloriae, dominationis, libidinosarum etiam voluptatum. Accedunt aegritudines, molestiae, maerores, qui exedunt animos conficiuntque curis hominum non intellegentium nihil dolendum esse animo, quod sit a dolore corporis praesenti futurove seiunctum. Nec vero.', '2024-01-29 13:05:49');
INSERT INTO "reviews" ("review_id", "customer_id", "restaurant_id", "rating", "review_text", "created_at") VALUES ('4', '56', '57', '1', 'Meo arbitratu facerem, ante hoc tempus numquam est aut.', '2024-01-29 13:08:40');
INSERT INTO "reviews" ("review_id", "customer_id", "restaurant_id", "rating", "review_text", "created_at") VALUES ('5', '24', '36', '2', 'Elegantis ornatus defuit? Ego vero, quoniam forensibus operis, laboribus, periculis non.', '2024-01-29 13:11:36');
INSERT INTO "reviews" ("review_id", "customer_id", "restaurant_id", "rating", "review_text", "created_at") VALUES ('6', '7', '74', '2', 'De quo Lucilius: ''ferreum scriptorem'', verum, opinor, scriptorem tamen, ut legendus sit. Rudem enim.', '2024-01-29 13:13:06');
INSERT INTO "reviews" ("review_id", "customer_id", "restaurant_id", "rating", "review_text", "created_at") VALUES ('7', '2', '44', '0', 'Minus amicos quam se ipsos penitus perdiderunt, sic robustus animus et excelsus omni est liber cura et angore, cum et mortem contemnit.', '2024-01-29 13:15:40');
INSERT INTO "reviews" ("review_id", "customer_id", "restaurant_id", "rating", "review_text", "created_at") VALUES ('8', '33', '18', '4', 'Sane. -- ''At, si voluptas.', '2024-01-29 13:16:56');
INSERT INTO "reviews" ("review_id", "customer_id", "restaurant_id", "rating", "review_text", "created_at") VALUES ('9', '53', '89', '1', 'Tamen permagna accessio potest, si aliquod aeternum et infinitum impendere malum nobis.', '2024-01-29 13:18:08');
INSERT INTO "reviews" ("review_id", "customer_id", "restaurant_id", "rating", "review_text", "created_at") VALUES ('10', '7', '40', '3', 'Varias reprehensiones incurreret. Nam quibusdam, et iis quidem non admodum indoctis.', '2024-01-29 13:25:35');
INSERT INTO "reviews" ("review_id", "customer_id", "restaurant_id", "rating", "review_text", "created_at") VALUES ('11', '89', '98', '1', 'Administrari neque maiorem voluptatem ex hoc percipiatur, quod videamus esse finitum. In.', '2024-01-29 13:35:25');
INSERT INTO "reviews" ("review_id", "customer_id", "restaurant_id", "rating", "review_text", "created_at") VALUES ('12', '55', '8', '4', 'De voluptate et dolore disputandum putant. Sed ut omittam pericula, labores, dolorem etiam, quem optimus quisque pro patria et pro suis suscipit, ut non plus voluptatum habeat quam dolorum. Nam et complectitur verbis, quod vult, et.', '2024-01-29 13:43:14');
INSERT INTO "reviews" ("review_id", "customer_id", "restaurant_id", "rating", "review_text", "created_at") VALUES ('13', '70', '65', '0', 'Dividendo ac partiendo docet, non quo ignorare vos arbitrer, sed ut ratione et via procedat oratio. Quaerimus igitur, quid sit extremum et ultimum bonorum, quod omnium.', '2024-01-29 13:46:28');
INSERT INTO "reviews" ("review_id", "customer_id", "restaurant_id", "rating", "review_text", "created_at") VALUES ('14', '15', '3', '1', 'Primum totus est alienus. Democritea dicit perpauca mutans, sed ita, ut ea, quae audiebamus, conferebamus, neque erat umquam.', '2024-01-29 13:54:56');
INSERT INTO "reviews" ("review_id", "customer_id", "restaurant_id", "rating", "review_text", "created_at") VALUES ('15', '13', '54', '3', 'Cupiditates enim sunt insatiabiles, quae non modo non impediri rationem amicitiae, si summum bonum diceret, primum in eo non arbitrantur. Erunt etiam, et ii quidem eruditi Graecis litteris.', '2024-01-29 14:04:36');
INSERT INTO "reviews" ("review_id", "customer_id", "restaurant_id", "rating", "review_text", "created_at") VALUES ('16', '20', '34', '4', 'Doloris sine iucundo motu voluptatis. Sin autem summa voluptas est, ut Epicuro placet, nihil dolere, primum tibi recte, Chrysippe, concessum est nihil ad Epicurum. Nam si dicent ab.', '2024-01-29 14:13:27');
INSERT INTO "reviews" ("review_id", "customer_id", "restaurant_id", "rating", "review_text", "created_at") VALUES ('17', '56', '23', '4', 'Vitae degendae et rerum gerendarum. Sic e physicis et fortitudo sumitur contra mortis timorem et constantia contra metum religionis et sedatio animi omnium rerum.', '2024-01-29 14:22:37');
INSERT INTO "reviews" ("review_id", "customer_id", "restaurant_id", "rating", "review_text", "created_at") VALUES ('18', '41', '44', '3', 'Quae est enim aut utilior aut ad bene vivendum aptior partitio quam illa, qua est usus Epicurus? Qui unum genus.', '2024-01-29 14:26:44');
INSERT INTO "reviews" ("review_id", "customer_id", "restaurant_id", "rating", "review_text", "created_at") VALUES ('19', '10', '99', '3', 'Accedit etiam mors, quae quasi delapsa de caelo est ad cognitionem omnium, regula, ad quam omnia iudicia rerum dirigentur, numquam ullius oratione victi sententia desistemus. Nisi autem rerum natura duo quaerenda sint, unum, quae materia sit.', '2024-01-29 14:28:07');
INSERT INTO "reviews" ("review_id", "customer_id", "restaurant_id", "rating", "review_text", "created_at") VALUES ('20', '69', '81', '0', 'Etsi sit elegans, personae tamen et dignitatis.', '2024-01-29 14:33:40');
INSERT INTO "reviews" ("review_id", "customer_id", "restaurant_id", "rating", "review_text", "created_at") VALUES ('21', '82', '51', '0', 'Nam ante Aristippus, et ille melius. Addidisti ad extremum etiam indoctum fuisse. Fieri, inquam, Triari, nullo pacto potest, ut propemodum iustioribus utamur illis, qui omnino avocent a philosophia, quam his, qui rebus infinitis modum constituant in.', '2024-01-29 14:38:24');
INSERT INTO "reviews" ("review_id", "customer_id", "restaurant_id", "rating", "review_text", "created_at") VALUES ('22', '70', '12', '4', 'Tamen permagna accessio potest, si aliquod aeternum et infinitum impendere malum nobis opinemur. Quod idem licet transferre in voluptatem, ut ea maior sit, mediocritatem desiderent. Sive enim ad sapientiam perveniri potest, non paranda.', '2024-01-29 14:45:56');
INSERT INTO "reviews" ("review_id", "customer_id", "restaurant_id", "rating", "review_text", "created_at") VALUES ('23', '90', '31', '4', 'Idem Graecum, quae autem tanta ex improbis factis ad minuendas vitae molestias accessio potest fieri, quanta ad augendas, cum conscientia factorum, tum poena legum odioque civium? Et.', '2024-01-29 14:47:11');
INSERT INTO "reviews" ("review_id", "customer_id", "restaurant_id", "rating", "review_text", "created_at") VALUES ('24', '9', '4', '3', 'Expetendas, quam nostras expeteremus, quo loco videtur quibusdam stabilitas amicitiae vacillare, tuentur tamen eum locum seque facile, ut mihi videtur, expediunt. Ut enim sapientiam, temperantiam, fortitudinem copulatas esse docui cum voluptate, ut ab ea nullo modo probantur, tamen Democritum laudatum a ceteris ab hoc.', '2024-01-29 14:53:27');
INSERT INTO "reviews" ("review_id", "customer_id", "restaurant_id", "rating", "review_text", "created_at") VALUES ('25', '7', '46', '4', 'Cum a philosophis compluribus permulta dicantur, cur nec voluptas in bonis sit.', '2024-01-29 14:54:57');
INSERT INTO "reviews" ("review_id", "customer_id", "restaurant_id", "rating", "review_text", "created_at") VALUES ('26', '69', '33', '3', 'Institutionem omnino amicitiae non modo singulos homines, sed universas familias evertunt, totam etiam labefactant saepe rem publicam. Ex.', '2024-01-29 14:57:03');
INSERT INTO "reviews" ("review_id", "customer_id", "restaurant_id", "rating", "review_text", "created_at") VALUES ('27', '94', '84', '4', 'E corporis voluptatibus et doloribus -- itaque concedo, quod.', '2024-01-29 15:05:40');
INSERT INTO "reviews" ("review_id", "customer_id", "restaurant_id", "rating", "review_text", "created_at") VALUES ('28', '5', '52', '0', 'Locus. Nunc autem explicabo, voluptas ipsa quae qualisque sit, ut tollatur error omnis imperitorum intellegaturque ea, quae sint coniuncta explicabo brevi. Nullus in ipsis error est finibus bonorum et malorum fere a nobis.', '2024-01-29 15:15:08');
INSERT INTO "reviews" ("review_id", "customer_id", "restaurant_id", "rating", "review_text", "created_at") VALUES ('29', '82', '71', '2', 'Omittendis doloribus, etiamsi voluptas ea, quae audiebamus, conferebamus, neque erat umquam controversia, quid.', '2024-01-29 15:18:53');
INSERT INTO "reviews" ("review_id", "customer_id", "restaurant_id", "rating", "review_text", "created_at") VALUES ('30', '60', '30', '4', 'Suum venire vetuit, numquid tibi videtur de voluptatibus suis cogitavisse? Sed ut perspiciatis, unde omnis iste natus error sit voluptatem.', '2024-01-29 15:25:21');
INSERT INTO "reviews" ("review_id", "customer_id", "restaurant_id", "rating", "review_text", "created_at") VALUES ('31', '64', '100', '2', 'Graecum te, Albuci, quam Romanum atque Sabinum, municipem Ponti, Tritani, centurionum, praeclarorum hominum ac primorum.', '2024-01-29 15:29:57');
INSERT INTO "reviews" ("review_id", "customer_id", "restaurant_id", "rating", "review_text", "created_at") VALUES ('32', '18', '62', '2', 'Voluptatum. Accedunt aegritudines, molestiae, maerores, qui.', '2024-01-29 15:32:03');
INSERT INTO "reviews" ("review_id", "customer_id", "restaurant_id", "rating", "review_text", "created_at") VALUES ('33', '10', '87', '1', 'Bonorum et malorum fere a nobis sic intelleges eitam, ut ab Homero Ennius, Afranius a Menandro solet. Nec vero, ut noster Lucilius, recusabo, quo minus animus a se ipse dissidens secumque discordans gustare partem ullam liquidae voluptatis et liberae potest. Atqui pugnantibus et contrariis studiis consiliisque semper utens.', '2024-01-29 15:35:22');
INSERT INTO "reviews" ("review_id", "customer_id", "restaurant_id", "rating", "review_text", "created_at") VALUES ('34', '59', '38', '1', 'Fugiat, sed quia pacem animis afferat et eos quasi concordia quadam placet ac leniat. Temperantia est enim, quae in rebus aut expetendis aut fugiendis ut rationem sequamur monet. Nec enim habet nostra mens quicquam, ubi consistat tamquam in extremo, omnesque et metus et aegritudines.', '2024-01-29 15:42:44');
INSERT INTO "reviews" ("review_id", "customer_id", "restaurant_id", "rating", "review_text", "created_at") VALUES ('35', '51', '56', '4', 'Dolore detracto, nam quoniam, cum privamur dolore, ipsa liberatione et.', '2024-01-29 15:52:39');
INSERT INTO "reviews" ("review_id", "customer_id", "restaurant_id", "rating", "review_text", "created_at") VALUES ('36', '59', '69', '1', 'Esse quoddam sapientium, ut ne minus amicos quam se ipsos penitus perdiderunt, sic robustus animus et excelsus omni est liber cura et angore, cum et mortem contemnit, qua qui utuntur.', '2024-01-29 15:59:06');
INSERT INTO "reviews" ("review_id", "customer_id", "restaurant_id", "rating", "review_text", "created_at") VALUES ('37', '46', '27', '1', 'Brutus dissentiet -- quod et scripta multa sunt, sic ut plura nemini e nostris, qui haec subtilius velint tradere et negent satis esse, quid bonum sit aut quid.', '2024-01-29 16:05:55');
INSERT INTO "reviews" ("review_id", "customer_id", "restaurant_id", "rating", "review_text", "created_at") VALUES ('38', '91', '52', '2', 'Arbitraretur? Ut enim aeque doleamus animo, cum corpore dolemus, fieri tamen permagna accessio potest, si aliquod aeternum et infinitum impendere malum nobis opinemur. Quod.', '2024-01-29 16:12:04');
INSERT INTO "reviews" ("review_id", "customer_id", "restaurant_id", "rating", "review_text", "created_at") VALUES ('39', '39', '74', '0', 'Octavio fuit, cum illam severitatem in eo essent. Quae cum tota res (est) ficta pueriliter, tum ne efficit quidem, quod vult. Nam et laetamur amicorum laetitia aeque atque nostra et pariter dolemus angoribus. Quocirca eodem modo sapiens erit affectus erga amicum, quo in se ipsum, quosque labores propter suam voluptatem susciperet, eosdem.', '2024-01-29 16:20:58');
INSERT INTO "reviews" ("review_id", "customer_id", "restaurant_id", "rating", "review_text", "created_at") VALUES ('40', '75', '2', '3', 'Totum evertitur eo delectu rerum, quem modo dixi, constituto, ut aut reiciendis voluptatibus maiores alias consequatur aut perferendis doloribus asperiores repellat. Hanc ego cum teneam sententiam, quid est enim aut utilior aut.', '2024-01-29 16:23:11');
INSERT INTO "reviews" ("review_id", "customer_id", "restaurant_id", "rating", "review_text", "created_at") VALUES ('41', '74', '30', '0', 'Ita sentio et saepe etiam videmus, et perspicuum.', '2024-01-29 16:29:41');
INSERT INTO "reviews" ("review_id", "customer_id", "restaurant_id", "rating", "review_text", "created_at") VALUES ('42', '5', '90', '3', 'Sed expectat illa, fruitur praesentibus ab iisque vitiis, quae paulo ante collegi, abest plurimum et, cum stultorum vitam cum sua comparat.', '2024-01-29 16:33:51');
INSERT INTO "reviews" ("review_id", "customer_id", "restaurant_id", "rating", "review_text", "created_at") VALUES ('43', '84', '26', '3', 'Desistemus. Nisi autem rerum natura duo quaerenda sint, unum, quae.', '2024-01-29 16:43:38');
INSERT INTO "reviews" ("review_id", "customer_id", "restaurant_id", "rating", "review_text", "created_at") VALUES ('44', '96', '48', '1', 'Gessisse sine causa? Quae fuerit causa, mox videro.', '2024-01-29 16:44:43');
INSERT INTO "reviews" ("review_id", "customer_id", "restaurant_id", "rating", "review_text", "created_at") VALUES ('45', '63', '31', '2', 'Quae in rebus aut expetendis aut fugiendis ut rationem sequamur monet. Nec enim habet nostra mens quicquam, ubi.', '2024-01-29 16:51:42');
INSERT INTO "reviews" ("review_id", "customer_id", "restaurant_id", "rating", "review_text", "created_at") VALUES ('46', '66', '10', '1', 'Illum etiam ipsum dedocere. Sol Democrito magnus videtur, quippe homini erudito in geometriaque perfecto, huic pedalis fortasse; tantum enim esse omnino in nostris poetis aut inertissimae segnitiae est.', '2024-01-29 16:57:03');
INSERT INTO "reviews" ("review_id", "customer_id", "restaurant_id", "rating", "review_text", "created_at") VALUES ('47', '40', '28', '1', 'Minime esse deterritum. Quae cum tota res (est.', '2024-01-29 16:58:12');
INSERT INTO "reviews" ("review_id", "customer_id", "restaurant_id", "rating", "review_text", "created_at") VALUES ('48', '23', '7', '2', 'Possimus dicere? Inesse enim necesse est aut fastidii delicatissimi. Mihi quidem depravare videatur. Ille atomos quas appellat, id est quo melius viveremus.', '2024-01-29 17:06:38');
INSERT INTO "reviews" ("review_id", "customer_id", "restaurant_id", "rating", "review_text", "created_at") VALUES ('49', '85', '98', '3', 'Quam cum omnia in philosophia, tum id, quod quaeritur, sit.', '2024-01-29 17:14:32');
INSERT INTO "reviews" ("review_id", "customer_id", "restaurant_id", "rating", "review_text", "created_at") VALUES ('50', '17', '82', '0', 'Sit, migrare de vita. His rebus.', '2024-01-29 17:23:19');
INSERT INTO "reviews" ("review_id", "customer_id", "restaurant_id", "rating", "review_text", "created_at") VALUES ('51', '29', '96', '4', 'Maximisque erroribus animos hominum liberavisse et omnia tradidisse, quae pertinerent ad bene vivendum aptior partitio quam illa, qua est usus Epicurus? Qui unum genus posuit earum.', '2024-01-29 17:27:17');
INSERT INTO "reviews" ("review_id", "customer_id", "restaurant_id", "rating", "review_text", "created_at") VALUES ('52', '83', '66', '0', 'Me prohiberet Epicureum esse, si probarem, quae ille diceret? Cum praesertim illa perdiscere ludus esset.', '2024-01-29 17:34:19');
INSERT INTO "reviews" ("review_id", "customer_id", "restaurant_id", "rating", "review_text", "created_at") VALUES ('53', '59', '48', '1', 'Praeclarorum hominum ac primorum signiferumque, maluisti dici. Graece ergo praetor Athenis, id quod maluisti, te, cum ad me in Cumanum salutandi causa uterque venisset.', '2024-01-29 17:36:19');
INSERT INTO "reviews" ("review_id", "customer_id", "restaurant_id", "rating", "review_text", "created_at") VALUES ('54', '83', '40', '0', 'Arbitror unum vidisse verum maximisque erroribus animos hominum liberavisse et omnia tradidisse, quae pertinerent ad bene beateque vivendo a Platone disputata sunt, haec explicari non placebit Latine? Quid? Si nos non interpretum fungimur munere, sed tuemur ea, quae praeterierunt, acri.', '2024-01-29 17:41:11');
INSERT INTO "reviews" ("review_id", "customer_id", "restaurant_id", "rating", "review_text", "created_at") VALUES ('55', '67', '74', '2', 'Percipi dicunt, ii remotis sensibus ne id ipsum quidem expedire possunt, quod disserunt. Praeterea sublata cognitione et scientia tollitur omnis ratio et vitae degendae et rerum gerendarum.', '2024-01-29 17:47:35');
INSERT INTO "reviews" ("review_id", "customer_id", "restaurant_id", "rating", "review_text", "created_at") VALUES ('56', '66', '79', '2', 'Sapientes bona praeterita non meminerunt, praesentibus non fruuntur, futura modo expectant, quae.', '2024-01-29 17:55:56');
INSERT INTO "reviews" ("review_id", "customer_id", "restaurant_id", "rating", "review_text", "created_at") VALUES ('57', '60', '50', '4', 'Legendi sunt. Quid enim est una, quae maestitiam pellat ex animis, quae nos.', '2024-01-29 17:58:00');
INSERT INTO "reviews" ("review_id", "customer_id", "restaurant_id", "rating", "review_text", "created_at") VALUES ('58', '8', '10', '0', 'Propter voluptates expetendam et insipientiam propter molestias esse fugiendam? Eademque ratione ne temperantiam quidem propter se ipsos penitus perdiderunt, sic robustus animus et a.', '2024-01-29 18:04:31');
INSERT INTO "reviews" ("review_id", "customer_id", "restaurant_id", "rating", "review_text", "created_at") VALUES ('59', '70', '94', '4', 'Sicut nostrum Triarium, minus ab eo nos abducat? Sin.', '2024-01-29 18:13:54');
INSERT INTO "reviews" ("review_id", "customer_id", "restaurant_id", "rating", "review_text", "created_at") VALUES ('60', '1', '78', '1', 'Nihil esse prosperum nisi voluptatem, nihil asperum nisi dolorem, de quibus et ab antiquis, ad.', '2024-01-29 18:18:31');
INSERT INTO "reviews" ("review_id", "customer_id", "restaurant_id", "rating", "review_text", "created_at") VALUES ('61', '85', '7', '1', 'Bonum.'' Hoc ne statuam quidem dicturam pater aiebat, si loqui posset. Conclusum est enim contra Cyrenaicos satis acute, nihil ad Epicurum. Nam si concederetur, etiamsi ad corpus nihil referatur, ista sua sponte et per se esse expetendam et insipientiam propter molestias esse fugiendam? Eademque.', '2024-01-29 18:26:55');
INSERT INTO "reviews" ("review_id", "customer_id", "restaurant_id", "rating", "review_text", "created_at") VALUES ('62', '78', '68', '4', 'Quo aut petat aut fugiat aliquid, praeter voluptatem et dolorem. Ad haec et quae vel aliter pararetur et qua etiam.', '2024-01-29 18:35:48');
INSERT INTO "reviews" ("review_id", "customer_id", "restaurant_id", "rating", "review_text", "created_at") VALUES ('63', '14', '56', '0', 'Ad minim veniam, quis nostrud exercitation ullamco laboris nisi ut aliquid ex ea commodi consequatur? Quis.', '2024-01-29 18:40:57');
INSERT INTO "reviews" ("review_id", "customer_id", "restaurant_id", "rating", "review_text", "created_at") VALUES ('64', '21', '50', '3', 'Non posse. Qui autem, si maxime hoc placeat, moderatius tamen id confidet fore semper occultum. Plerumque improborum facta primo suspicio insequitur, dein sermo atque fama, tum accusator, tum iudex; Multi etiam, ut te.', '2024-01-29 18:45:16');
INSERT INTO "reviews" ("review_id", "customer_id", "restaurant_id", "rating", "review_text", "created_at") VALUES ('65', '23', '44', '4', 'Postea variari voluptas distinguique possit, augeri amplificarique non possit. At.', '2024-01-29 18:50:07');
INSERT INTO "reviews" ("review_id", "customer_id", "restaurant_id", "rating", "review_text", "created_at") VALUES ('66', '57', '83', '0', 'Quae sua natura aut sollicitare possit aut angere. Praeterea et appetendi et refugiendi et omnino rerum gerendarum initia proficiscuntur aut a voluptate aut in.', '2024-01-29 18:52:58');
INSERT INTO "reviews" ("review_id", "customer_id", "restaurant_id", "rating", "review_text", "created_at") VALUES ('67', '82', '34', '3', 'Loco videtur quibusdam stabilitas amicitiae vacillare, tuentur tamen eum locum seque facile, ut mihi quidem nulli satis eruditi videntur, quibus nostra ignota sunt. An.', '2024-01-29 19:01:21');
INSERT INTO "reviews" ("review_id", "customer_id", "restaurant_id", "rating", "review_text", "created_at") VALUES ('68', '7', '44', '2', 'Ut aliquid ex ea commodo consequat. Duis aute irure dolor in reprehenderit in voluptate esse aut in poetis evolvendis, ut ego et Triarius te hortatore facimus, consumeret, in quibus tam multis tamque variis ab ultima antiquitate repetitis tria vix amicorum paria reperiuntur, ut ad id autem res referuntur omnes, fatendum est summum esse bonum quicquam nisi.', '2024-01-29 19:05:50');
INSERT INTO "reviews" ("review_id", "customer_id", "restaurant_id", "rating", "review_text", "created_at") VALUES ('69', '54', '77', '0', 'Praeterita non meminerunt, praesentibus non fruuntur, futura modo expectant, quae quia certa esse non possunt, victi et debilitati obiecta specie voluptatis tradunt se libidinibus constringendos nec quid eventurum sit provident ob eamque causam propter voluptatem et dolorem. Ad haec.', '2024-01-29 19:08:36');
INSERT INTO "reviews" ("review_id", "customer_id", "restaurant_id", "rating", "review_text", "created_at") VALUES ('70', '54', '81', '3', 'Quae ars vivendi putanda est, non satis politus iis artibus, quas qui tenent, eruditi appellantur -- aut ne deterruisset alios a studiis. Quamquam te quidem video minime esse deterritum. Quae cum dixissem, magis ut illum provocarem.', '2024-01-29 19:16:17');
INSERT INTO "reviews" ("review_id", "customer_id", "restaurant_id", "rating", "review_text", "created_at") VALUES ('71', '13', '21', '4', 'Facile efficere possit, quod melius sit, accedere?', '2024-01-29 19:19:53');
INSERT INTO "reviews" ("review_id", "customer_id", "restaurant_id", "rating", "review_text", "created_at") VALUES ('72', '17', '63', '2', 'Velit, sed quia maiores consequatur. Eadem fortitudinis.', '2024-01-29 19:26:16');
INSERT INTO "reviews" ("review_id", "customer_id", "restaurant_id", "rating", "review_text", "created_at") VALUES ('73', '2', '1', '2', 'Deditum dicitis; non posse reperiri. Quapropter si ea, quae sint coniuncta explicabo brevi. Nullus in.', '2024-01-29 19:32:08');
INSERT INTO "reviews" ("review_id", "customer_id", "restaurant_id", "rating", "review_text", "created_at") VALUES ('74', '82', '76', '1', 'Neque feci adhuc nec mihi tamen.', '2024-01-29 19:34:35');
INSERT INTO "reviews" ("review_id", "customer_id", "restaurant_id", "rating", "review_text", "created_at") VALUES ('75', '22', '76', '4', 'Necessariae nec opera multa nec impensa expleantur; ne.', '2024-01-29 19:36:00');
INSERT INTO "reviews" ("review_id", "customer_id", "restaurant_id", "rating", "review_text", "created_at") VALUES ('76', '30', '63', '2', 'Eo quoque elaborare, ut sint opera, studio, labore meo doctiores.', '2024-01-29 19:44:00');
INSERT INTO "reviews" ("review_id", "customer_id", "restaurant_id", "rating", "review_text", "created_at") VALUES ('77', '95', '53', '4', 'Nollem vituperatum. Iam in altera philosophiae parte. Quae est quaerendi ac disserendi, quae logikh dicitur, iste vester plane.', '2024-01-29 19:49:10');
INSERT INTO "reviews" ("review_id", "customer_id", "restaurant_id", "rating", "review_text", "created_at") VALUES ('78', '7', '26', '1', 'Quibusdam stabilitas amicitiae vacillare, tuentur tamen eum locum seque facile.', '2024-01-29 19:54:18');
INSERT INTO "reviews" ("review_id", "customer_id", "restaurant_id", "rating", "review_text", "created_at") VALUES ('79', '42', '46', '4', 'Quicquid porro animo cernimus, id omne oritur a sensibus; qui si omnes veri erunt, ut Epicuri ratio docet, tum denique.', '2024-01-29 19:58:20');
INSERT INTO "reviews" ("review_id", "customer_id", "restaurant_id", "rating", "review_text", "created_at") VALUES ('80', '77', '52', '1', 'Erga nos amice et benivole collegisti, nec me tamen laudandis maioribus meis corrupisti nec segniorem ad respondendum reddidisti. Quorum facta quem ad modum eae semper voluptatibus inhaererent, eadem de amicitia dicenda sunt. Praeclare enim Epicurus his paene verbis: ''Eadem'', inquit, ''scientia confirmavit animum, ne.', '2024-01-29 20:05:30');
INSERT INTO "reviews" ("review_id", "customer_id", "restaurant_id", "rating", "review_text", "created_at") VALUES ('81', '84', '2', '3', 'Commodius disserendum viam. In physicis plurimum posuit. Ea scientia et verborum vis et natura orationis.', '2024-01-29 20:09:25');
INSERT INTO "reviews" ("review_id", "customer_id", "restaurant_id", "rating", "review_text", "created_at") VALUES ('82', '73', '68', '4', 'Bene noris. Nisi mihi Phaedrum, inquam, tu mentitum aut Zenonem putas.', '2024-01-29 20:18:47');
INSERT INTO "reviews" ("review_id", "customer_id", "restaurant_id", "rating", "review_text", "created_at") VALUES ('83', '51', '55', '0', 'Ratio est, ut necessariae nec opera multa nec impensa expleantur; ne naturales quidem multa desiderant, propterea quod ipsa natura, ut ait ille, sciscat et probet, id est voluptatem. Homines optimi non intellegunt totam rationem everti, si.', '2024-01-29 20:24:46');
INSERT INTO "reviews" ("review_id", "customer_id", "restaurant_id", "rating", "review_text", "created_at") VALUES ('84', '67', '97', '1', 'Arbitratu facerem, ante hoc tempus numquam est esse bonorum voluptatem ex hoc percipiatur, quod videamus esse finitum. In dialectica autem vestra nullam existimavit esse nec ad melius vivendum.', '2024-01-29 20:27:01');
INSERT INTO "reviews" ("review_id", "customer_id", "restaurant_id", "rating", "review_text", "created_at") VALUES ('85', '52', '2', '4', 'Sapienti maximasque ab eo ortum, tam inportuno tamque crudeli; sin, ut dolore suo sanciret militaris imperii disciplinam exercitumque in gravissimo bello animadversionis metu contineret.', '2024-01-29 20:30:37');
INSERT INTO "reviews" ("review_id", "customer_id", "restaurant_id", "rating", "review_text", "created_at") VALUES ('86', '17', '34', '4', 'Tamque et operosam et perinde fructuosam relinqueret?', '2024-01-29 20:39:14');
INSERT INTO "reviews" ("review_id", "customer_id", "restaurant_id", "rating", "review_text", "created_at") VALUES ('87', '3', '47', '0', 'Satis facere, qui se Latina scripta dicunt contemnere. In quibus sequitur Democritum, non fere labitur. Quamquam utriusque cum multa non probo, inquam. De cetero vellem equidem aut ipse.', '2024-01-29 20:40:50');
INSERT INTO "reviews" ("review_id", "customer_id", "restaurant_id", "rating", "review_text", "created_at") VALUES ('88', '11', '24', '0', 'Intellegere, quid diceret? Aliena dixit in physicis nec ea ipsa, quae ab illo est, tum.', '2024-01-29 20:50:35');
INSERT INTO "reviews" ("review_id", "customer_id", "restaurant_id", "rating", "review_text", "created_at") VALUES ('89', '6', '73', '3', 'Nec impediente nec inpendente, quem tandem hoc statu praestabiliorem aut magis expetendum possimus dicere? Inesse enim necesse est in voluptate aut in liberos atque in sanguinem suum tam crudelis fuisse, nihil ut de omni virtute sit dictum. Sed similia fere dici possunt. Ut enim.', '2024-01-29 20:52:17');
INSERT INTO "reviews" ("review_id", "customer_id", "restaurant_id", "rating", "review_text", "created_at") VALUES ('90', '43', '16', '2', 'Omne animal, simul atque natum sit, voluptatem appetere eaque gaudere ut summo bono, dolorem aspernari ut summum malum.', '2024-01-29 20:55:02');
INSERT INTO "reviews" ("review_id", "customer_id", "restaurant_id", "rating", "review_text", "created_at") VALUES ('91', '2', '18', '2', 'Habeat. Nam si concederetur, etiamsi ad corpus nihil referatur, ista sua sponte et per se ipsam optabilem, sed quia maiores consequatur. Eadem fortitudinis ratio reperietur. Nam neque laborum.', '2024-01-29 21:01:59');
INSERT INTO "reviews" ("review_id", "customer_id", "restaurant_id", "rating", "review_text", "created_at") VALUES ('92', '55', '54', '2', 'Aut molestiam plus aut ad naturam aut contra sit, a natura ipsa iudicari. Ea quid percipit aut quid malum, sensu iudicari, sed animo etiam ac ratione intellegi posse et voluptatem ipsam per se esset et virtus.', '2024-01-29 21:07:48');
INSERT INTO "reviews" ("review_id", "customer_id", "restaurant_id", "rating", "review_text", "created_at") VALUES ('93', '78', '24', '0', 'Voluptatibus, sic amicitiae non posse iucunde vivi, nisi sapienter, honeste iusteque vivatur, nec sapienter, honeste, iuste, nisi iucunde. Neque enim civitas in seditione beata esse potest nec in malis dolor, non existimant oportere nimium nos causae confidere, sed et.', '2024-01-29 21:16:52');
INSERT INTO "reviews" ("review_id", "customer_id", "restaurant_id", "rating", "review_text", "created_at") VALUES ('94', '44', '88', '0', 'Sit. Erit enim iam de omnium virtutum cursu ad voluptatem proprius disserendi locus. Nunc autem explicabo, voluptas ipsa quae qualisque sit, ut tollatur error omnis imperitorum intellegaturque.', '2024-01-29 21:24:16');
INSERT INTO "reviews" ("review_id", "customer_id", "restaurant_id", "rating", "review_text", "created_at") VALUES ('95', '45', '26', '2', 'Accusata et vituperata ab Hortensio. Qui liber cum et tibi probatus videretur et iis, quos ego posse iudicare.', '2024-01-29 21:29:50');
INSERT INTO "reviews" ("review_id", "customer_id", "restaurant_id", "rating", "review_text", "created_at") VALUES ('96', '7', '5', '1', 'Aptius. Quibus ex omnibus iudicari potest non modo nullam captet, sed etiam cogitemus; infinitio ipsa, quam apeirian vocant, tota ab illo est, tum innumerabiles mundi, qui.', '2024-01-29 21:35:21');
INSERT INTO "reviews" ("review_id", "customer_id", "restaurant_id", "rating", "review_text", "created_at") VALUES ('97', '40', '3', '4', 'Dolore detracto, nam quoniam, cum privamur dolore, ipsa liberatione et vacuitate omnis molestiae gaudemus, omne autem id, quo gaudemus, voluptas est, ut Epicuro placet, nihil dolere, primum tibi recte, Chrysippe, concessum est.', '2024-01-29 21:43:12');
INSERT INTO "reviews" ("review_id", "customer_id", "restaurant_id", "rating", "review_text", "created_at") VALUES ('98', '88', '66', '0', 'Quod et acutum genus est et ab Epicuro sapiens semper beatus inducitur: finitas habet cupiditates, neglegit mortem, de diis inmortalibus sine ullo metu vera sentit, non dubitat, si ita melius sit, migrare de vita. His rebus peccant, cum e quibus haec efficiantur ignorant. Animi autem morbi sunt cupiditates inmensae et inanes divitiarum.', '2024-01-29 21:49:26');
INSERT INTO "reviews" ("review_id", "customer_id", "restaurant_id", "rating", "review_text", "created_at") VALUES ('99', '41', '2', '4', 'Haec finxerat, assecutus est. Nam si omnes veri erunt, ut Epicuri ratio docet, tum denique poterit aliquid cognosci et percipi. Quos qui tollunt et nihil posse percipi dicunt, ii remotis sensibus ne.', '2024-01-29 21:53:08');
INSERT INTO "reviews" ("review_id", "customer_id", "restaurant_id", "rating", "review_text", "created_at") VALUES ('100', '64', '94', '4', 'Non fruuntur, futura modo expectant, quae quia certa esse non.', '2024-01-29 21:57:05');

INSERT INTO "zomato_employee" ("employee_id", "employee_name", "emp_contact_number", "emp_role", "avg_rating", "created_at") VALUES ('1', 'Edd Brumhead', '(402) 206-3078', 'Prep Cook', '0', '2024-01-29 12:51:07');
INSERT INTO "zomato_employee" ("employee_id", "employee_name", "emp_contact_number", "emp_role", "avg_rating", "created_at") VALUES ('2', 'Vida Wixey', '(310) 407-3581', 'Delivery Person', '2', '2024-01-29 12:52:10');
INSERT INTO "zomato_employee" ("employee_id", "employee_name", "emp_contact_number", "emp_role", "avg_rating", "created_at") VALUES ('3', 'Kennie Deluce', '(202) 102-6511', 'Pastry Chef', '2', '2024-01-29 12:58:27');
INSERT INTO "zomato_employee" ("employee_id", "employee_name", "emp_contact_number", "emp_role", "avg_rating", "created_at") VALUES ('4', 'Tobie Guerri', '(559) 256-6835', 'Kitchen Porter', '1', '2024-01-29 13:01:54');
INSERT INTO "zomato_employee" ("employee_id", "employee_name", "emp_contact_number", "emp_role", "avg_rating", "created_at") VALUES ('5', 'Jeanie Manktelow', '(813) 996-3824', 'Sous Chef', '4', '2024-01-29 13:09:05');
INSERT INTO "zomato_employee" ("employee_id", "employee_name", "emp_contact_number", "emp_role", "avg_rating", "created_at") VALUES ('6', 'Beltran Balentyne', '(515) 313-5509', 'Food Runner', '1', '2024-01-29 13:18:22');
INSERT INTO "zomato_employee" ("employee_id", "employee_name", "emp_contact_number", "emp_role", "avg_rating", "created_at") VALUES ('7', 'Stevie Gosselin', '(765) 023-8303', 'Barista', '4', '2024-01-29 13:28:13');
INSERT INTO "zomato_employee" ("employee_id", "employee_name", "emp_contact_number", "emp_role", "avg_rating", "created_at") VALUES ('8', 'Matty Dunsmuir', '(727) 617-6008', 'Barista', '1', '2024-01-29 13:31:39');
INSERT INTO "zomato_employee" ("employee_id", "employee_name", "emp_contact_number", "emp_role", "avg_rating", "created_at") VALUES ('9', 'Muffin Bartlomiej', '(208) 023-9976', 'Event Coordinator', '4', '2024-01-29 13:33:41');
INSERT INTO "zomato_employee" ("employee_id", "employee_name", "emp_contact_number", "emp_role", "avg_rating", "created_at") VALUES ('10', 'Chrystel Lidgely', '(212) 940-4249', 'Kitchen Porter', '1', '2024-01-29 13:35:19');
INSERT INTO "zomato_employee" ("employee_id", "employee_name", "emp_contact_number", "emp_role", "avg_rating", "created_at") VALUES ('11', 'Codi Blaschke', '(310) 274-1336', 'Sous Chef', '1', '2024-01-29 13:43:56');
INSERT INTO "zomato_employee" ("employee_id", "employee_name", "emp_contact_number", "emp_role", "avg_rating", "created_at") VALUES ('12', 'Steven Gossage', '(239) 309-9288', 'Waiter', '0', '2024-01-29 13:45:25');
INSERT INTO "zomato_employee" ("employee_id", "employee_name", "emp_contact_number", "emp_role", "avg_rating", "created_at") VALUES ('13', 'Rozele Tonn', '(415) 747-8680', 'Manager', '3', '2024-01-29 13:53:44');
INSERT INTO "zomato_employee" ("employee_id", "employee_name", "emp_contact_number", "emp_role", "avg_rating", "created_at") VALUES ('14', 'Annette Sprowles', '(330) 267-3617', 'Kitchen Porter', '4', '2024-01-29 13:59:48');
INSERT INTO "zomato_employee" ("employee_id", "employee_name", "emp_contact_number", "emp_role", "avg_rating", "created_at") VALUES ('15', 'Kakalina Jeduch', '(904) 182-4743', 'Catering Manager', '3', '2024-01-29 14:01:29');
INSERT INTO "zomato_employee" ("employee_id", "employee_name", "emp_contact_number", "emp_role", "avg_rating", "created_at") VALUES ('16', 'Shaina Pitrollo', '(815) 316-0435', 'Dishwasher', '1', '2024-01-29 14:10:07');
INSERT INTO "zomato_employee" ("employee_id", "employee_name", "emp_contact_number", "emp_role", "avg_rating", "created_at") VALUES ('17', 'Neille Bonavia', '(978) 223-7435', 'Line Cook', '0', '2024-01-29 14:11:54');
INSERT INTO "zomato_employee" ("employee_id", "employee_name", "emp_contact_number", "emp_role", "avg_rating", "created_at") VALUES ('18', 'Abigail Trueman', '(309) 868-8244', 'Catering Manager', '2', '2024-01-29 14:15:28');
INSERT INTO "zomato_employee" ("employee_id", "employee_name", "emp_contact_number", "emp_role", "avg_rating", "created_at") VALUES ('19', 'Johnna Munnion', '(304) 206-4993', 'Event Coordinator', '2', '2024-01-29 14:17:53');
INSERT INTO "zomato_employee" ("employee_id", "employee_name", "emp_contact_number", "emp_role", "avg_rating", "created_at") VALUES ('20', 'Lew Spadeck', '(636) 306-6176', 'Food Runner', '0', '2024-01-29 14:24:58');
INSERT INTO "zomato_employee" ("employee_id", "employee_name", "emp_contact_number", "emp_role", "avg_rating", "created_at") VALUES ('21', 'Arvy Matasov', '(626) 738-6006', 'Chef', '4', '2024-01-29 14:34:34');
INSERT INTO "zomato_employee" ("employee_id", "employee_name", "emp_contact_number", "emp_role", "avg_rating", "created_at") VALUES ('22', 'Dory Hofer', '(712) 303-7879', 'Kitchen Porter', '4', '2024-01-29 14:43:43');
INSERT INTO "zomato_employee" ("employee_id", "employee_name", "emp_contact_number", "emp_role", "avg_rating", "created_at") VALUES ('23', 'Frayda Stilling', '(601) 902-6453', 'Catering Manager', '0', '2024-01-29 14:46:40');
INSERT INTO "zomato_employee" ("employee_id", "employee_name", "emp_contact_number", "emp_role", "avg_rating", "created_at") VALUES ('24', 'Kellby Pettisall', '(561) 281-7021', 'Catering Manager', '3', '2024-01-29 14:49:40');
INSERT INTO "zomato_employee" ("employee_id", "employee_name", "emp_contact_number", "emp_role", "avg_rating", "created_at") VALUES ('25', 'Percy Hallows', '(412) 855-9044', 'Waiter', '0', '2024-01-29 14:53:51');
INSERT INTO "zomato_employee" ("employee_id", "employee_name", "emp_contact_number", "emp_role", "avg_rating", "created_at") VALUES ('26', 'Angeline Hitzke', '(619) 892-1110', 'Line Cook', '2', '2024-01-29 14:56:40');
INSERT INTO "zomato_employee" ("employee_id", "employee_name", "emp_contact_number", "emp_role", "avg_rating", "created_at") VALUES ('27', 'Jillayne Merlin', '(469) 098-5119', 'Event Coordinator', '3', '2024-01-29 15:00:54');
INSERT INTO "zomato_employee" ("employee_id", "employee_name", "emp_contact_number", "emp_role", "avg_rating", "created_at") VALUES ('28', 'Minna Chasson', '(334) 516-3239', 'Line Cook', '2', '2024-01-29 15:02:31');
INSERT INTO "zomato_employee" ("employee_id", "employee_name", "emp_contact_number", "emp_role", "avg_rating", "created_at") VALUES ('29', 'Winslow Artois', '(815) 731-8125', 'Chef', '1', '2024-01-29 15:08:18');
INSERT INTO "zomato_employee" ("employee_id", "employee_name", "emp_contact_number", "emp_role", "avg_rating", "created_at") VALUES ('30', 'Herbie Oldridge', '(218) 751-3525', 'Host', '0', '2024-01-29 15:11:26');
INSERT INTO "zomato_employee" ("employee_id", "employee_name", "emp_contact_number", "emp_role", "avg_rating", "created_at") VALUES ('31', 'Giuseppe Tremayne', '(206) 223-1541', 'Waiter', '3', '2024-01-29 15:16:50');
INSERT INTO "zomato_employee" ("employee_id", "employee_name", "emp_contact_number", "emp_role", "avg_rating", "created_at") VALUES ('32', 'Kele Peffer', '(714) 093-7977', 'Cashier', '4', '2024-01-29 15:20:57');
INSERT INTO "zomato_employee" ("employee_id", "employee_name", "emp_contact_number", "emp_role", "avg_rating", "created_at") VALUES ('33', 'Roxana Mattingson', '(609) 620-9257', 'Food Runner', '2', '2024-01-29 15:24:06');
INSERT INTO "zomato_employee" ("employee_id", "employee_name", "emp_contact_number", "emp_role", "avg_rating", "created_at") VALUES ('34', 'Gwen More', '(702) 369-5290', 'Chef', '3', '2024-01-29 15:27:50');
INSERT INTO "zomato_employee" ("employee_id", "employee_name", "emp_contact_number", "emp_role", "avg_rating", "created_at") VALUES ('35', 'Noll Danko', '(434) 691-3674', 'Pastry Chef', '4', '2024-01-29 15:32:16');
INSERT INTO "zomato_employee" ("employee_id", "employee_name", "emp_contact_number", "emp_role", "avg_rating", "created_at") VALUES ('36', 'Ellynn Degg', '(617) 677-3037', 'Bartender', '2', '2024-01-29 15:38:46');
INSERT INTO "zomato_employee" ("employee_id", "employee_name", "emp_contact_number", "emp_role", "avg_rating", "created_at") VALUES ('37', 'Pancho Filkov', '(304) 031-6448', 'Waiter', '2', '2024-01-29 15:41:45');
INSERT INTO "zomato_employee" ("employee_id", "employee_name", "emp_contact_number", "emp_role", "avg_rating", "created_at") VALUES ('38', 'Leeann Durrans', '(334) 034-3971', 'Bartender', '2', '2024-01-29 15:47:48');
INSERT INTO "zomato_employee" ("employee_id", "employee_name", "emp_contact_number", "emp_role", "avg_rating", "created_at") VALUES ('39', 'Juan Jancso', '(413) 632-6379', 'Event Coordinator', '2', '2024-01-29 15:54:14');
INSERT INTO "zomato_employee" ("employee_id", "employee_name", "emp_contact_number", "emp_role", "avg_rating", "created_at") VALUES ('40', 'Linette Sirrell', '(412) 065-5391', 'Pastry Chef', '1', '2024-01-29 16:00:40');
INSERT INTO "zomato_employee" ("employee_id", "employee_name", "emp_contact_number", "emp_role", "avg_rating", "created_at") VALUES ('41', 'Greta Howsan', '(907) 379-9087', 'Sous Chef', '1', '2024-01-29 16:10:30');
INSERT INTO "zomato_employee" ("employee_id", "employee_name", "emp_contact_number", "emp_role", "avg_rating", "created_at") VALUES ('42', 'Zonnya Loader', '(316) 286-8438', 'Line Cook', '1', '2024-01-29 16:20:29');
INSERT INTO "zomato_employee" ("employee_id", "employee_name", "emp_contact_number", "emp_role", "avg_rating", "created_at") VALUES ('43', 'Gayla Middler', '(703) 624-5627', 'Sommelier', '1', '2024-01-29 16:26:45');
INSERT INTO "zomato_employee" ("employee_id", "employee_name", "emp_contact_number", "emp_role", "avg_rating", "created_at") VALUES ('44', 'Leodora Hodinton', '(702) 485-6283', 'Prep Cook', '2', '2024-01-29 16:29:12');
INSERT INTO "zomato_employee" ("employee_id", "employee_name", "emp_contact_number", "emp_role", "avg_rating", "created_at") VALUES ('45', 'Brittaney Dinsey', '(601) 436-7614', 'Barista', '4', '2024-01-29 16:33:42');
INSERT INTO "zomato_employee" ("employee_id", "employee_name", "emp_contact_number", "emp_role", "avg_rating", "created_at") VALUES ('46', 'Hy Tripp', '(415) 752-4879', 'Event Coordinator', '3', '2024-01-29 16:41:06');
INSERT INTO "zomato_employee" ("employee_id", "employee_name", "emp_contact_number", "emp_role", "avg_rating", "created_at") VALUES ('47', 'Lanette Corradeschi', '(786) 662-1678', 'Event Coordinator', '0', '2024-01-29 16:47:52');
INSERT INTO "zomato_employee" ("employee_id", "employee_name", "emp_contact_number", "emp_role", "avg_rating", "created_at") VALUES ('48', 'Harmonia Loos', '(210) 191-8006', 'Delivery Person', '3', '2024-01-29 16:53:09');
INSERT INTO "zomato_employee" ("employee_id", "employee_name", "emp_contact_number", "emp_role", "avg_rating", "created_at") VALUES ('49', 'Ezekiel Skone', '(619) 090-6617', 'Sommelier', '2', '2024-01-29 17:02:31');
INSERT INTO "zomato_employee" ("employee_id", "employee_name", "emp_contact_number", "emp_role", "avg_rating", "created_at") VALUES ('50', 'Casper O''Doogan', '(813) 315-6532', 'Maintenance Staff', '3', '2024-01-29 17:10:49');
INSERT INTO "zomato_employee" ("employee_id", "employee_name", "emp_contact_number", "emp_role", "avg_rating", "created_at") VALUES ('51', 'Taylor Defraine', '(716) 686-2704', 'Prep Cook', '0', '2024-01-29 17:12:27');
INSERT INTO "zomato_employee" ("employee_id", "employee_name", "emp_contact_number", "emp_role", "avg_rating", "created_at") VALUES ('52', 'Kelcey Yokel', '(713) 542-6004', 'Manager', '1', '2024-01-29 17:17:21');
INSERT INTO "zomato_employee" ("employee_id", "employee_name", "emp_contact_number", "emp_role", "avg_rating", "created_at") VALUES ('53', 'May Tomasini', '(610) 687-9589', 'Food Runner', '2', '2024-01-29 17:19:31');
INSERT INTO "zomato_employee" ("employee_id", "employee_name", "emp_contact_number", "emp_role", "avg_rating", "created_at") VALUES ('54', 'Lorain McMeekan', '(405) 019-4163', 'Chef', '0', '2024-01-29 17:28:53');
INSERT INTO "zomato_employee" ("employee_id", "employee_name", "emp_contact_number", "emp_role", "avg_rating", "created_at") VALUES ('55', 'Adelina Fencott', '(812) 408-7860', 'Food Runner', '2', '2024-01-29 17:31:41');
INSERT INTO "zomato_employee" ("employee_id", "employee_name", "emp_contact_number", "emp_role", "avg_rating", "created_at") VALUES ('56', 'Hermon Retallack', '(412) 611-0962', 'Line Cook', '4', '2024-01-29 17:38:27');
INSERT INTO "zomato_employee" ("employee_id", "employee_name", "emp_contact_number", "emp_role", "avg_rating", "created_at") VALUES ('57', 'Gustaf Soffe', '(908) 196-3392', 'Waiter', '1', '2024-01-29 17:43:16');
INSERT INTO "zomato_employee" ("employee_id", "employee_name", "emp_contact_number", "emp_role", "avg_rating", "created_at") VALUES ('58', 'Dunc De Blasiis', '(203) 864-6692', 'Food Runner', '1', '2024-01-29 17:44:29');
INSERT INTO "zomato_employee" ("employee_id", "employee_name", "emp_contact_number", "emp_role", "avg_rating", "created_at") VALUES ('59', 'Ilka Verna', '(208) 920-8258', 'Line Cook', '2', '2024-01-29 17:47:40');
INSERT INTO "zomato_employee" ("employee_id", "employee_name", "emp_contact_number", "emp_role", "avg_rating", "created_at") VALUES ('60', 'Erv Keates', '(786) 593-0341', 'Delivery Person', '2', '2024-01-29 17:56:37');
INSERT INTO "zomato_employee" ("employee_id", "employee_name", "emp_contact_number", "emp_role", "avg_rating", "created_at") VALUES ('61', 'Emlynne Fayers', '(336) 442-3914', 'Chef', '0', '2024-01-29 18:03:29');
INSERT INTO "zomato_employee" ("employee_id", "employee_name", "emp_contact_number", "emp_role", "avg_rating", "created_at") VALUES ('62', 'Traci Noirel', '(314) 694-1547', 'Chef', '3', '2024-01-29 18:05:26');
INSERT INTO "zomato_employee" ("employee_id", "employee_name", "emp_contact_number", "emp_role", "avg_rating", "created_at") VALUES ('63', 'Herbert Huguenet', '(804) 496-0367', 'Waiter', '0', '2024-01-29 18:14:55');
INSERT INTO "zomato_employee" ("employee_id", "employee_name", "emp_contact_number", "emp_role", "avg_rating", "created_at") VALUES ('64', 'June Zimmerman', '(941) 684-6910', 'Prep Cook', '1', '2024-01-29 18:16:07');
INSERT INTO "zomato_employee" ("employee_id", "employee_name", "emp_contact_number", "emp_role", "avg_rating", "created_at") VALUES ('65', 'Lincoln Tatam', '(719) 035-8280', 'Chef', '4', '2024-01-29 18:17:40');
INSERT INTO "zomato_employee" ("employee_id", "employee_name", "emp_contact_number", "emp_role", "avg_rating", "created_at") VALUES ('66', 'Odille A''Barrow', '(540) 260-0524', 'Waiter', '4', '2024-01-29 18:23:52');
INSERT INTO "zomato_employee" ("employee_id", "employee_name", "emp_contact_number", "emp_role", "avg_rating", "created_at") VALUES ('67', 'Darby Criag', '(213) 275-8547', 'Dishwasher', '0', '2024-01-29 18:25:20');
INSERT INTO "zomato_employee" ("employee_id", "employee_name", "emp_contact_number", "emp_role", "avg_rating", "created_at") VALUES ('68', 'Dori Gouldsmith', '(602) 580-4214', 'Prep Cook', '1', '2024-01-29 18:33:35');
INSERT INTO "zomato_employee" ("employee_id", "employee_name", "emp_contact_number", "emp_role", "avg_rating", "created_at") VALUES ('69', 'Vitoria Reagan', '(770) 613-3085', 'Prep Cook', '3', '2024-01-29 18:39:16');
INSERT INTO "zomato_employee" ("employee_id", "employee_name", "emp_contact_number", "emp_role", "avg_rating", "created_at") VALUES ('70', 'Carlin Wilkes', '(217) 904-9321', 'Kitchen Porter', '2', '2024-01-29 18:41:11');
INSERT INTO "zomato_employee" ("employee_id", "employee_name", "emp_contact_number", "emp_role", "avg_rating", "created_at") VALUES ('71', 'Melodie Priest', '(304) 129-6493', 'Waiter', '0', '2024-01-29 18:42:49');
INSERT INTO "zomato_employee" ("employee_id", "employee_name", "emp_contact_number", "emp_role", "avg_rating", "created_at") VALUES ('72', 'Ardys Calveley', '(901) 782-4773', 'Food Runner', '4', '2024-01-29 18:45:43');
INSERT INTO "zomato_employee" ("employee_id", "employee_name", "emp_contact_number", "emp_role", "avg_rating", "created_at") VALUES ('73', 'Vance Bernaldo', '(717) 117-9407', 'Waiter', '3', '2024-01-29 18:52:58');
INSERT INTO "zomato_employee" ("employee_id", "employee_name", "emp_contact_number", "emp_role", "avg_rating", "created_at") VALUES ('74', 'Klara Greenrde', '(217) 225-6107', 'Food Runner', '1', '2024-01-29 19:00:36');
INSERT INTO "zomato_employee" ("employee_id", "employee_name", "emp_contact_number", "emp_role", "avg_rating", "created_at") VALUES ('75', 'Rena Prophet', '(513) 897-2445', 'Sous Chef', '3', '2024-01-29 19:01:44');
INSERT INTO "zomato_employee" ("employee_id", "employee_name", "emp_contact_number", "emp_role", "avg_rating", "created_at") VALUES ('76', 'Alva Digger', '(210) 664-8694', 'Catering Manager', '3', '2024-01-29 19:04:11');
INSERT INTO "zomato_employee" ("employee_id", "employee_name", "emp_contact_number", "emp_role", "avg_rating", "created_at") VALUES ('77', 'Tiebout Fullerton', '(414) 020-0780', 'Sommelier', '4', '2024-01-29 19:10:48');
INSERT INTO "zomato_employee" ("employee_id", "employee_name", "emp_contact_number", "emp_role", "avg_rating", "created_at") VALUES ('78', 'Seamus Sheardown', '(501) 112-7376', 'Kitchen Porter', '1', '2024-01-29 19:17:00');
INSERT INTO "zomato_employee" ("employee_id", "employee_name", "emp_contact_number", "emp_role", "avg_rating", "created_at") VALUES ('79', 'Myrilla Rosenzveig', '(361) 428-6003', 'Food Runner', '3', '2024-01-29 19:22:21');
INSERT INTO "zomato_employee" ("employee_id", "employee_name", "emp_contact_number", "emp_role", "avg_rating", "created_at") VALUES ('80', 'Sonnie Cosbee', '(713) 177-7616', 'Sommelier', '4', '2024-01-29 19:31:13');
INSERT INTO "zomato_employee" ("employee_id", "employee_name", "emp_contact_number", "emp_role", "avg_rating", "created_at") VALUES ('81', 'Olin Egel', '(248) 926-4059', 'Bartender', '4', '2024-01-29 19:38:23');
INSERT INTO "zomato_employee" ("employee_id", "employee_name", "emp_contact_number", "emp_role", "avg_rating", "created_at") VALUES ('82', 'Axel Cole', '(615) 161-3301', 'Chef', '0', '2024-01-29 19:41:40');
INSERT INTO "zomato_employee" ("employee_id", "employee_name", "emp_contact_number", "emp_role", "avg_rating", "created_at") VALUES ('83', 'Wiatt Bront', '(305) 311-1747', 'Prep Cook', '1', '2024-01-29 19:49:10');
INSERT INTO "zomato_employee" ("employee_id", "employee_name", "emp_contact_number", "emp_role", "avg_rating", "created_at") VALUES ('84', 'Silvan Corpe', '(202) 129-6629', 'Dishwasher', '4', '2024-01-29 19:57:40');
INSERT INTO "zomato_employee" ("employee_id", "employee_name", "emp_contact_number", "emp_role", "avg_rating", "created_at") VALUES ('85', 'Samantha Stronack', '(402) 394-1761', 'Manager', '1', '2024-01-29 20:04:39');
INSERT INTO "zomato_employee" ("employee_id", "employee_name", "emp_contact_number", "emp_role", "avg_rating", "created_at") VALUES ('86', 'Adela Withrop', '(561) 116-0202', 'Host', '4', '2024-01-29 20:10:30');
INSERT INTO "zomato_employee" ("employee_id", "employee_name", "emp_contact_number", "emp_role", "avg_rating", "created_at") VALUES ('87', 'Stanly Stather', '(239) 803-6434', 'Sommelier', '1', '2024-01-29 20:20:27');
INSERT INTO "zomato_employee" ("employee_id", "employee_name", "emp_contact_number", "emp_role", "avg_rating", "created_at") VALUES ('88', 'Donny MacGall', '(702) 887-4628', 'Cashier', '0', '2024-01-29 20:25:41');
INSERT INTO "zomato_employee" ("employee_id", "employee_name", "emp_contact_number", "emp_role", "avg_rating", "created_at") VALUES ('89', 'Celeste Samsonsen', '(813) 455-5567', 'Host', '4', '2024-01-29 20:26:59');
INSERT INTO "zomato_employee" ("employee_id", "employee_name", "emp_contact_number", "emp_role", "avg_rating", "created_at") VALUES ('90', 'Nero Iseton', '(336) 829-4584', 'Dishwasher', '2', '2024-01-29 20:29:54');
INSERT INTO "zomato_employee" ("employee_id", "employee_name", "emp_contact_number", "emp_role", "avg_rating", "created_at") VALUES ('91', 'Arnaldo Mathelon', '(228) 699-8201', 'Host', '1', '2024-01-29 20:34:02');
INSERT INTO "zomato_employee" ("employee_id", "employee_name", "emp_contact_number", "emp_role", "avg_rating", "created_at") VALUES ('92', 'Alasteir Wooff', '(318) 763-2469', 'Barista', '3', '2024-01-29 20:35:27');
INSERT INTO "zomato_employee" ("employee_id", "employee_name", "emp_contact_number", "emp_role", "avg_rating", "created_at") VALUES ('93', 'Lind Jones', '(609) 783-4546', 'Dishwasher', '3', '2024-01-29 20:39:22');
INSERT INTO "zomato_employee" ("employee_id", "employee_name", "emp_contact_number", "emp_role", "avg_rating", "created_at") VALUES ('94', 'Hyatt Haistwell', '(971) 124-9757', 'Sommelier', '0', '2024-01-29 20:41:30');
INSERT INTO "zomato_employee" ("employee_id", "employee_name", "emp_contact_number", "emp_role", "avg_rating", "created_at") VALUES ('95', 'Meggy Shorbrook', '(757) 406-4507', 'Food Runner', '4', '2024-01-29 20:49:05');
INSERT INTO "zomato_employee" ("employee_id", "employee_name", "emp_contact_number", "emp_role", "avg_rating", "created_at") VALUES ('96', 'Kermit Peasnone', '(864) 226-0441', 'Cashier', '1', '2024-01-29 20:56:38');
INSERT INTO "zomato_employee" ("employee_id", "employee_name", "emp_contact_number", "emp_role", "avg_rating", "created_at") VALUES ('97', 'Elijah Hamman', '(808) 217-7174', 'Delivery Person', '4', '2024-01-29 20:57:43');
INSERT INTO "zomato_employee" ("employee_id", "employee_name", "emp_contact_number", "emp_role", "avg_rating", "created_at") VALUES ('98', 'Ed Raincin', '(731) 265-8519', 'Kitchen Porter', '1', '2024-01-29 20:59:13');
INSERT INTO "zomato_employee" ("employee_id", "employee_name", "emp_contact_number", "emp_role", "avg_rating", "created_at") VALUES ('99', 'Byram Scutter', '(850) 929-1918', 'Receptionist', '4', '2024-01-29 21:07:12');
INSERT INTO "zomato_employee" ("employee_id", "employee_name", "emp_contact_number", "emp_role", "avg_rating", "created_at") VALUES ('100', 'Arne Tayspell', '(585) 760-2738', 'Kitchen Porter', '1', '2024-01-29 21:10:02');

