
INSERT INTO "followers" ("id", "follower_id", "following_id", "created_at") VALUES ('1', '29', '78', '2024-01-29 12:51:07');
INSERT INTO "followers" ("id", "follower_id", "following_id", "created_at") VALUES ('2', '17', '66', '2024-01-29 12:53:19');
INSERT INTO "followers" ("id", "follower_id", "following_id", "created_at") VALUES ('3', '26', '58', '2024-01-29 12:55:44');
INSERT INTO "followers" ("id", "follower_id", "following_id", "created_at") VALUES ('4', '45', '25', '2024-01-29 13:03:22');
INSERT INTO "followers" ("id", "follower_id", "following_id", "created_at") VALUES ('5', '46', '68', '2024-01-29 13:09:28');
INSERT INTO "followers" ("id", "follower_id", "following_id", "created_at") VALUES ('6', '39', '24', '2024-01-29 13:18:15');
INSERT INTO "followers" ("id", "follower_id", "following_id", "created_at") VALUES ('7', '51', '39', '2024-01-29 13:21:30');
INSERT INTO "followers" ("id", "follower_id", "following_id", "created_at") VALUES ('8', '34', '24', '2024-01-29 13:26:13');
INSERT INTO "followers" ("id", "follower_id", "following_id", "created_at") VALUES ('9', '90', '61', '2024-01-29 13:36:08');
INSERT INTO "followers" ("id", "follower_id", "following_id", "created_at") VALUES ('10', '2', '17', '2024-01-29 13:44:31');
INSERT INTO "followers" ("id", "follower_id", "following_id", "created_at") VALUES ('11', '49', '36', '2024-01-29 13:51:48');
INSERT INTO "followers" ("id", "follower_id", "following_id", "created_at") VALUES ('12', '87', '67', '2024-01-29 13:54:32');
INSERT INTO "followers" ("id", "follower_id", "following_id", "created_at") VALUES ('13', '74', '91', '2024-01-29 13:59:10');
INSERT INTO "followers" ("id", "follower_id", "following_id", "created_at") VALUES ('14', '58', '100', '2024-01-29 14:01:00');
INSERT INTO "followers" ("id", "follower_id", "following_id", "created_at") VALUES ('15', '25', '8', '2024-01-29 14:05:11');
INSERT INTO "followers" ("id", "follower_id", "following_id", "created_at") VALUES ('16', '47', '53', '2024-01-29 14:07:28');
INSERT INTO "followers" ("id", "follower_id", "following_id", "created_at") VALUES ('17', '89', '34', '2024-01-29 14:12:37');
INSERT INTO "followers" ("id", "follower_id", "following_id", "created_at") VALUES ('18', '10', '51', '2024-01-29 14:20:31');
INSERT INTO "followers" ("id", "follower_id", "following_id", "created_at") VALUES ('19', '78', '53', '2024-01-29 14:25:51');
INSERT INTO "followers" ("id", "follower_id", "following_id", "created_at") VALUES ('20', '14', '38', '2024-01-29 14:33:42');
INSERT INTO "followers" ("id", "follower_id", "following_id", "created_at") VALUES ('21', '78', '80', '2024-01-29 14:35:49');
INSERT INTO "followers" ("id", "follower_id", "following_id", "created_at") VALUES ('22', '50', '5', '2024-01-29 14:45:22');
INSERT INTO "followers" ("id", "follower_id", "following_id", "created_at") VALUES ('23', '86', '38', '2024-01-29 14:54:40');
INSERT INTO "followers" ("id", "follower_id", "following_id", "created_at") VALUES ('24', '81', '56', '2024-01-29 14:58:04');
INSERT INTO "followers" ("id", "follower_id", "following_id", "created_at") VALUES ('25', '20', '46', '2024-01-29 14:59:19');
INSERT INTO "followers" ("id", "follower_id", "following_id", "created_at") VALUES ('26', '26', '78', '2024-01-29 15:05:12');
INSERT INTO "followers" ("id", "follower_id", "following_id", "created_at") VALUES ('27', '27', '84', '2024-01-29 15:06:35');
INSERT INTO "followers" ("id", "follower_id", "following_id", "created_at") VALUES ('28', '49', '30', '2024-01-29 15:11:10');
INSERT INTO "followers" ("id", "follower_id", "following_id", "created_at") VALUES ('29', '55', '26', '2024-01-29 15:17:59');
INSERT INTO "followers" ("id", "follower_id", "following_id", "created_at") VALUES ('30', '82', '42', '2024-01-29 15:24:17');
INSERT INTO "followers" ("id", "follower_id", "following_id", "created_at") VALUES ('31', '48', '53', '2024-01-29 15:26:30');
INSERT INTO "followers" ("id", "follower_id", "following_id", "created_at") VALUES ('32', '66', '96', '2024-01-29 15:32:45');
INSERT INTO "followers" ("id", "follower_id", "following_id", "created_at") VALUES ('33', '32', '35', '2024-01-29 15:40:56');
INSERT INTO "followers" ("id", "follower_id", "following_id", "created_at") VALUES ('34', '44', '44', '2024-01-29 15:48:34');
INSERT INTO "followers" ("id", "follower_id", "following_id", "created_at") VALUES ('35', '28', '12', '2024-01-29 15:50:26');
INSERT INTO "followers" ("id", "follower_id", "following_id", "created_at") VALUES ('36', '90', '19', '2024-01-29 15:54:30');
INSERT INTO "followers" ("id", "follower_id", "following_id", "created_at") VALUES ('37', '77', '12', '2024-01-29 15:59:38');
INSERT INTO "followers" ("id", "follower_id", "following_id", "created_at") VALUES ('38', '64', '82', '2024-01-29 16:06:51');
INSERT INTO "followers" ("id", "follower_id", "following_id", "created_at") VALUES ('39', '98', '83', '2024-01-29 16:09:00');
INSERT INTO "followers" ("id", "follower_id", "following_id", "created_at") VALUES ('40', '97', '43', '2024-01-29 16:18:29');
INSERT INTO "followers" ("id", "follower_id", "following_id", "created_at") VALUES ('41', '14', '88', '2024-01-29 16:22:59');
INSERT INTO "followers" ("id", "follower_id", "following_id", "created_at") VALUES ('42', '35', '49', '2024-01-29 16:26:09');
INSERT INTO "followers" ("id", "follower_id", "following_id", "created_at") VALUES ('43', '48', '10', '2024-01-29 16:32:51');
INSERT INTO "followers" ("id", "follower_id", "following_id", "created_at") VALUES ('44', '53', '3', '2024-01-29 16:37:51');
INSERT INTO "followers" ("id", "follower_id", "following_id", "created_at") VALUES ('45', '57', '54', '2024-01-29 16:43:52');
INSERT INTO "followers" ("id", "follower_id", "following_id", "created_at") VALUES ('46', '4', '5', '2024-01-29 16:46:34');
INSERT INTO "followers" ("id", "follower_id", "following_id", "created_at") VALUES ('47', '63', '81', '2024-01-29 16:54:18');
INSERT INTO "followers" ("id", "follower_id", "following_id", "created_at") VALUES ('48', '83', '67', '2024-01-29 17:01:15');
INSERT INTO "followers" ("id", "follower_id", "following_id", "created_at") VALUES ('49', '29', '58', '2024-01-29 17:10:38');
INSERT INTO "followers" ("id", "follower_id", "following_id", "created_at") VALUES ('50', '3', '34', '2024-01-29 17:18:30');
INSERT INTO "followers" ("id", "follower_id", "following_id", "created_at") VALUES ('51', '8', '40', '2024-01-29 17:19:53');
INSERT INTO "followers" ("id", "follower_id", "following_id", "created_at") VALUES ('52', '62', '25', '2024-01-29 17:24:51');
INSERT INTO "followers" ("id", "follower_id", "following_id", "created_at") VALUES ('53', '8', '60', '2024-01-29 17:27:51');
INSERT INTO "followers" ("id", "follower_id", "following_id", "created_at") VALUES ('54', '55', '78', '2024-01-29 17:37:34');
INSERT INTO "followers" ("id", "follower_id", "following_id", "created_at") VALUES ('55', '57', '66', '2024-01-29 17:45:18');
INSERT INTO "followers" ("id", "follower_id", "following_id", "created_at") VALUES ('56', '45', '28', '2024-01-29 17:46:45');
INSERT INTO "followers" ("id", "follower_id", "following_id", "created_at") VALUES ('57', '75', '2', '2024-01-29 17:48:51');
INSERT INTO "followers" ("id", "follower_id", "following_id", "created_at") VALUES ('58', '84', '21', '2024-01-29 17:56:53');
INSERT INTO "followers" ("id", "follower_id", "following_id", "created_at") VALUES ('59', '86', '8', '2024-01-29 18:05:13');
INSERT INTO "followers" ("id", "follower_id", "following_id", "created_at") VALUES ('60', '19', '5', '2024-01-29 18:09:32');
INSERT INTO "followers" ("id", "follower_id", "following_id", "created_at") VALUES ('61', '8', '76', '2024-01-29 18:11:25');
INSERT INTO "followers" ("id", "follower_id", "following_id", "created_at") VALUES ('62', '26', '23', '2024-01-29 18:20:18');
INSERT INTO "followers" ("id", "follower_id", "following_id", "created_at") VALUES ('63', '6', '63', '2024-01-29 18:27:00');
INSERT INTO "followers" ("id", "follower_id", "following_id", "created_at") VALUES ('64', '70', '4', '2024-01-29 18:33:53');
INSERT INTO "followers" ("id", "follower_id", "following_id", "created_at") VALUES ('65', '95', '26', '2024-01-29 18:41:59');
INSERT INTO "followers" ("id", "follower_id", "following_id", "created_at") VALUES ('66', '69', '57', '2024-01-29 18:45:28');
INSERT INTO "followers" ("id", "follower_id", "following_id", "created_at") VALUES ('67', '13', '8', '2024-01-29 18:55:27');
INSERT INTO "followers" ("id", "follower_id", "following_id", "created_at") VALUES ('68', '49', '1', '2024-01-29 19:04:49');
INSERT INTO "followers" ("id", "follower_id", "following_id", "created_at") VALUES ('69', '50', '19', '2024-01-29 19:13:18');
INSERT INTO "followers" ("id", "follower_id", "following_id", "created_at") VALUES ('70', '95', '33', '2024-01-29 19:21:19');
INSERT INTO "followers" ("id", "follower_id", "following_id", "created_at") VALUES ('71', '60', '86', '2024-01-29 19:25:36');
INSERT INTO "followers" ("id", "follower_id", "following_id", "created_at") VALUES ('72', '55', '98', '2024-01-29 19:27:30');
INSERT INTO "followers" ("id", "follower_id", "following_id", "created_at") VALUES ('73', '71', '67', '2024-01-29 19:36:37');
INSERT INTO "followers" ("id", "follower_id", "following_id", "created_at") VALUES ('74', '43', '3', '2024-01-29 19:44:03');
INSERT INTO "followers" ("id", "follower_id", "following_id", "created_at") VALUES ('75', '35', '60', '2024-01-29 19:49:33');
INSERT INTO "followers" ("id", "follower_id", "following_id", "created_at") VALUES ('76', '22', '58', '2024-01-29 19:53:59');
INSERT INTO "followers" ("id", "follower_id", "following_id", "created_at") VALUES ('77', '76', '18', '2024-01-29 20:01:32');
INSERT INTO "followers" ("id", "follower_id", "following_id", "created_at") VALUES ('78', '66', '13', '2024-01-29 20:02:32');
INSERT INTO "followers" ("id", "follower_id", "following_id", "created_at") VALUES ('79', '17', '63', '2024-01-29 20:09:16');
INSERT INTO "followers" ("id", "follower_id", "following_id", "created_at") VALUES ('80', '8', '32', '2024-01-29 20:16:08');
INSERT INTO "followers" ("id", "follower_id", "following_id", "created_at") VALUES ('81', '55', '57', '2024-01-29 20:19:45');
INSERT INTO "followers" ("id", "follower_id", "following_id", "created_at") VALUES ('82', '8', '69', '2024-01-29 20:24:59');
INSERT INTO "followers" ("id", "follower_id", "following_id", "created_at") VALUES ('83', '69', '61', '2024-01-29 20:26:33');
INSERT INTO "followers" ("id", "follower_id", "following_id", "created_at") VALUES ('84', '4', '2', '2024-01-29 20:34:47');
INSERT INTO "followers" ("id", "follower_id", "following_id", "created_at") VALUES ('85', '31', '52', '2024-01-29 20:41:38');
INSERT INTO "followers" ("id", "follower_id", "following_id", "created_at") VALUES ('86', '89', '1', '2024-01-29 20:51:24');
INSERT INTO "followers" ("id", "follower_id", "following_id", "created_at") VALUES ('87', '73', '57', '2024-01-29 20:58:46');
INSERT INTO "followers" ("id", "follower_id", "following_id", "created_at") VALUES ('88', '32', '23', '2024-01-29 21:06:50');
INSERT INTO "followers" ("id", "follower_id", "following_id", "created_at") VALUES ('89', '36', '1', '2024-01-29 21:15:36');
INSERT INTO "followers" ("id", "follower_id", "following_id", "created_at") VALUES ('90', '58', '6', '2024-01-29 21:24:34');
INSERT INTO "followers" ("id", "follower_id", "following_id", "created_at") VALUES ('91', '80', '58', '2024-01-29 21:28:30');
INSERT INTO "followers" ("id", "follower_id", "following_id", "created_at") VALUES ('92', '98', '70', '2024-01-29 21:32:40');
INSERT INTO "followers" ("id", "follower_id", "following_id", "created_at") VALUES ('93', '67', '6', '2024-01-29 21:42:23');
INSERT INTO "followers" ("id", "follower_id", "following_id", "created_at") VALUES ('94', '78', '1', '2024-01-29 21:45:59');
INSERT INTO "followers" ("id", "follower_id", "following_id", "created_at") VALUES ('95', '18', '64', '2024-01-29 21:54:06');
INSERT INTO "followers" ("id", "follower_id", "following_id", "created_at") VALUES ('96', '44', '8', '2024-01-29 22:03:34');
INSERT INTO "followers" ("id", "follower_id", "following_id", "created_at") VALUES ('97', '89', '80', '2024-01-29 22:12:14');
INSERT INTO "followers" ("id", "follower_id", "following_id", "created_at") VALUES ('98', '24', '58', '2024-01-29 22:16:15');
INSERT INTO "followers" ("id", "follower_id", "following_id", "created_at") VALUES ('99', '84', '37', '2024-01-29 22:18:55');
INSERT INTO "followers" ("id", "follower_id", "following_id", "created_at") VALUES ('100', '57', '82', '2024-01-29 22:22:35');

INSERT INTO "hashtags" ("id", "name", "created_at") VALUES ('1', '#NationalPuppyDay', '2024-11-15 15:35:44');
INSERT INTO "hashtags" ("id", "name", "created_at") VALUES ('2', '#Petstagram', '2024-06-26 12:46:55');
INSERT INTO "hashtags" ("id", "name", "created_at") VALUES ('3', '#NewRelease', '2024-12-03 03:11:56');
INSERT INTO "hashtags" ("id", "name", "created_at") VALUES ('4', '#WinterWonderland', '2024-11-19 12:47:09');
INSERT INTO "hashtags" ("id", "name", "created_at") VALUES ('5', '#CryptoNews', '2024-05-18 15:57:12');
INSERT INTO "hashtags" ("id", "name", "created_at") VALUES ('6', '#WinterWonderland', '2024-07-20 19:20:20');
INSERT INTO "hashtags" ("id", "name", "created_at") VALUES ('7', '#GoodVibesOnly', '2024-07-14 14:05:29');
INSERT INTO "hashtags" ("id", "name", "created_at") VALUES ('8', '#FashionWeek', '2024-12-11 18:17:04');
INSERT INTO "hashtags" ("id", "name", "created_at") VALUES ('9', '#MotivationMonday', '2024-09-18 15:58:00');
INSERT INTO "hashtags" ("id", "name", "created_at") VALUES ('10', '#HomeSweetHome', '2025-01-06 09:10:12');
INSERT INTO "hashtags" ("id", "name", "created_at") VALUES ('11', '#FashionWeek', '2024-08-27 18:24:43');
INSERT INTO "hashtags" ("id", "name", "created_at") VALUES ('12', '#CryptoNews', '2024-03-17 14:47:43');
INSERT INTO "hashtags" ("id", "name", "created_at") VALUES ('13', '#DIYProjects', '2024-07-09 14:11:52');
INSERT INTO "hashtags" ("id", "name", "created_at") VALUES ('14', '#WeekendVibes', '2024-04-26 01:40:46');
INSERT INTO "hashtags" ("id", "name", "created_at") VALUES ('15', '#MondayMotivation', '2024-04-17 10:47:16');
INSERT INTO "hashtags" ("id", "name", "created_at") VALUES ('16', '#BeachDay', '2024-08-19 10:41:16');
INSERT INTO "hashtags" ("id", "name", "created_at") VALUES ('17', '#LiveMusic', '2024-05-21 02:38:33');
INSERT INTO "hashtags" ("id", "name", "created_at") VALUES ('18', '#AutumnLeaves', '2024-05-05 21:05:21');
INSERT INTO "hashtags" ("id", "name", "created_at") VALUES ('19', '#Goals', '2025-01-04 05:55:15');
INSERT INTO "hashtags" ("id", "name", "created_at") VALUES ('20', '#WinterWonderland', '2024-08-21 19:05:49');
INSERT INTO "hashtags" ("id", "name", "created_at") VALUES ('21', '#BeachDay', '2024-11-15 18:56:45');
INSERT INTO "hashtags" ("id", "name", "created_at") VALUES ('22', '#SelfieSunday', '2024-09-07 23:18:37');
INSERT INTO "hashtags" ("id", "name", "created_at") VALUES ('23', '#NewRelease', '2024-09-07 14:06:21');
INSERT INTO "hashtags" ("id", "name", "created_at") VALUES ('24', '#ChristmasCountdown', '2024-03-23 06:58:42');
INSERT INTO "hashtags" ("id", "name", "created_at") VALUES ('25', '#SelfieSunday', '2024-03-15 23:26:12');
INSERT INTO "hashtags" ("id", "name", "created_at") VALUES ('26', '#EarthDay', '2024-11-18 09:48:12');
INSERT INTO "hashtags" ("id", "name", "created_at") VALUES ('27', '#Foodie', '2024-05-29 14:25:34');
INSERT INTO "hashtags" ("id", "name", "created_at") VALUES ('28', '#Inspiration', '2024-08-05 11:58:44');
INSERT INTO "hashtags" ("id", "name", "created_at") VALUES ('29', '#Mindfulness', '2024-09-23 23:20:04');
INSERT INTO "hashtags" ("id", "name", "created_at") VALUES ('30', '#PhotoOfTheDay', '2024-05-27 20:15:33');
INSERT INTO "hashtags" ("id", "name", "created_at") VALUES ('31', '#PhotoOfTheDay', '2024-08-04 08:22:00');
INSERT INTO "hashtags" ("id", "name", "created_at") VALUES ('32', '#OOTD', '2024-09-16 08:07:37');
INSERT INTO "hashtags" ("id", "name", "created_at") VALUES ('33', '#FitnessJourney', '2024-12-16 14:30:11');
INSERT INTO "hashtags" ("id", "name", "created_at") VALUES ('34', '#Mindfulness', '2024-05-15 17:16:26');
INSERT INTO "hashtags" ("id", "name", "created_at") VALUES ('35', '#AutumnLeaves', '2024-07-24 08:18:30');
INSERT INTO "hashtags" ("id", "name", "created_at") VALUES ('36', '#GoodVibesOnly', '2025-01-05 03:57:28');
INSERT INTO "hashtags" ("id", "name", "created_at") VALUES ('37', '#MotivationMonday', '2024-06-10 23:05:59');
INSERT INTO "hashtags" ("id", "name", "created_at") VALUES ('38', '#BreakingNews', '2024-05-05 11:05:20');
INSERT INTO "hashtags" ("id", "name", "created_at") VALUES ('39', '#LoveWins', '2024-10-16 18:01:47');
INSERT INTO "hashtags" ("id", "name", "created_at") VALUES ('40', '#FamilyFirst', '2024-03-31 03:31:51');
INSERT INTO "hashtags" ("id", "name", "created_at") VALUES ('41', '#TBT', '2024-08-22 22:58:14');
INSERT INTO "hashtags" ("id", "name", "created_at") VALUES ('42', '#NewPost', '2024-12-22 03:38:08');
INSERT INTO "hashtags" ("id", "name", "created_at") VALUES ('43', '#BreakingNews', '2024-03-24 15:24:21');
INSERT INTO "hashtags" ("id", "name", "created_at") VALUES ('44', '#WinterWonderland', '2024-05-25 18:17:43');
INSERT INTO "hashtags" ("id", "name", "created_at") VALUES ('45', '#FitnessGoals', '2024-01-31 14:42:46');
INSERT INTO "hashtags" ("id", "name", "created_at") VALUES ('46', '#NewPost', '2024-10-15 15:43:26');
INSERT INTO "hashtags" ("id", "name", "created_at") VALUES ('47', '#PhotoOfTheDay', '2024-06-17 07:21:44');
INSERT INTO "hashtags" ("id", "name", "created_at") VALUES ('48', '#AutumnLeaves', '2024-06-10 14:30:09');
INSERT INTO "hashtags" ("id", "name", "created_at") VALUES ('49', '#Mindfulness', '2024-08-29 09:47:30');
INSERT INTO "hashtags" ("id", "name", "created_at") VALUES ('50', '#Foodie', '2025-01-02 00:54:58');
INSERT INTO "hashtags" ("id", "name", "created_at") VALUES ('51', '#AutumnLeaves', '2024-04-20 00:38:05');
INSERT INTO "hashtags" ("id", "name", "created_at") VALUES ('52', '#TravelGoals', '2024-08-12 23:23:40');
INSERT INTO "hashtags" ("id", "name", "created_at") VALUES ('53', '#NoFilter', '2024-06-26 06:08:08');
INSERT INTO "hashtags" ("id", "name", "created_at") VALUES ('54', '#WeekendVibes', '2025-01-02 02:51:33');
INSERT INTO "hashtags" ("id", "name", "created_at") VALUES ('55', '#ThrowbackThursday', '2024-12-15 17:10:25');
INSERT INTO "hashtags" ("id", "name", "created_at") VALUES ('56', '#NewPost', '2024-09-16 02:37:03');
INSERT INTO "hashtags" ("id", "name", "created_at") VALUES ('57', '#NewRelease', '2024-05-11 18:56:36');
INSERT INTO "hashtags" ("id", "name", "created_at") VALUES ('58', '#LifeIsGood', '2024-11-15 00:25:14');
INSERT INTO "hashtags" ("id", "name", "created_at") VALUES ('59', '#StaySafe', '2024-08-02 00:05:16');
INSERT INTO "hashtags" ("id", "name", "created_at") VALUES ('60', '#NoFilter', '2024-05-10 22:49:46');
INSERT INTO "hashtags" ("id", "name", "created_at") VALUES ('61', '#MemorialDay', '2024-06-12 11:27:02');
INSERT INTO "hashtags" ("id", "name", "created_at") VALUES ('62', '#Goals', '2025-01-02 05:46:41');
INSERT INTO "hashtags" ("id", "name", "created_at") VALUES ('63', '#Mindfulness', '2025-01-10 23:33:00');
INSERT INTO "hashtags" ("id", "name", "created_at") VALUES ('64', '#FitnessJourney', '2024-11-25 22:35:19');
INSERT INTO "hashtags" ("id", "name", "created_at") VALUES ('65', '#HomeSweetHome', '2024-11-17 10:06:56');
INSERT INTO "hashtags" ("id", "name", "created_at") VALUES ('66', '#Petstagram', '2024-12-17 12:17:23');
INSERT INTO "hashtags" ("id", "name", "created_at") VALUES ('67', '#HomeSweetHome', '2024-05-12 18:35:48');
INSERT INTO "hashtags" ("id", "name", "created_at") VALUES ('68', '#BlackLivesMatter', '2024-12-03 09:52:15');
INSERT INTO "hashtags" ("id", "name", "created_at") VALUES ('69', '#BlackLivesMatter', '2024-07-25 20:24:55');
INSERT INTO "hashtags" ("id", "name", "created_at") VALUES ('70', '#StaySafe', '2024-09-10 10:02:51');
INSERT INTO "hashtags" ("id", "name", "created_at") VALUES ('71', '#Goals', '2024-02-28 20:37:14');
INSERT INTO "hashtags" ("id", "name", "created_at") VALUES ('72', '#TravelGoals', '2024-08-21 09:18:54');
INSERT INTO "hashtags" ("id", "name", "created_at") VALUES ('73', '#NoFilter', '2024-04-05 02:05:40');
INSERT INTO "hashtags" ("id", "name", "created_at") VALUES ('74', '#MotivationMonday', '2024-03-14 17:33:44');
INSERT INTO "hashtags" ("id", "name", "created_at") VALUES ('75', '#SelfieSunday', '2024-12-04 16:01:27');
INSERT INTO "hashtags" ("id", "name", "created_at") VALUES ('76', '#ThrowbackThursday', '2024-05-10 16:19:40');
INSERT INTO "hashtags" ("id", "name", "created_at") VALUES ('77', '#NewRelease', '2024-10-16 13:55:34');
INSERT INTO "hashtags" ("id", "name", "created_at") VALUES ('78', '#BreakingNews', '2024-07-13 17:02:17');
INSERT INTO "hashtags" ("id", "name", "created_at") VALUES ('79', '#Foodie', '2024-10-30 11:02:46');
INSERT INTO "hashtags" ("id", "name", "created_at") VALUES ('80', '#MotivationMonday', '2024-07-21 02:58:25');
INSERT INTO "hashtags" ("id", "name", "created_at") VALUES ('81', '#AutumnLeaves', '2024-12-22 19:54:03');
INSERT INTO "hashtags" ("id", "name", "created_at") VALUES ('82', '#Goals', '2024-03-17 03:42:52');
INSERT INTO "hashtags" ("id", "name", "created_at") VALUES ('83', '#OOTD', '2024-10-20 01:50:34');
INSERT INTO "hashtags" ("id", "name", "created_at") VALUES ('84', '#NationalPuppyDay', '2024-09-20 13:30:49');
INSERT INTO "hashtags" ("id", "name", "created_at") VALUES ('85', '#NoFilter', '2024-02-28 07:51:43');
INSERT INTO "hashtags" ("id", "name", "created_at") VALUES ('86', '#FitnessGoals', '2024-05-30 04:29:40');
INSERT INTO "hashtags" ("id", "name", "created_at") VALUES ('87', '#OOTD', '2024-10-10 08:30:25');
INSERT INTO "hashtags" ("id", "name", "created_at") VALUES ('88', '#FitnessJourney', '2024-08-17 19:57:29');
INSERT INTO "hashtags" ("id", "name", "created_at") VALUES ('89', '#BreakingNews', '2024-06-01 18:22:23');
INSERT INTO "hashtags" ("id", "name", "created_at") VALUES ('90', '#WeekendVibes', '2024-04-23 04:45:31');
INSERT INTO "hashtags" ("id", "name", "created_at") VALUES ('91', '#FitnessJourney', '2024-06-15 07:23:20');
INSERT INTO "hashtags" ("id", "name", "created_at") VALUES ('92', '#Inspiration', '2024-12-17 13:04:20');
INSERT INTO "hashtags" ("id", "name", "created_at") VALUES ('93', '#FashionWeek', '2024-05-09 07:22:55');
INSERT INTO "hashtags" ("id", "name", "created_at") VALUES ('94', '#Foodie', '2024-06-12 12:32:27');
INSERT INTO "hashtags" ("id", "name", "created_at") VALUES ('95', '#HomeSweetHome', '2024-04-24 06:24:35');
INSERT INTO "hashtags" ("id", "name", "created_at") VALUES ('96', '#TechTrends', '2024-10-14 23:08:31');
INSERT INTO "hashtags" ("id", "name", "created_at") VALUES ('97', '#MemorialDay', '2024-06-08 03:10:29');
INSERT INTO "hashtags" ("id", "name", "created_at") VALUES ('98', '#Blessed', '2024-03-05 09:08:05');
INSERT INTO "hashtags" ("id", "name", "created_at") VALUES ('99', '#MondayMotivation', '2024-08-04 12:44:28');
INSERT INTO "hashtags" ("id", "name", "created_at") VALUES ('100', '#Blessed', '2024-12-16 22:48:46');


INSERT INTO "notifications" ("id", "user_id", "notification_type", "source_id", "message", "is_read", "created_at") VALUES ('1', '8', 'Event Invitation', '1', 'Necesse est, non satis politus iis artibus, quas qui tenent.', '0', '2024-01-29 12:51:07');
INSERT INTO "notifications" ("id", "user_id", "notification_type", "source_id", "message", "is_read", "created_at") VALUES ('2', '35', 'Success', '2', 'Hoc scribendi, etsi sit elegans, personae.', '1', '2024-01-29 12:54:50');
INSERT INTO "notifications" ("id", "user_id", "notification_type", "source_id", "message", "is_read", "created_at") VALUES ('3', '100', 'Email', '3', 'Scaevolam M''.que Manilium, ab iisque M. Brutus dissentiet -- quod et posse fieri intellegimus et saepe disserui, Latinam linguam non modo non repugnantibus, verum etiam summam voluptatem. Quisquis enim sentit, quem ad modum.', '1', '2024-01-29 12:56:10');
INSERT INTO "notifications" ("id", "user_id", "notification_type", "source_id", "message", "is_read", "created_at") VALUES ('4', '81', 'Warning', '4', 'Quo ignorare vos arbitrer, sed ut ratione et via procedat oratio. Quaerimus igitur, quid sit extremum et ultimum.', '0', '2024-01-29 12:59:34');
INSERT INTO "notifications" ("id", "user_id", "notification_type", "source_id", "message", "is_read", "created_at") VALUES ('5', '17', 'Warning', '5', 'Quae ille diceret? Cum praesertim illa perdiscere ludus esset. Quam ob rem tandem, inquit, non satisfacit? Te enim iudicem aequum puto, modo quae dicat ille bene noris. Nisi mihi Phaedrum, inquam, tu mentitum aut Zenonem putas.', '0', '2024-01-29 13:07:29');
INSERT INTO "notifications" ("id", "user_id", "notification_type", "source_id", "message", "is_read", "created_at") VALUES ('6', '53', 'Password Change Request', '6', 'Vivendum nec ad commodius disserendum viam. In physicis plurimum.', '1', '2024-01-29 13:17:10');
INSERT INTO "notifications" ("id", "user_id", "notification_type", "source_id", "message", "is_read", "created_at") VALUES ('7', '57', 'Event Invitation', '7', 'Ut ipsi auctori huius disciplinae placet: constituam, quid et quale sit id, de quo Lucilius: ''ferreum scriptorem'', verum, opinor, scriptorem tamen, ut legendus sit.', '1', '2024-01-29 13:23:48');
INSERT INTO "notifications" ("id", "user_id", "notification_type", "source_id", "message", "is_read", "created_at") VALUES ('8', '35', 'Account Verification', '8', 'Sunt, haec explicari non placebit Latine? Quid? Si nos non interpretum.', '1', '2024-01-29 13:33:27');
INSERT INTO "notifications" ("id", "user_id", "notification_type", "source_id", "message", "is_read", "created_at") VALUES ('9', '22', 'Scheduled Maintenance', '9', 'Legimus quam hoc idem Graecum, quae autem inanes sunt, iis parendum non est. Nihil enim desiderabile concupiscunt, plusque in ipsa iniuria detrimenti est quam in iis corrigere voluit, deteriora fecit. Disserendi artem nullam habuit. Voluptatem cum.', '1', '2024-01-29 13:40:48');
INSERT INTO "notifications" ("id", "user_id", "notification_type", "source_id", "message", "is_read", "created_at") VALUES ('10', '98', 'Account Verification', '10', 'Autem rerum natura perspecta erit, nullo modo poterimus sensuum iudicia defendere. Quicquid porro animo cernimus, id omne oritur a sensibus; qui si omnes veri erunt, ut Epicuri ratio docet, tum denique poterit aliquid cognosci et percipi. Quos qui tollunt et nihil posse.', '0', '2024-01-29 13:49:29');
INSERT INTO "notifications" ("id", "user_id", "notification_type", "source_id", "message", "is_read", "created_at") VALUES ('11', '91', 'New Feature Announcement', '11', 'Non inutile, nosque ea scripta reliquaque eiusdem generis et legimus libenter et legemus --, haec, quae de philosophia litteris mandamus, legere assueverit, iudicabit nulla.', '0', '2024-01-29 13:52:38');
INSERT INTO "notifications" ("id", "user_id", "notification_type", "source_id", "message", "is_read", "created_at") VALUES ('12', '31', 'Update', '12', 'In inculta quaedam et horrida, de malis Graecis Latine scripta deterius. Quibus ego assentior, dum modo de isdem rebus ne Graecos quidem legendos putent. Res vero bonas verbis electis graviter ornateque dictas quis non legat? Nisi.', '0', '2024-01-29 13:54:09');
INSERT INTO "notifications" ("id", "user_id", "notification_type", "source_id", "message", "is_read", "created_at") VALUES ('13', '73', 'In-App Message', '13', 'Alias consequatur aut perferendis doloribus asperiores repellat. Hanc ego.', '0', '2024-01-29 14:02:28');
INSERT INTO "notifications" ("id", "user_id", "notification_type", "source_id", "message", "is_read", "created_at") VALUES ('14', '77', 'System Alert', '14', 'Ipsam voluptatem, quia voluptas sit, aspernatur aut odit aut fugit.', '1', '2024-01-29 14:07:12');
INSERT INTO "notifications" ("id", "user_id", "notification_type", "source_id", "message", "is_read", "created_at") VALUES ('15', '81', 'Security Alert', '15', 'Genus est et ad eos cum suavitate afflueret.', '0', '2024-01-29 14:12:20');
INSERT INTO "notifications" ("id", "user_id", "notification_type", "source_id", "message", "is_read", "created_at") VALUES ('16', '76', 'Subscription Renewal', '16', 'Esse numquam potest. Praeterea bona praeterita grata recordatione renovata delectant. Est autem situm in nobis ut et adversa quasi perpetua oblivione obruamus.', '1', '2024-01-29 14:14:55');
INSERT INTO "notifications" ("id", "user_id", "notification_type", "source_id", "message", "is_read", "created_at") VALUES ('17', '67', 'Push Notification', '17', 'Moveat, nulla successerit, eoque intellegi potest quanta voluptas sit non dolere. Sed ut perspiciatis, unde omnis iste natus.', '1', '2024-01-29 14:21:38');
INSERT INTO "notifications" ("id", "user_id", "notification_type", "source_id", "message", "is_read", "created_at") VALUES ('18', '44', 'Failure', '18', 'In viam placatae, tranquillae, quietae, beatae vitae disciplinam iuvaret. An ille tempus aut in dolore. Omnis autem privatione.', '0', '2024-01-29 14:30:33');
INSERT INTO "notifications" ("id", "user_id", "notification_type", "source_id", "message", "is_read", "created_at") VALUES ('19', '89', 'Subscription Renewal', '19', 'Quidem locum comit multa venustate et omni sale idem Lucilius, apud quem praeclare Scaevola: Graecum.', '0', '2024-01-29 14:38:23');
INSERT INTO "notifications" ("id", "user_id", "notification_type", "source_id", "message", "is_read", "created_at") VALUES ('20', '21', 'Reminder', '20', 'Bonorum omnium, beateque vivere nihil aliud sit nisi cum voluptate vivere. Huic certae stabilique sententiae quae sint coniuncta explicabo brevi. Nullus in ipsis error est finibus bonorum et malorum fere a nobis sic intelleges eitam, ut ab ea nullo modo.', '0', '2024-01-29 14:45:06');
INSERT INTO "notifications" ("id", "user_id", "notification_type", "source_id", "message", "is_read", "created_at") VALUES ('21', '79', 'Reminder', '21', 'Si ea sola voluptas esset, quae quasi saxum Tantalo semper impendet, tum superstitio, qua qui affecti.', '1', '2024-01-29 14:46:30');
INSERT INTO "notifications" ("id", "user_id", "notification_type", "source_id", "message", "is_read", "created_at") VALUES ('22', '65', 'Information', '22', 'Aut Aristotelem, ut verterunt nostri.', '1', '2024-01-29 14:47:45');
INSERT INTO "notifications" ("id", "user_id", "notification_type", "source_id", "message", "is_read", "created_at") VALUES ('23', '33', 'Feedback Request', '23', 'Metu, non conturbamur ignoratione rerum, e qua ipsa horribiles existunt saepe formidines.', '0', '2024-01-29 14:53:49');
INSERT INTO "notifications" ("id", "user_id", "notification_type", "source_id", "message", "is_read", "created_at") VALUES ('24', '77', 'Subscription Renewal', '24', 'Accedere? Statue contra aliquem confectum tantis animi corporisque doloribus, quanti in hominem maximi cadere possunt, nulla spe proposita fore levius aliquando, nulla praeterea neque praesenti nec expectata voluptate.', '1', '2024-01-29 15:02:40');
INSERT INTO "notifications" ("id", "user_id", "notification_type", "source_id", "message", "is_read", "created_at") VALUES ('25', '93', 'Push Notification', '25', 'Amputata circumcisaque inanitate omni et errore naturae.', '1', '2024-01-29 15:06:45');
INSERT INTO "notifications" ("id", "user_id", "notification_type", "source_id", "message", "is_read", "created_at") VALUES ('26', '5', 'Feedback Request', '26', 'Atomum sine causa; quo nihil posset fieri minus; ita effici complexiones et copulationes et adhaesiones atomorum inter se, ex quo efficeretur mundus omnesque partes mundi, quaeque in eo non arbitrantur. Erunt etiam, et ii quidem eruditi.', '0', '2024-01-29 15:14:09');
INSERT INTO "notifications" ("id", "user_id", "notification_type", "source_id", "message", "is_read", "created_at") VALUES ('27', '85', 'Success', '27', 'Dicta sunt ab iis quos probamus, eisque nostrum iudicium et nostrum scribendi ordinem adiungimus.', '0', '2024-01-29 15:16:33');
INSERT INTO "notifications" ("id", "user_id", "notification_type", "source_id", "message", "is_read", "created_at") VALUES ('28', '79', 'Success', '28', 'Modo sapiens erit affectus erga amicum.', '1', '2024-01-29 15:18:14');
INSERT INTO "notifications" ("id", "user_id", "notification_type", "source_id", "message", "is_read", "created_at") VALUES ('29', '42', 'Information', '29', 'Quibus partis confirmatur animus et excelsus omni est liber cura et angore, cum et mortem contemnit, qua qui affecti sunt in eadem.', '1', '2024-01-29 15:22:58');
INSERT INTO "notifications" ("id", "user_id", "notification_type", "source_id", "message", "is_read", "created_at") VALUES ('30', '31', 'Security Alert', '30', 'Directam viam! Cum enim certe nihil homini possit melius esse quam Graecam. Quando enim nobis, vel dicam aut oratoribus bonis aut poetis, postea quidem quam fuit quem imitarentur, ullus orationis.', '0', '2024-01-29 15:27:13');
INSERT INTO "notifications" ("id", "user_id", "notification_type", "source_id", "message", "is_read", "created_at") VALUES ('31', '80', 'Scheduled Maintenance', '31', 'Alias, et quidem locis pluribus. Sed quot homines, tot.', '1', '2024-01-29 15:35:14');
INSERT INTO "notifications" ("id", "user_id", "notification_type", "source_id", "message", "is_read", "created_at") VALUES ('32', '25', 'In-App Message', '32', 'Scaevola: Graecum te, Albuci, quam Romanum.', '1', '2024-01-29 15:36:39');
INSERT INTO "notifications" ("id", "user_id", "notification_type", "source_id", "message", "is_read", "created_at") VALUES ('33', '49', 'Email', '33', 'Sed potius inflammat, ut coercendi magis quam dedocendi esse videantur. Invitat igitur.', '1', '2024-01-29 15:44:01');
INSERT INTO "notifications" ("id", "user_id", "notification_type", "source_id", "message", "is_read", "created_at") VALUES ('34', '84', 'Promotion', '34', 'Scribentur fortasse plura, si vita suppetet; et tamen, qui diligenter haec, quae vitam omnem continent, neglegentur? Nam, ut sint illa vendibiliora, haec uberiora certe sunt. Quamquam id quidem licebit iis existimare, qui legerint. Nos autem hanc omnem quaestionem de finibus bonorum et malorum, id est voluptatem et dolorem? Sunt autem quidam Epicurei timidiores paulo contra vestra.', '0', '2024-01-29 15:52:19');
INSERT INTO "notifications" ("id", "user_id", "notification_type", "source_id", "message", "is_read", "created_at") VALUES ('35', '74', 'SMS', '35', 'Et alliciat suapte natura, non potest esse dubium, quin id sit summum atque extremum bonorum omnium, beateque vivere nihil aliud sit nisi cum voluptate conectitur. Nam et praeterita grate meminit et praesentibus ita potitur, ut animadvertat quanta sint ea quamque iucunda, neque pendet ex.', '0', '2024-01-29 15:59:12');
INSERT INTO "notifications" ("id", "user_id", "notification_type", "source_id", "message", "is_read", "created_at") VALUES ('36', '88', 'Failure', '36', 'Amicitia, quam, si voluptas esset bonum, fuisse.', '1', '2024-01-29 16:04:57');
INSERT INTO "notifications" ("id", "user_id", "notification_type", "source_id", "message", "is_read", "created_at") VALUES ('37', '55', 'Account Verification', '37', 'Molestias accessio potest fieri, quanta ad augendas, cum conscientia factorum, tum poena legum odioque civium? Et tamen in.', '0', '2024-01-29 16:09:18');
INSERT INTO "notifications" ("id", "user_id", "notification_type", "source_id", "message", "is_read", "created_at") VALUES ('38', '5', 'Event Invitation', '38', 'Occulte fecerit, numquam tamen id volunt fieri, difficilem quandam temperantiam postulant in eo, quod sit a dolore corporis praesenti futurove seiunctum. Nec vero quisquam stultus non horum morborum aliquo laborat, nemo igitur est difficilius satis facere.', '0', '2024-01-29 16:18:53');
INSERT INTO "notifications" ("id", "user_id", "notification_type", "source_id", "message", "is_read", "created_at") VALUES ('39', '19', 'SMS', '39', 'E nostris, et scribentur fortasse plura, si vita suppetet.', '0', '2024-01-29 16:27:27');
INSERT INTO "notifications" ("id", "user_id", "notification_type", "source_id", "message", "is_read", "created_at") VALUES ('40', '98', 'Event Invitation', '40', 'Oculis quidem exercitus. -- Quid ex eo credo quibusdam usu venire; ut abhorreant a Latinis, quod inciderint in inculta quaedam et horrida, de malis Graecis Latine scripta deterius. Quibus ego assentior, cum a philosophis compluribus permulta dicantur, cur nec voluptas in bonis sit numeranda nec in malis dolor, non existimant oportere nimium nos causae confidere, sed.', '0', '2024-01-29 16:33:28');
INSERT INTO "notifications" ("id", "user_id", "notification_type", "source_id", "message", "is_read", "created_at") VALUES ('41', '92', 'Subscription Renewal', '41', 'A Menandro solet. Nec vero, ut noster Lucilius, recusabo, quo minus omnes.', '0', '2024-01-29 16:36:17');
INSERT INTO "notifications" ("id", "user_id", "notification_type", "source_id", "message", "is_read", "created_at") VALUES ('42', '23', 'Promotion', '42', 'Rebus emolumenti, quae pariuntur iniuria. Itaque ne iustitiam quidem recte quis dixerit per se ipsam causam non multo.', '1', '2024-01-29 16:42:02');
INSERT INTO "notifications" ("id", "user_id", "notification_type", "source_id", "message", "is_read", "created_at") VALUES ('43', '4', 'Feedback Request', '43', 'Quod et posse fieri intellegimus et saepe disserui, Latinam linguam non modo non impediri rationem amicitiae, si summum.', '0', '2024-01-29 16:46:17');
INSERT INTO "notifications" ("id", "user_id", "notification_type", "source_id", "message", "is_read", "created_at") VALUES ('44', '87', 'Account Verification', '44', 'Et mortem contemnit, qua qui est imbutus quietus esse numquam potest. Praeterea bona praeterita grata recordatione renovata delectant. Est autem situm in nobis ut et voluptates et dolores.', '1', '2024-01-29 16:52:34');
INSERT INTO "notifications" ("id", "user_id", "notification_type", "source_id", "message", "is_read", "created_at") VALUES ('45', '18', 'Password Change Request', '45', 'Omnes bene sanos ad iustitiam.', '0', '2024-01-29 17:00:32');
INSERT INTO "notifications" ("id", "user_id", "notification_type", "source_id", "message", "is_read", "created_at") VALUES ('46', '11', 'Promotion', '46', 'Individua propter soliditatem, censet in infinito inani, in quo a.', '0', '2024-01-29 17:09:25');
INSERT INTO "notifications" ("id", "user_id", "notification_type", "source_id", "message", "is_read", "created_at") VALUES ('47', '38', 'Update', '47', 'Saluto: ''chaere,'' inquam, ''Tite!'' lictores, turma omnis chorusque: ''chaere, Tite!'' hinc hostis mi.', '1', '2024-01-29 17:16:52');
INSERT INTO "notifications" ("id", "user_id", "notification_type", "source_id", "message", "is_read", "created_at") VALUES ('48', '62', 'Webhook', '48', 'Et angusti aut omnia semper desperantes aut malivoli, invidi, difficiles, lucifugi, maledici.', '1', '2024-01-29 17:24:19');
INSERT INTO "notifications" ("id", "user_id", "notification_type", "source_id", "message", "is_read", "created_at") VALUES ('49', '29', 'Push Notification', '49', 'Ut aut voluptates omittantur maiorum voluptatum adipiscendarum causa aut dolores suscipiantur maiorum dolorum effugiendorum gratia.', '0', '2024-01-29 17:31:54');
INSERT INTO "notifications" ("id", "user_id", "notification_type", "source_id", "message", "is_read", "created_at") VALUES ('50', '100', 'Success', '50', 'Re mihi non aeque satisfacit, et quidem.', '1', '2024-01-29 17:40:31');
INSERT INTO "notifications" ("id", "user_id", "notification_type", "source_id", "message", "is_read", "created_at") VALUES ('51', '10', 'Promotion', '51', 'Ambigua distinguantur ostendit; iudicia rerum in sensibus ponit, quibus si semel aliquid falsi pro vero probatum sit, sublatum esse omne iudicium veri et falsi putat. Confirmat.', '0', '2024-01-29 17:50:09');
INSERT INTO "notifications" ("id", "user_id", "notification_type", "source_id", "message", "is_read", "created_at") VALUES ('52', '81', 'Success', '52', 'Fructuosam relinqueret? Non ergo Epicurus ineruditus, sed ii indocti.', '0', '2024-01-29 17:56:39');
INSERT INTO "notifications" ("id", "user_id", "notification_type", "source_id", "message", "is_read", "created_at") VALUES ('53', '20', 'Security Alert', '53', 'Pueriliter, tum ne efficit quidem, quod vult. Nam et ipsa declinatio ad libidinem fingitur -- ait enim declinare atomum sine.', '1', '2024-01-29 18:01:37');
INSERT INTO "notifications" ("id", "user_id", "notification_type", "source_id", "message", "is_read", "created_at") VALUES ('54', '69', 'Event Invitation', '54', 'In hominum consuetudine facilius fieri poterit et iustius? Sunt autem, qui dicant foedus esse quoddam sapientium, ut ne minus amicos quam se ipsos amentur. Etenim si delectamur, cum scribimus, quis est tam invidus, qui ab eo dissentiunt, sed certe non.', '1', '2024-01-29 18:05:54');
INSERT INTO "notifications" ("id", "user_id", "notification_type", "source_id", "message", "is_read", "created_at") VALUES ('55', '66', 'Email', '55', 'Potest non modo voluptatem esse, verum etiam summam voluptatem. Quisquis enim sentit, quem ad.', '1', '2024-01-29 18:10:01');
INSERT INTO "notifications" ("id", "user_id", "notification_type", "source_id", "message", "is_read", "created_at") VALUES ('56', '23', 'Event Invitation', '56', 'Qui e nostris aliter existimant, quos quidem video esse multos, sed imperitos --, quamquam.', '0', '2024-01-29 18:13:40');
INSERT INTO "notifications" ("id", "user_id", "notification_type", "source_id", "message", "is_read", "created_at") VALUES ('57', '93', 'Webhook', '57', 'Ullamco laboris nisi ut aliquid ex ea commodi consequatur? Quis autem vel eum iure reprehenderit, qui in una virtute ponunt et splendore nominis capti.', '1', '2024-01-29 18:18:38');
INSERT INTO "notifications" ("id", "user_id", "notification_type", "source_id", "message", "is_read", "created_at") VALUES ('58', '13', 'Event Invitation', '58', 'Appareat, doctrina mediocris. Ego autem quem timeam lectorem, cum ad me accedis, saluto: ''chaere.', '0', '2024-01-29 18:24:35');
INSERT INTO "notifications" ("id", "user_id", "notification_type", "source_id", "message", "is_read", "created_at") VALUES ('59', '67', 'Warning', '59', 'Quas appellat, id est voluptatem. Homines optimi non intellegunt totam rationem everti, si ita res se habeat. Nam si dicent ab illis has res esse tractatas, ne ipsos.', '1', '2024-01-29 18:31:03');
INSERT INTO "notifications" ("id", "user_id", "notification_type", "source_id", "message", "is_read", "created_at") VALUES ('60', '78', 'Reminder', '60', 'Hominem maximi cadere possunt, nulla spe proposita fore levius aliquando, nulla praeterea neque praesenti nec expectata voluptate, quid eo miserius dici aut fingi potest? Quodsi vita doloribus referta.', '1', '2024-01-29 18:32:57');
INSERT INTO "notifications" ("id", "user_id", "notification_type", "source_id", "message", "is_read", "created_at") VALUES ('61', '27', 'Security Alert', '61', 'Sed similia fere dici possunt. Ut enim medicorum scientiam non ipsius artis, sed bonae valetudinis causa probamus, et gubernatoris ars, quia bene navigandi rationem habet, utilitate.', '1', '2024-01-29 18:39:22');
INSERT INTO "notifications" ("id", "user_id", "notification_type", "source_id", "message", "is_read", "created_at") VALUES ('62', '20', 'Security Alert', '62', 'Fieri, difficilem quandam temperantiam postulant in eo, quod semel admissum coerceri reprimique non potest, ut propemodum iustioribus utamur illis, qui omnino avocent a philosophia, quam his, qui rebus infinitis modum constituant in reque eo meliore, quo maior sit, mediocritatem desiderent. Sive enim ad minim veniam, quis nostrum exercitationem ullam corporis suscipit laboriosam.', '0', '2024-01-29 18:45:46');
INSERT INTO "notifications" ("id", "user_id", "notification_type", "source_id", "message", "is_read", "created_at") VALUES ('63', '81', 'Success', '63', 'Gravioribus morbis vitae iucunditas impeditur, quanto.', '1', '2024-01-29 18:46:50');
INSERT INTO "notifications" ("id", "user_id", "notification_type", "source_id", "message", "is_read", "created_at") VALUES ('64', '83', 'In-App Message', '64', 'Voluptatibus nullo dolore nec impediente nec inpendente, quem tandem hoc statu praestabiliorem aut magis expetendum possimus dicere? Inesse enim necesse est aut fastidii delicatissimi. Mihi quidem videtur, inermis ac nudus.', '1', '2024-01-29 18:53:47');
INSERT INTO "notifications" ("id", "user_id", "notification_type", "source_id", "message", "is_read", "created_at") VALUES ('65', '10', 'SMS', '65', 'Bonorum omnium, beateque vivere nihil aliud sit nisi cum voluptate vivere. Huic certae stabilique.', '1', '2024-01-29 18:58:43');
INSERT INTO "notifications" ("id", "user_id", "notification_type", "source_id", "message", "is_read", "created_at") VALUES ('66', '31', 'Reminder', '66', 'Dictum. Sed similia fere dici possunt. Ut enim virtutes, de quibus neque depravate iudicant neque corrupte, nonne ei maximam gratiam.', '1', '2024-01-29 19:05:00');
INSERT INTO "notifications" ("id", "user_id", "notification_type", "source_id", "message", "is_read", "created_at") VALUES ('67', '94', 'Security Alert', '67', 'Discidia, discordiae, seditiones, bella nascuntur, nec eae se foris solum iactant nec tantum in alios caeco impetu incurrunt, sed intus.', '1', '2024-01-29 19:09:59');
INSERT INTO "notifications" ("id", "user_id", "notification_type", "source_id", "message", "is_read", "created_at") VALUES ('68', '62', 'New Feature Announcement', '68', 'Mucius. Ego autem mirari satis non queo unde hoc sit tam insolens domesticarum rerum fastidium. Non est omnino.', '1', '2024-01-29 19:18:59');
INSERT INTO "notifications" ("id", "user_id", "notification_type", "source_id", "message", "is_read", "created_at") VALUES ('69', '61', 'New Feature Announcement', '69', 'Ipsos amentur. Etenim si loca, si fana, si urbes, si gymnasia, si campum, si canes, si equos, si ludicra exercendi aut venandi consuetudine adamare solemus, quanto id in hominum consuetudine facilius fieri poterit et iustius? Sunt.', '0', '2024-01-29 19:26:21');
INSERT INTO "notifications" ("id", "user_id", "notification_type", "source_id", "message", "is_read", "created_at") VALUES ('70', '74', 'Scheduled Maintenance', '70', 'Doctrina mediocris. Ego autem quem timeam lectorem, cum ad me de virtute misisti. Sed.', '0', '2024-01-29 19:32:52');
INSERT INTO "notifications" ("id", "user_id", "notification_type", "source_id", "message", "is_read", "created_at") VALUES ('71', '91', 'Warning', '71', 'Cupiditatum nec modus est neque honoris neque imperii nec libidinum nec epularum nec reliquarum cupiditatum, quas nulla praeda umquam improbe parta minuit, sed potius inflammat, ut coercendi magis quam dedocendi esse videantur. Invitat igitur vera ratio bene sanos in viam placatae, tranquillae.', '1', '2024-01-29 19:39:54');
INSERT INTO "notifications" ("id", "user_id", "notification_type", "source_id", "message", "is_read", "created_at") VALUES ('72', '6', 'Password Change Request', '72', 'Ad minuendas vitae molestias accessio potest fieri, quanta ad augendas.', '1', '2024-01-29 19:41:21');
INSERT INTO "notifications" ("id", "user_id", "notification_type", "source_id", "message", "is_read", "created_at") VALUES ('73', '48', 'Security Alert', '73', 'Amicitia, et amicitia cum voluptate vivere. Nec enim habet nostra mens quicquam.', '1', '2024-01-29 19:46:02');
INSERT INTO "notifications" ("id", "user_id", "notification_type", "source_id", "message", "is_read", "created_at") VALUES ('74', '30', 'Failure', '74', 'Studiose antiqua persequeris, claris et fortibus viris commemorandis eorumque factis non emolumento aliquo, sed ipsius honestatis decore laudandis, id totum evertitur eo delectu rerum, quem modo dixi, constituto, ut aut.', '1', '2024-01-29 19:49:35');
INSERT INTO "notifications" ("id", "user_id", "notification_type", "source_id", "message", "is_read", "created_at") VALUES ('75', '3', 'Account Verification', '75', 'Sed possunt haec quadam ratione dici non necesse est. Tribus igitur modis video esse a nostris non legantur? Quamquam, si plane sic verterem Platonem aut Aristotelem, ut verterunt nostri poetae fabulas, male, credo, mererer de meis civibus, si ad eorum cognitionem divina illa ingenia transferrem. Sed id neque feci adhuc nec mihi illud dixeris: ''Haec enim.', '0', '2024-01-29 19:57:39');
INSERT INTO "notifications" ("id", "user_id", "notification_type", "source_id", "message", "is_read", "created_at") VALUES ('76', '79', 'Event Invitation', '76', 'Contra Cyrenaicos satis acute, nihil ad iucunde vivendum reperiri posse, quod coniunctione tali sit aptius. Quibus ex omnibus iudicari potest non modo non repugnantibus.', '1', '2024-01-29 20:00:53');
INSERT INTO "notifications" ("id", "user_id", "notification_type", "source_id", "message", "is_read", "created_at") VALUES ('77', '2', 'Email', '77', 'Se libidinibus constringendos nec quid eventurum sit provident ob eamque causam propter voluptatem et parvam et non necessariam.', '0', '2024-01-29 20:08:58');
INSERT INTO "notifications" ("id", "user_id", "notification_type", "source_id", "message", "is_read", "created_at") VALUES ('78', '51', 'Scheduled Maintenance', '78', 'Eo, quod semel admissum coerceri reprimique non potest, ut errem, sed ita sentio et saepe disserui, Latinam linguam non modo voluptatem esse, verum etiam summam voluptatem. Quisquis enim.', '1', '2024-01-29 20:17:48');
INSERT INTO "notifications" ("id", "user_id", "notification_type", "source_id", "message", "is_read", "created_at") VALUES ('79', '83', 'Webhook', '79', 'Pariatur? At vero eos et accusamus et iusto odio dignissimos ducimus, qui blanditiis praesentium voluptatum deleniti atque corrupti, quos dolores et quas molestias excepturi sint, obcaecati cupiditate non provident, similique sunt in.', '1', '2024-01-29 20:24:51');
INSERT INTO "notifications" ("id", "user_id", "notification_type", "source_id", "message", "is_read", "created_at") VALUES ('80', '54', 'Information', '80', 'Cum memoriter, tum etiam erga nos amice et benivole collegisti, nec me.', '1', '2024-01-29 20:25:56');
INSERT INTO "notifications" ("id", "user_id", "notification_type", "source_id", "message", "is_read", "created_at") VALUES ('81', '61', 'Scheduled Maintenance', '81', 'Declarant, in quibus nulla solida utilitas omnisque puerilis est delectatio, aut se, ut Plato, in musicis, geometria, numeris, astris contereret, quae et.', '1', '2024-01-29 20:29:11');
INSERT INTO "notifications" ("id", "user_id", "notification_type", "source_id", "message", "is_read", "created_at") VALUES ('82', '74', 'Reminder', '82', 'Melius viveremus, eas ergo artes persequeretur, vivendi artem tantam tamque et operosam et perinde fructuosam relinqueret? Non ergo Epicurus ineruditus, sed ii indocti, qui, quae pueros non.', '1', '2024-01-29 20:32:21');
INSERT INTO "notifications" ("id", "user_id", "notification_type", "source_id", "message", "is_read", "created_at") VALUES ('83', '90', 'Promotion', '83', 'Cur nec voluptas in bonis sit numeranda nec in malis dolor, non existimant oportere nimium nos causae confidere, sed et.', '1', '2024-01-29 20:38:03');
INSERT INTO "notifications" ("id", "user_id", "notification_type", "source_id", "message", "is_read", "created_at") VALUES ('84', '37', 'Event Invitation', '84', 'Haec et quae sequamur et quae fugiamus.', '1', '2024-01-29 20:47:25');
INSERT INTO "notifications" ("id", "user_id", "notification_type", "source_id", "message", "is_read", "created_at") VALUES ('85', '38', 'Update', '85', 'Quidem Graecos est cur tam multos legant, quam.', '0', '2024-01-29 20:51:43');
INSERT INTO "notifications" ("id", "user_id", "notification_type", "source_id", "message", "is_read", "created_at") VALUES ('86', '81', 'Webhook', '86', 'Incurrunt, sed intus etiam in animis inclusae inter se dissident atque discordant, ex quo intellegitur nec timiditatem ignaviamque vituperari nec fortitudinem patientiamque laudari suo nomine, sed illas reici, quia dolorem pariant, has optari, quia voluptatem. Iustitia restat, ut de utilitatibus, nihil ut de commodis suis cogitarent? At id ne ferae quidem faciunt, ut ita dicam, et.', '1', '2024-01-29 20:56:00');
INSERT INTO "notifications" ("id", "user_id", "notification_type", "source_id", "message", "is_read", "created_at") VALUES ('87', '51', 'Account Verification', '87', 'Opinemur. Quod idem licet transferre in voluptatem, ut ea maior sit, mediocritatem desiderent. Sive enim ad sapientiam perveniri potest, non paranda nobis solum ea, sed fruenda etiam sapientia.', '1', '2024-01-29 20:57:52');
INSERT INTO "notifications" ("id", "user_id", "notification_type", "source_id", "message", "is_read", "created_at") VALUES ('88', '98', 'Failure', '88', 'Sensum moveat, nulla successerit, eoque intellegi potest quanta voluptas sit non dolere. Sed ut omittam pericula, labores, dolorem etiam, quem optimus.', '0', '2024-01-29 21:04:14');
INSERT INTO "notifications" ("id", "user_id", "notification_type", "source_id", "message", "is_read", "created_at") VALUES ('89', '47', 'Feedback Request', '89', 'Etiam, quem optimus quisque pro patria et.', '0', '2024-01-29 21:11:21');
INSERT INTO "notifications" ("id", "user_id", "notification_type", "source_id", "message", "is_read", "created_at") VALUES ('90', '18', 'Information', '90', 'Ad minuendas vitae molestias accessio potest fieri, quanta ad augendas, cum conscientia factorum, tum poena legum.', '0', '2024-01-29 21:21:13');
INSERT INTO "notifications" ("id", "user_id", "notification_type", "source_id", "message", "is_read", "created_at") VALUES ('91', '95', 'System Alert', '91', 'Quidem, sicut alia; sed neque tam docti tum erant, ad quorum iudicium elaboraret, et sunt illius scripta leviora, ut urbanitas.', '0', '2024-01-29 21:30:09');
INSERT INTO "notifications" ("id", "user_id", "notification_type", "source_id", "message", "is_read", "created_at") VALUES ('92', '6', 'Webhook', '92', 'Epicuri disciplinam placet an de una voluptate quaeri, de qua omne certamen est? Tuo vero id quidem, inquam, arbitratu. Sic faciam igitur, inquit: unam.', '1', '2024-01-29 21:39:02');
INSERT INTO "notifications" ("id", "user_id", "notification_type", "source_id", "message", "is_read", "created_at") VALUES ('93', '84', 'Reminder', '93', 'Vero probatum sit, sublatum esse omne iudicium veri et falsi putat. Confirmat autem illud vel maxime, quod ipsa natura divitias.', '0', '2024-01-29 21:40:45');
INSERT INTO "notifications" ("id", "user_id", "notification_type", "source_id", "message", "is_read", "created_at") VALUES ('94', '48', 'Webhook', '94', 'Necesse est, non expeteretur, si nihil tale metuamus. Iam illud quidem perspicuum est, maximam animi aut voluptatem aut molestiam plus aut ad bene vivendum aptior partitio.', '0', '2024-01-29 21:46:55');
INSERT INTO "notifications" ("id", "user_id", "notification_type", "source_id", "message", "is_read", "created_at") VALUES ('95', '23', 'Security Alert', '95', 'Voluptatibus maiores alias consequatur aut perferendis doloribus asperiores repellat. Hanc ego cum teneam sententiam, quid est enim contra Cyrenaicos satis acute, nihil ad Epicurum. Nam si ea sola voluptas esset, quae quasi delapsa de caelo est.', '0', '2024-01-29 21:49:20');
INSERT INTO "notifications" ("id", "user_id", "notification_type", "source_id", "message", "is_read", "created_at") VALUES ('96', '73', 'In-App Message', '96', 'Deinde ibidem homo acutus, cum illud ocurreret.', '0', '2024-01-29 21:58:04');
INSERT INTO "notifications" ("id", "user_id", "notification_type", "source_id", "message", "is_read", "created_at") VALUES ('97', '36', 'SMS', '97', 'Tibi videtur de voluptatibus suis cogitavisse? Sed ut omittam pericula, labores, dolorem etiam, quem optimus.', '1', '2024-01-29 22:06:27');
INSERT INTO "notifications" ("id", "user_id", "notification_type", "source_id", "message", "is_read", "created_at") VALUES ('98', '44', 'New Feature Announcement', '98', 'Carum esse iucundum est propterea, quia tutiorem vitam et voluptatem ipsam per se laetitiam, id.', '0', '2024-01-29 22:11:46');
INSERT INTO "notifications" ("id", "user_id", "notification_type", "source_id", "message", "is_read", "created_at") VALUES ('99', '100', 'Scheduled Maintenance', '99', 'Nam cum ignoratione rerum bonarum et malarum maxime hominum vita vexetur, ob eumque errorem et voluptatibus.', '0', '2024-01-29 22:18:10');
INSERT INTO "notifications" ("id", "user_id", "notification_type", "source_id", "message", "is_read", "created_at") VALUES ('100', '69', 'Update', '100', 'Legimus libenter et legemus --, haec, quae de philosophia litteris mandamus, legere assueverit, iudicabit nulla ad legendum his esse potiora. Quid est enim in vita tantopere.', '0', '2024-01-29 22:21:40');

INSERT INTO "post_hashtags" ("post_id", "hashtag_id") VALUES ('25', '77');
INSERT INTO "post_hashtags" ("post_id", "hashtag_id") VALUES ('36', '77');
INSERT INTO "post_hashtags" ("post_id", "hashtag_id") VALUES ('55', '43');
INSERT INTO "post_hashtags" ("post_id", "hashtag_id") VALUES ('38', '29');
INSERT INTO "post_hashtags" ("post_id", "hashtag_id") VALUES ('78', '68');
INSERT INTO "post_hashtags" ("post_id", "hashtag_id") VALUES ('89', '78');
INSERT INTO "post_hashtags" ("post_id", "hashtag_id") VALUES ('68', '34');
INSERT INTO "post_hashtags" ("post_id", "hashtag_id") VALUES ('28', '13');
INSERT INTO "post_hashtags" ("post_id", "hashtag_id") VALUES ('27', '53');
INSERT INTO "post_hashtags" ("post_id", "hashtag_id") VALUES ('45', '47');
INSERT INTO "post_hashtags" ("post_id", "hashtag_id") VALUES ('2', '28');
INSERT INTO "post_hashtags" ("post_id", "hashtag_id") VALUES ('12', '28');
INSERT INTO "post_hashtags" ("post_id", "hashtag_id") VALUES ('32', '27');
INSERT INTO "post_hashtags" ("post_id", "hashtag_id") VALUES ('68', '46');
INSERT INTO "post_hashtags" ("post_id", "hashtag_id") VALUES ('18', '64');
INSERT INTO "post_hashtags" ("post_id", "hashtag_id") VALUES ('50', '80');
INSERT INTO "post_hashtags" ("post_id", "hashtag_id") VALUES ('13', '97');
INSERT INTO "post_hashtags" ("post_id", "hashtag_id") VALUES ('100', '12');
INSERT INTO "post_hashtags" ("post_id", "hashtag_id") VALUES ('72', '62');
INSERT INTO "post_hashtags" ("post_id", "hashtag_id") VALUES ('1', '78');
INSERT INTO "post_hashtags" ("post_id", "hashtag_id") VALUES ('67', '56');
INSERT INTO "post_hashtags" ("post_id", "hashtag_id") VALUES ('85', '3');
INSERT INTO "post_hashtags" ("post_id", "hashtag_id") VALUES ('36', '74');
INSERT INTO "post_hashtags" ("post_id", "hashtag_id") VALUES ('84', '37');
INSERT INTO "post_hashtags" ("post_id", "hashtag_id") VALUES ('15', '46');
INSERT INTO "post_hashtags" ("post_id", "hashtag_id") VALUES ('84', '55');
INSERT INTO "post_hashtags" ("post_id", "hashtag_id") VALUES ('81', '51');
INSERT INTO "post_hashtags" ("post_id", "hashtag_id") VALUES ('36', '37');
INSERT INTO "post_hashtags" ("post_id", "hashtag_id") VALUES ('97', '49');
INSERT INTO "post_hashtags" ("post_id", "hashtag_id") VALUES ('6', '16');
INSERT INTO "post_hashtags" ("post_id", "hashtag_id") VALUES ('1', '62');
INSERT INTO "post_hashtags" ("post_id", "hashtag_id") VALUES ('79', '57');
INSERT INTO "post_hashtags" ("post_id", "hashtag_id") VALUES ('86', '88');
INSERT INTO "post_hashtags" ("post_id", "hashtag_id") VALUES ('6', '80');
INSERT INTO "post_hashtags" ("post_id", "hashtag_id") VALUES ('97', '91');
INSERT INTO "post_hashtags" ("post_id", "hashtag_id") VALUES ('8', '98');
INSERT INTO "post_hashtags" ("post_id", "hashtag_id") VALUES ('36', '84');
INSERT INTO "post_hashtags" ("post_id", "hashtag_id") VALUES ('13', '63');
INSERT INTO "post_hashtags" ("post_id", "hashtag_id") VALUES ('19', '38');
INSERT INTO "post_hashtags" ("post_id", "hashtag_id") VALUES ('77', '63');
INSERT INTO "post_hashtags" ("post_id", "hashtag_id") VALUES ('92', '86');
INSERT INTO "post_hashtags" ("post_id", "hashtag_id") VALUES ('35', '51');
INSERT INTO "post_hashtags" ("post_id", "hashtag_id") VALUES ('3', '10');
INSERT INTO "post_hashtags" ("post_id", "hashtag_id") VALUES ('74', '10');
INSERT INTO "post_hashtags" ("post_id", "hashtag_id") VALUES ('85', '39');
INSERT INTO "post_hashtags" ("post_id", "hashtag_id") VALUES ('67', '85');
INSERT INTO "post_hashtags" ("post_id", "hashtag_id") VALUES ('62', '81');
INSERT INTO "post_hashtags" ("post_id", "hashtag_id") VALUES ('38', '66');
INSERT INTO "post_hashtags" ("post_id", "hashtag_id") VALUES ('55', '76');
INSERT INTO "post_hashtags" ("post_id", "hashtag_id") VALUES ('75', '47');
INSERT INTO "post_hashtags" ("post_id", "hashtag_id") VALUES ('22', '84');
INSERT INTO "post_hashtags" ("post_id", "hashtag_id") VALUES ('64', '96');
INSERT INTO "post_hashtags" ("post_id", "hashtag_id") VALUES ('78', '68');
INSERT INTO "post_hashtags" ("post_id", "hashtag_id") VALUES ('4', '60');
INSERT INTO "post_hashtags" ("post_id", "hashtag_id") VALUES ('71', '33');
INSERT INTO "post_hashtags" ("post_id", "hashtag_id") VALUES ('46', '12');
INSERT INTO "post_hashtags" ("post_id", "hashtag_id") VALUES ('82', '65');
INSERT INTO "post_hashtags" ("post_id", "hashtag_id") VALUES ('32', '25');
INSERT INTO "post_hashtags" ("post_id", "hashtag_id") VALUES ('12', '57');
INSERT INTO "post_hashtags" ("post_id", "hashtag_id") VALUES ('83', '70');
INSERT INTO "post_hashtags" ("post_id", "hashtag_id") VALUES ('92', '19');
INSERT INTO "post_hashtags" ("post_id", "hashtag_id") VALUES ('5', '1');
INSERT INTO "post_hashtags" ("post_id", "hashtag_id") VALUES ('69', '78');
INSERT INTO "post_hashtags" ("post_id", "hashtag_id") VALUES ('51', '100');
INSERT INTO "post_hashtags" ("post_id", "hashtag_id") VALUES ('58', '30');
INSERT INTO "post_hashtags" ("post_id", "hashtag_id") VALUES ('41', '65');
INSERT INTO "post_hashtags" ("post_id", "hashtag_id") VALUES ('25', '15');
INSERT INTO "post_hashtags" ("post_id", "hashtag_id") VALUES ('59', '34');
INSERT INTO "post_hashtags" ("post_id", "hashtag_id") VALUES ('6', '85');
INSERT INTO "post_hashtags" ("post_id", "hashtag_id") VALUES ('93', '69');
INSERT INTO "post_hashtags" ("post_id", "hashtag_id") VALUES ('50', '65');
INSERT INTO "post_hashtags" ("post_id", "hashtag_id") VALUES ('26', '6');
INSERT INTO "post_hashtags" ("post_id", "hashtag_id") VALUES ('36', '63');
INSERT INTO "post_hashtags" ("post_id", "hashtag_id") VALUES ('85', '97');
INSERT INTO "post_hashtags" ("post_id", "hashtag_id") VALUES ('72', '23');
INSERT INTO "post_hashtags" ("post_id", "hashtag_id") VALUES ('27', '48');
INSERT INTO "post_hashtags" ("post_id", "hashtag_id") VALUES ('78', '75');
INSERT INTO "post_hashtags" ("post_id", "hashtag_id") VALUES ('22', '81');
INSERT INTO "post_hashtags" ("post_id", "hashtag_id") VALUES ('16', '76');
INSERT INTO "post_hashtags" ("post_id", "hashtag_id") VALUES ('18', '5');
INSERT INTO "post_hashtags" ("post_id", "hashtag_id") VALUES ('2', '47');
INSERT INTO "post_hashtags" ("post_id", "hashtag_id") VALUES ('73', '50');
INSERT INTO "post_hashtags" ("post_id", "hashtag_id") VALUES ('26', '35');
INSERT INTO "post_hashtags" ("post_id", "hashtag_id") VALUES ('46', '16');
INSERT INTO "post_hashtags" ("post_id", "hashtag_id") VALUES ('9', '26');
INSERT INTO "post_hashtags" ("post_id", "hashtag_id") VALUES ('35', '93');
INSERT INTO "post_hashtags" ("post_id", "hashtag_id") VALUES ('34', '96');
INSERT INTO "post_hashtags" ("post_id", "hashtag_id") VALUES ('89', '5');
INSERT INTO "post_hashtags" ("post_id", "hashtag_id") VALUES ('24', '37');
INSERT INTO "post_hashtags" ("post_id", "hashtag_id") VALUES ('2', '29');
INSERT INTO "post_hashtags" ("post_id", "hashtag_id") VALUES ('30', '46');
INSERT INTO "post_hashtags" ("post_id", "hashtag_id") VALUES ('87', '38');
INSERT INTO "post_hashtags" ("post_id", "hashtag_id") VALUES ('24', '79');
INSERT INTO "post_hashtags" ("post_id", "hashtag_id") VALUES ('82', '17');
INSERT INTO "post_hashtags" ("post_id", "hashtag_id") VALUES ('45', '91');
INSERT INTO "post_hashtags" ("post_id", "hashtag_id") VALUES ('91', '62');
INSERT INTO "post_hashtags" ("post_id", "hashtag_id") VALUES ('60', '21');
INSERT INTO "post_hashtags" ("post_id", "hashtag_id") VALUES ('2', '29');
INSERT INTO "post_hashtags" ("post_id", "hashtag_id") VALUES ('12', '8');
INSERT INTO "post_hashtags" ("post_id", "hashtag_id") VALUES ('64', '21');

INSERT INTO "posts" ("id", "user_id", "content", "image_url", "video_url", "created_at", "updated_at", "is_deleted") VALUES ('1', '14', 'Adipiscuntur praetermittenda voluptate. Idem etiam dolorem saepe perpetiuntur, ne, si amicitiam propter nostram voluptatem expetendam putemus, tota amicitia.', 'https://patch.com/igitur/inquit/unam/imperii.bmp?constringendos&nec', 'https://ft.com/intereant/cotidie/quae/etsi/mihi/aliquid.db?in&geometriaque&perfecto&huic', '2024-01-29 12:51:07', '2024-02-05 08:08:43', '1');
INSERT INTO "posts" ("id", "user_id", "content", "image_url", "video_url", "created_at", "updated_at", "is_deleted") VALUES ('2', '3', 'Nostris non legantur? Quamquam, si plane sic verterem Platonem aut Aristotelem, ut verterunt nostri poetae fabulas, male, credo.', 'https://webmd.com/gaudere/ut/summo/bono/plane.pgp?seiungi&non&potest&atque&ut', 'https://shop-pro.jp/voluptates/quarum/potiendi/nulli.log?amicitiae&praesidium&esse&firmissimum&sunt', '2024-01-29 12:57:48', '2024-01-30 03:35:43', '1');
INSERT INTO "posts" ("id", "user_id", "content", "image_url", "video_url", "created_at", "updated_at", "is_deleted") VALUES ('3', '51', 'Quae nos a libidinum impetu.', 'https://umich.edu/temporibus/autem/quibusdam/et/aut/patria.bz2?prorsus', 'https://sciencedaily.com/aut/arare/aut/aliquid/non.odg?consumeret&in&quibus', '2024-01-29 13:01:40', '2024-01-31 23:50:57', '1');
INSERT INTO "posts" ("id", "user_id", "content", "image_url", "video_url", "created_at", "updated_at", "is_deleted") VALUES ('4', '5', 'Flagitem. Re mihi non aeque satisfacit, et quidem locis pluribus. Sed quot.', 'https://home.pl/quo/offendimur/dolor/nisi.psd1?ignorare&vos&arbitrer', 'https://de.vu/omnes/bene/certissimam.db?sane&&at', '2024-01-29 13:07:51', '2024-02-08 09:20:39', '0');
INSERT INTO "posts" ("id", "user_id", "content", "image_url", "video_url", "created_at", "updated_at", "is_deleted") VALUES ('5', '69', 'Omne, quo offendimur, dolor, doloris omnis privatio recte nominata est voluptas. Ut enim, cum cibo et.', 'https://live.com/quae/te/ipsum/probaturum/ut.conf?in', 'https://go.com/in/conspectum/suum/venire/vetuit/de.cue?verum&etiam&approbantibus', '2024-01-29 13:14:31', '2024-01-31 01:23:52', '0');
INSERT INTO "posts" ("id", "user_id", "content", "image_url", "video_url", "created_at", "updated_at", "is_deleted") VALUES ('6', '13', 'Cum ad me accedis, saluto: ''chaere,'' inquam, ''Tite!'' lictores, turma omnis chorusque: ''chaere, Tite.', 'https://stumbleupon.com/et/d.cer?cotidieque&inter', 'https://sphinn.com/pleniorem/efficit/itaque/non/ob/faciunt.mshxml?quibus&haec&efficiantur&ignorant&animi', '2024-01-29 13:16:40', '2024-02-03 23:21:29', '0');
INSERT INTO "posts" ("id", "user_id", "content", "image_url", "video_url", "created_at", "updated_at", "is_deleted") VALUES ('7', '89', 'Postremo aliquos futuros suspicor, qui me ad.', 'https://merriam-webster.com/epicurei/et.toml?omnes&mea&legant&utinam', 'https://ameblo.jp/ignorant/animi/autem/voluptates/et/harum.bash?esset&quae&quasi', '2024-01-29 13:22:21', '2024-02-01 08:57:25', '0');
INSERT INTO "posts" ("id", "user_id", "content", "image_url", "video_url", "created_at", "updated_at", "is_deleted") VALUES ('8', '79', 'Ante tractatos? Quid? Epicurei num desistunt de isdem, de quibus ante dictum est, sic amicitiam negant posse a voluptate aut in voluptate velit esse cillum dolore.', 'https://last.fm/igitur/est/inquit/audire/enim/servata.wav?sed&quot&homines&tot', 'https://qq.com/oritur/a/sensibus/qui/si/intellegamus.xml?putarent', '2024-01-29 13:27:07', '2024-02-01 07:14:10', '1');
INSERT INTO "posts" ("id", "user_id", "content", "image_url", "video_url", "created_at", "updated_at", "is_deleted") VALUES ('9', '53', 'Sed quia pacem animis afferat et eos quasi concordia quadam placet ac.', 'https://slideshare.net/rerum/quid/poetarum/evolutio/et.xhtml?scribere&facete&is&quidem', 'https://amazon.de/voluptas/ratione.ps1xml', '2024-01-29 13:30:49', '2024-02-06 16:19:16', '0');
INSERT INTO "posts" ("id", "user_id", "content", "image_url", "video_url", "created_at", "updated_at", "is_deleted") VALUES ('10', '79', 'Quid in omni re doloris amotio successionem efficit voluptatis. Itaque non placuit Epicuro medium esse quiddam inter dolorem et voluptatem; illud enim ipsum, quod quibusdam medium videretur, cum omni dolore detracto, nam quoniam, cum privamur dolore, ipsa liberatione et vacuitate omnis molestiae gaudemus, omne.', 'https://goodreads.com/tranquillae/quietae/beatae/laetitiam.keystore?&itaque&concedo&quod', 'https://yahoo.co.jp/sicut/nostrum/triarium/minus/torquate.jpg?angere&praeterea&et', '2024-01-29 13:31:55', '2024-02-05 17:12:41', '0');
INSERT INTO "posts" ("id", "user_id", "content", "image_url", "video_url", "created_at", "updated_at", "is_deleted") VALUES ('11', '53', 'Varias reprehensiones incurreret. Nam quibusdam, et iis quidem non admodum indoctis, totum hoc displicet philosophari. Quidam autem non tam id reprehendunt, si remissius agatur, sed tantum studium tamque multam operam ponendam in eo quoque elaborare, ut sint opera, studio, labore meo doctiores cives mei, nec cum istis tantopere pugnare, qui Graeca legere malint, modo legant illa.', 'https://usa.gov/isdem/si.txt?ignoratione&rerum', 'https://is.gd/torquem/illum/hosti/cur.pgp?aptius&quibus&ex', '2024-01-29 13:34:18', '2024-02-04 03:46:53', '0');
INSERT INTO "posts" ("id", "user_id", "content", "image_url", "video_url", "created_at", "updated_at", "is_deleted") VALUES ('12', '99', 'Sit, accedere? Statue contra aliquem confectum tantis animi corporisque doloribus, quanti in hominem maximi cadere possunt, nulla spe proposita fore levius aliquando, nulla praeterea neque praesenti nec expectata voluptate, quid.', 'https://pen.io/philosophis/compluribus/permulta/testibus.bmp?potest&non&modo&quid', 'https://surveymonkey.com/quae/probamus.xls?ut&epicuro&placet', '2024-01-29 13:41:25', '2024-02-05 17:16:12', '1');
INSERT INTO "posts" ("id", "user_id", "content", "image_url", "video_url", "created_at", "updated_at", "is_deleted") VALUES ('13', '65', 'Ut enim ad minim veniam, quis nostrud exercitation ullamco laboris nisi ut aliquip ex ea commodo consequat. Duis aute irure dolor in reprehenderit in voluptate est. Extremum autem esse bonorum eum voluptate vivere. Huic certae stabilique.', 'https://archive.org/depravate/iudicant/etiam.pptx?rebus', 'https://ow.ly/putem/caritatem.deb?praetermissum&in&stoicis&legimus', '2024-01-29 13:48:40', '2024-02-02 22:59:43', '1');
INSERT INTO "posts" ("id", "user_id", "content", "image_url", "video_url", "created_at", "updated_at", "is_deleted") VALUES ('14', '80', 'Inmortalibus supplicii causa importari putant. Quae autem inanes sunt, iis parendum non est. Nihil enim desiderabile concupiscunt, plusque in ipsa iniuria detrimenti est quam in iis rebus emolumenti, quae pariuntur iniuria. Itaque ne iustitiam quidem recte quis dixerit per se esse iucunda, per se esset et virtus et.', 'https://discuz.net/convenire/quid.bmp', 'https://ustream.tv/hoc/idem/nullam.pfx?notae&sunt', '2024-01-29 13:54:12', '2024-02-02 08:22:53', '1');
INSERT INTO "posts" ("id", "user_id", "content", "image_url", "video_url", "created_at", "updated_at", "is_deleted") VALUES ('15', '16', 'Multo etiam magis, quorum ille iudicium reformidans Tarentinis ait se.', 'https://netvibes.com/malit/quam/deserere/ullam/officii/ipso.csr', 'https://ebay.co.uk/suscipit/ut/non/dicas/aut.msi?id&autem&res&referuntur&omnes', '2024-01-29 13:56:25', '2024-01-31 11:41:35', '0');
INSERT INTO "posts" ("id", "user_id", "content", "image_url", "video_url", "created_at", "updated_at", "is_deleted") VALUES ('16', '9', 'Latinas ad verbum e Graecis expressas.', 'https://bloomberg.com/epularum/nec/reliquarum/cupiditatum/quas/potest.sh', 'https://blog.com/opibus/aut/gloriae/nullas/enim/vel.sh', '2024-01-29 14:02:43', '2024-01-29 21:42:10', '0');
INSERT INTO "posts" ("id", "user_id", "content", "image_url", "video_url", "created_at", "updated_at", "is_deleted") VALUES ('17', '75', 'Vitae dicta sunt, explicabo. Nemo enim ipsam voluptatem, quia voluptas.', 'https://reference.com/comparat/magna/afficitur/voluptate/dolores/tempus.cer', 'https://unc.edu/et/eo/quidem/consilio/tuum/nihil.svg?sapientia&enim', '2024-01-29 14:04:05', '2024-02-05 04:11:11', '1');
INSERT INTO "posts" ("id", "user_id", "content", "image_url", "video_url", "created_at", "updated_at", "is_deleted") VALUES ('18', '68', 'Quod intellegam; et tamen in quibusdam neque pecuniae modus est neque honoris neque imperii nec libidinum nec epularum nec reliquarum cupiditatum, quas nulla praeda umquam improbe parta minuit, sed potius inflammat, ut coercendi magis quam dedocendi esse videantur. Invitat igitur vera ratio bene sanos.', 'https://macromedia.com/omni/re/doloris/amotio/scribendi.gz?miraretur&ille', 'https://ifeng.com/esse/splendido.img', '2024-01-29 14:11:50', '2024-02-05 17:58:23', '0');
INSERT INTO "posts" ("id", "user_id", "content", "image_url", "video_url", "created_at", "updated_at", "is_deleted") VALUES ('19', '68', 'Causa, nollem me ab eo delectari, quod ista Platonis, Aristoteli, Theophrasti orationis ornamenta neglexerit. Nam illud quidem perspicuum est, maximam.', 'https://senate.gov/esse/dicemus/sed/quia/posse.cue?utilior&aut&ad', 'https://drupal.org/tam/multi/nihil.cmd?inter&principes', '2024-01-29 14:21:11', '2024-02-01 16:58:40', '1');
INSERT INTO "posts" ("id", "user_id", "content", "image_url", "video_url", "created_at", "updated_at", "is_deleted") VALUES ('20', '49', 'Idem Lucilius, apud quem praeclare Scaevola: Graecum te, Albuci, quam Romanum atque Sabinum, municipem Ponti, Tritani, centurionum, praeclarorum hominum ac primorum signiferumque, maluisti dici.', 'http://google.com.hk/modo/si.msh1xml?pendet&ex&futuris', 'https://skype.com/aut/sempiternum/aut/diuturnum/nisi.msh2?sicut&nostrum&triarium&minus', '2024-01-29 14:27:32', '2024-02-04 19:13:59', '0');
INSERT INTO "posts" ("id", "user_id", "content", "image_url", "video_url", "created_at", "updated_at", "is_deleted") VALUES ('21', '12', 'Doctrina erudito, defensa est Epicuri sententia de voluptate, a meque ei responsum, cum C. Triarius.', 'https://jugem.jp/disputationi/dedocendi.odt?ita&prorsus&existimo&neque', 'https://phoca.cz/plena/referatur.xz?mollitia&animi&id&est', '2024-01-29 14:36:18', '2024-02-05 20:01:03', '1');
INSERT INTO "posts" ("id", "user_id", "content", "image_url", "video_url", "created_at", "updated_at", "is_deleted") VALUES ('22', '30', 'Etiam spe eriguntur consequentis ac posteri temporis. Quod quia nullo modo poterimus sensuum iudicia defendere. Quicquid porro animo cernimus, id omne oritur a sensibus.', 'http://stanford.edu/oblivione/obruamus/et/secunda/virtutem.lnk?id', 'https://xrea.com/tali/sit/amicitia.psm1?fortibus&viris&commemorandis', '2024-01-29 14:40:07', '2024-02-06 02:31:35', '1');
INSERT INTO "posts" ("id", "user_id", "content", "image_url", "video_url", "created_at", "updated_at", "is_deleted") VALUES ('23', '75', 'Ad dolorem referuntur, nec praeterea est res ulla, quae sua natura aut sollicitare possit aut angere. Praeterea et appetendi et refugiendi et omnino rerum.', 'https://statcounter.com/diceret/praeterea.php?repugnantiumve&ratio', 'https://china.com.cn/vivere/potest.torrent?ne', '2024-01-29 14:44:32', '2024-01-30 05:46:32', '1');
INSERT INTO "posts" ("id", "user_id", "content", "image_url", "video_url", "created_at", "updated_at", "is_deleted") VALUES ('24', '32', 'Tibi probarentur; si qua in iis corrigere voluit, deteriora fecit. Disserendi artem nullam habuit. Voluptatem cum summum bonum in voluptate est. Extremum autem esse bonorum voluptatem ex infinito tempore aetatis percipi posse, quam ex hoc facillime perspici potest: Constituamus aliquem magnis, multis, perpetuis fruentem et animo et attento intuemur, tum fit ut aegritudo sequatur, si illa.', 'https://epa.gov/benivolentiam/iustioribus.gz?non', 'https://addtoany.com/desideraret/quia/numquam.bz2?summa&appareat', '2024-01-29 14:50:11', '2024-02-01 10:43:07', '0');
INSERT INTO "posts" ("id", "user_id", "content", "image_url", "video_url", "created_at", "updated_at", "is_deleted") VALUES ('25', '52', 'Expetendis, quid fugiat ut extremum malorum? Qua de re cum sit inter doctissimos summa dissensio, quis alienum putet eius esse dignitatis.', 'https://shareasale.com/quid/in/sua.xlsx?eo&quoque&elaborare', 'https://istockphoto.com/ostendit/iudicia/ex.conf?servire&qui&vel&utrisque&litteris', '2024-01-29 14:57:16', '2024-02-03 06:36:31', '1');
INSERT INTO "posts" ("id", "user_id", "content", "image_url", "video_url", "created_at", "updated_at", "is_deleted") VALUES ('26', '55', 'Et ignavi, numquam in sententia permanentes, quas ob causas in eorum vita nulla est intercapedo molestiae. Igitur neque stultorum quisquam beatus neque sapientium non beatus. Multoque.', 'https://dmoz.org/tum/denique/poterit/in.csv?interiret&&at', 'http://gizmodo.com/isdem/de/studuisse.msh?quam&cum&omnia&in', '2024-01-29 14:58:19', '2024-02-08 01:20:33', '1');
INSERT INTO "posts" ("id", "user_id", "content", "image_url", "video_url", "created_at", "updated_at", "is_deleted") VALUES ('27', '69', 'Inter principes civitatis, P. Scaevolam M''.que Manilium, ab iisque M. Brutus dissentiet .', 'https://army.mil/libido/et/ignavia/semper/animum/adipiscuntur.cfg?et', 'https://youtu.be/epicuro/reprehensa/et/correcta/gerendarum.xml?ad&voluptatem&voluptas&autem&est', '2024-01-29 15:02:30', '2024-02-08 08:42:22', '1');
INSERT INTO "posts" ("id", "user_id", "content", "image_url", "video_url", "created_at", "updated_at", "is_deleted") VALUES ('28', '76', 'Mortem contemnit, qua qui est imbutus quietus esse numquam potest. Praeterea bona praeterita non meminerunt, praesentibus non fruuntur, futura modo expectant, quae quia certa esse non possunt et, si essent vera, nihil afferrent.', 'https://furl.net/illius/scripta/leviora/ut/urbanitas/ipso.pssc?pecuniae&studuisse&aut', 'http://pagesperso-orange.fr/molestiae/maerores/quia.html', '2024-01-29 15:09:08', '2024-02-07 12:23:13', '1');
INSERT INTO "posts" ("id", "user_id", "content", "image_url", "video_url", "created_at", "updated_at", "is_deleted") VALUES ('29', '54', 'Quae materia sit, ex qua quaeque res efficiatur, alterum, quae naturales essent nec tamen id, cuius causa haec finxerat, assecutus est. Nam si omnes atomi declinabunt, nullae umquam cohaerescent, sive.', 'https://unicef.org/splendido/nomine/se.dbx?clariora&sunt&si&omnia&deorsus', 'https://about.com/assueverit/iudicabit/nulla/ad/epicurus.csv?duo&quaerenda', '2024-01-29 15:10:59', '2024-01-31 21:50:48', '1');
INSERT INTO "posts" ("id", "user_id", "content", "image_url", "video_url", "created_at", "updated_at", "is_deleted") VALUES ('30', '88', 'Neglegentur? Nam, ut sint illa vendibiliora, haec uberiora certe sunt. Quamquam id quidem.', 'https://typepad.com/tantopere/pugnare/te.css?autem&quondam&a&l', 'https://toplist.cz/dominationis/libidinosarum/etiam/voluptatum/accedunt/latine.htm?videor', '2024-01-29 15:12:37', '2024-02-04 12:43:46', '1');
INSERT INTO "posts" ("id", "user_id", "content", "image_url", "video_url", "created_at", "updated_at", "is_deleted") VALUES ('31', '48', 'Putat Epicurus terminari summam voluptatem, ut postea variari voluptas distinguique possit, augeri amplificarique non possit. At etiam Athenis, ut e patre audiebam facete et urbane Stoicos irridente.', 'https://hatena.ne.jp/satis/hoc/vivendum.vcd?arridens&tu&quidem&inquit&totum', 'https://answers.com/quoniam/nacti/te/est.msi?sint&illa&vendibiliora&haec&uberiora', '2024-01-29 15:13:46', '2024-02-03 01:33:05', '0');
INSERT INTO "posts" ("id", "user_id", "content", "image_url", "video_url", "created_at", "updated_at", "is_deleted") VALUES ('32', '94', 'Circumcisaque inanitate omni et errore naturae finibus contentus sine aegritudine possit et sine metu degendae praesidia firmissima. -- Filium morte multavit. -- Si sine causa, nollem me ab eo et gravissimas res consilio ipsius et ratione.', 'https://ehow.com/alios/a/studiis/quamquam/te/industria.exe?doctrina', 'http://nature.com/quid/huic/triario/litterae/necesse.sql', '2024-01-29 15:19:46', '2024-02-06 02:15:05', '1');
INSERT INTO "posts" ("id", "user_id", "content", "image_url", "video_url", "created_at", "updated_at", "is_deleted") VALUES ('33', '60', 'Minus animus a se repellere, idque facere nondum depravatum ipsa natura divitias, quibus contenta sit, et parabilis et terminatas habet; inanium autem cupiditatum nec modus ullus nec.', 'http://biglobe.ne.jp/iudicandum/est/quae/nisi.csr?siculis&scribere&facete&is', 'https://nhs.uk/aut/zenonem/sint.dbf?nostris', '2024-01-29 15:26:10', '2024-01-30 16:45:47', '1');
INSERT INTO "posts" ("id", "user_id", "content", "image_url", "video_url", "created_at", "updated_at", "is_deleted") VALUES ('34', '77', 'Doloribus referta maxime fugienda est, summum profecto malum est vivere cum dolore, cui.', 'https://nydailynews.com/legendos/putent/res/vero/cum.exe?corpore', 'https://dailymotion.com/sed/ad/cupiditatum.rpm', '2024-01-29 15:31:37', '2024-02-06 16:56:29', '0');
INSERT INTO "posts" ("id", "user_id", "content", "image_url", "video_url", "created_at", "updated_at", "is_deleted") VALUES ('35', '89', 'Vivendi putanda est, non satis politus iis artibus, quas qui tenent, eruditi appellantur -- aut ne deterruisset alios.', 'https://ihg.com/iactare/vestra/se/oratio/tua/adipiscuntur.xhtml?iucunde', 'https://businessweek.com/mutat/voluptatem.deb?ipsius', '2024-01-29 15:34:22', '2024-02-02 17:47:59', '0');
INSERT INTO "posts" ("id", "user_id", "content", "image_url", "video_url", "created_at", "updated_at", "is_deleted") VALUES ('36', '13', 'Dolores autem si qui incurrunt, numquam vim tantam habent, ut non dicas, quid non probes. Principio, inquam, in physicis, quibus maxime gloriatur, primum totus.', 'https://bloomberg.com/quem/quae.html?sensus', 'https://whitehouse.gov/quodsi/ferri.tar?migrare&de&vita&his&rebus', '2024-01-29 15:43:41', '2024-01-31 16:45:22', '1');
INSERT INTO "posts" ("id", "user_id", "content", "image_url", "video_url", "created_at", "updated_at", "is_deleted") VALUES ('37', '23', 'Nostro frequenter audivi, cum mihi nihil sane praeter sedulitatem probarent, omnes mihi Epicuri sententiae satis.', 'https://google.com/sic/ut/plura/nemini/e/ei.asc?ut&earum&motus&et', 'http://wix.com/non/potest/eo.pem?quoniam', '2024-01-29 15:46:49', '2024-02-06 06:01:33', '1');
INSERT INTO "posts" ("id", "user_id", "content", "image_url", "video_url", "created_at", "updated_at", "is_deleted") VALUES ('38', '83', 'Saepe, cur tam multos legant, quam legendi sunt. Quid enim est una, quae maestitiam pellat ex animis, quae nos vocet ad se et alliciat suapte natura, non potest esse dubium, quin id sit summum atque extremum.', 'https://i2i.jp/venire/atque.db?impendet&tum', 'https://simplemachines.org/disserendum/et/rationibus/conquisitis/hostem.pem', '2024-01-29 15:50:09', '2024-02-05 22:54:13', '1');
INSERT INTO "posts" ("id", "user_id", "content", "image_url", "video_url", "created_at", "updated_at", "is_deleted") VALUES ('39', '69', 'Finitas habet cupiditates, neglegit mortem, de diis inmortalibus supplicii causa importari putant. Quae autem de bene beateque vivendo a Platone disputata sunt, haec explicari.', 'https://abc.net.au/chremes/poterit.csr?virtus&et', 'https://hc360.com/torquatis/numquam/hoc/ita/sentire.nrg?sed&multo&etiam', '2024-01-29 15:52:08', '2024-02-05 00:34:55', '0');
INSERT INTO "posts" ("id", "user_id", "content", "image_url", "video_url", "created_at", "updated_at", "is_deleted") VALUES ('40', '43', 'Inquit, sic agam, ut ipsi auctori huius disciplinae placet: constituam, quid et quale sit id, de quo quaerimus, non quo.', 'https://feedburner.com/quae/cum/liberemus.wav?si&voluptas&esset', 'https://stumbleupon.com/omnem/quaestionem/cuius.exe', '2024-01-29 15:55:58', '2024-02-01 20:27:24', '0');
INSERT INTO "posts" ("id", "user_id", "content", "image_url", "video_url", "created_at", "updated_at", "is_deleted") VALUES ('41', '14', 'Consule, ipsi se indicaverunt. Quodsi qui satis sibi contra hominum conscientiam saepti esse et voluptates et dolores animi quam corporis. Nam.', 'https://howstuffworks.com/rationem/habet/utilitate/non/magnis.torrent?ulla', 'https://unblog.fr/genuit/et/cum.pfx?a&dolore', '2024-01-29 16:01:34', '2024-02-07 16:11:17', '1');
INSERT INTO "posts" ("id", "user_id", "content", "image_url", "video_url", "created_at", "updated_at", "is_deleted") VALUES ('42', '88', 'Assentior, dum modo de isdem rebus ne Graecos quidem legendos putent. Res vero.', 'http://arstechnica.com/voluptatem/esse/verum/etiam/oriantur.pptx?aut&expetendas&arbitraretur', 'https://deviantart.com/modo/sunt.png?amarissimam&necesse', '2024-01-29 16:08:00', '2024-01-30 07:31:26', '1');
INSERT INTO "posts" ("id", "user_id", "content", "image_url", "video_url", "created_at", "updated_at", "is_deleted") VALUES ('43', '33', 'Et carum esse iucundum est propterea, quia tutiorem vitam et voluptatem pleniorem efficit. Itaque.', 'https://wordpress.org/instituendarum/voluntates/non.apk?a&diis&inmortalibus', 'https://hao123.com/quia/iucunditatis/vel/plurimum/tam.mdf?quos', '2024-01-29 16:09:52', '2024-02-07 12:14:21', '1');
INSERT INTO "posts" ("id", "user_id", "content", "image_url", "video_url", "created_at", "updated_at", "is_deleted") VALUES ('44', '14', 'Amicos, non nulli patriam, plerique autem se ipsos penitus perdiderunt, sic robustus animus et excelsus omni est liber cura et angore, cum et tibi probatus videretur et iis.', 'http://columbia.edu/quietus/esse/numquam/potest/voluptate.msh?nec&extremum&sit', 'https://boston.com/moderatius/tamen/id/volunt/ad.mdb?ea', '2024-01-29 16:19:10', '2024-02-03 10:34:07', '1');
INSERT INTO "posts" ("id", "user_id", "content", "image_url", "video_url", "created_at", "updated_at", "is_deleted") VALUES ('45', '4', 'Quantum possit, a se repellere, idque facere nondum depravatum ipsa natura incorrupte atque integre iudicante. Itaque negat opus esse ratione neque disputatione, quam ob rem dissentientium inter se.', 'https://seattletimes.com/causa/quo/nihil/nec/quae.asc?id&quod', 'https://weibo.com/nec/finis/inveniri/potest/quodsi/autem.7z?qua&via&captiosa&solvantur&ambigua', '2024-01-29 16:26:12', '2024-02-04 22:41:42', '1');
INSERT INTO "posts" ("id", "user_id", "content", "image_url", "video_url", "created_at", "updated_at", "is_deleted") VALUES ('46', '62', 'Distrahi possint, sic de iustitia iudicandum est, quae non modo voluptatem esse, verum etiam.', 'https://about.com/laudabilis/eo/sed.odg?de&virtute&misisti&sed', 'https://live.com/tollitur/omnis/ratio/magis.pfx?non&aeque&satisfacit', '2024-01-29 16:27:16', '2024-02-02 05:33:26', '1');
INSERT INTO "posts" ("id", "user_id", "content", "image_url", "video_url", "created_at", "updated_at", "is_deleted") VALUES ('47', '83', 'Est ultimum esse bonorum eum voluptate vivere. Huic certae stabilique.', 'https://imageshack.us/molestia/liberemus/ut/enim/noris.json', 'https://people.com.cn/amori/ut.dbf?artifex', '2024-01-29 16:35:33', '2024-02-04 06:29:42', '1');
INSERT INTO "posts" ("id", "user_id", "content", "image_url", "video_url", "created_at", "updated_at", "is_deleted") VALUES ('48', '95', 'Arbitrium suum scribere? Quodsi Graeci leguntur a Graecis isdem de rebus alia ratione compositis, quid est, quod huc possit, quod melius sit, accedere? Statue contra aliquem confectum.', 'https://dailymail.co.uk/meis/civibus/vivere.png?reprimique&non&potest&ut&propemodum', 'https://usa.gov/optimum/omnes.mp3', '2024-01-29 16:40:50', '2024-02-01 23:59:12', '1');
INSERT INTO "posts" ("id", "user_id", "content", "image_url", "video_url", "created_at", "updated_at", "is_deleted") VALUES ('49', '5', 'Praetermittenda voluptate. Idem etiam dolorem saepe perpetiuntur, ne, si amicitiam propter nostram voluptatem expetendam putemus, tota amicitia quasi claudicare videatur. Itaque primos congressus copulationesque et consuetudinum instituendarum voluntates fieri propter voluptatem; cum autem usus progrediens familiaritatem.', 'https://spotify.com/delapsa/de/caelo/est/ad/saepe.msh1?epicurum&paene&e&philosophorum&choro', 'https://skype.com/materia/sit/disseruerunt.apk?coniunctione&tali', '2024-01-29 16:42:13', '2024-01-29 22:49:41', '1');
INSERT INTO "posts" ("id", "user_id", "content", "image_url", "video_url", "created_at", "updated_at", "is_deleted") VALUES ('50', '21', 'Doloremque laudantium, totam rem aperiam eaque ipsa, quae tibi probarentur; si qua in iis rebus emolumenti, quae pariuntur iniuria. Itaque ne iustitiam quidem recte quis dixerit per se laetitiam, id est voluptatem et parvam et non.', 'http://exblog.jp/primo/inter/nos/ea/quae/id.zip?eo', 'http://cmu.edu/et/malorum/est.toml?libero&tempore&cum&soluta&nobis', '2024-01-29 16:49:05', '2024-02-02 03:57:09', '0');
INSERT INTO "posts" ("id", "user_id", "content", "image_url", "video_url", "created_at", "updated_at", "is_deleted") VALUES ('51', '1', 'Ipsos amentur. Etenim si delectamur, cum scribimus, quis est.', 'https://miibeian.gov.cn/sententia/de/voluptate/a/modo.ppt', 'https://yahoo.com/fortibus/sit.scf?requietis&mediocrium&nos&esse', '2024-01-29 16:58:01', '2024-02-01 16:42:05', '0');
INSERT INTO "posts" ("id", "user_id", "content", "image_url", "video_url", "created_at", "updated_at", "is_deleted") VALUES ('52', '45', 'Erroribus animos hominum liberavisse et omnia tradidisse, quae pertinerent ad bene beateque vivendo a Platone disputata sunt, haec explicari non placebit Latine? Quid? Si nos non interpretum fungimur munere, sed tuemur ea, quae audiebamus, conferebamus, neque erat umquam controversia, quid ego intellegerem, sed quid probarem. Quid igitur est? Inquit; audire enim cupio, quid non probes. Principio.', 'http://dmoz.org/amicitia/cum/domus.pgp?iustitia&iudicandum&est&quae&non', 'https://arstechnica.com/sententiae/consentaneum/est/ultimum/esse/ad.mov', '2024-01-29 16:59:51', '2024-02-05 07:04:04', '1');
INSERT INTO "posts" ("id", "user_id", "content", "image_url", "video_url", "created_at", "updated_at", "is_deleted") VALUES ('53', '77', '-- Nihil sane. -- ''At, si.', 'https://techcrunch.com/nobis/voluptas/quid.mkv?legere&malint&modo&legant', 'https://phpbb.com/ignoratione/sublata/et/moderatio/physici.bmp?recte&ferentur&primum&erit', '2024-01-29 17:07:01', '2024-02-05 10:07:27', '0');
INSERT INTO "posts" ("id", "user_id", "content", "image_url", "video_url", "created_at", "updated_at", "is_deleted") VALUES ('54', '43', 'Virtutem iis per se esse fugiendum. Itaque aiunt hanc quasi naturalem atque insitam.', 'https://apple.com/satis/facere/qui/se/latina/scripserit.mdb?quibusdam&usu&venire', 'https://addthis.com/equidem/aut/ipse/doctrinis/fuisset/effecerit.docx?autem&detracta&voluptate&aegritudinem', '2024-01-29 17:16:54', '2024-01-31 11:40:43', '1');
INSERT INTO "posts" ("id", "user_id", "content", "image_url", "video_url", "created_at", "updated_at", "is_deleted") VALUES ('55', '22', 'Quale sit id, de quo quaerimus, non quo ignorare vos arbitrer, sed.', 'https://irs.gov/deinde/torquatus/quoniam/nacti/te/maiestatis.nrg', 'https://bing.com/dicam/aut/oratoribus/bonis/imbutus.ods?ne&si&amicitiam', '2024-01-29 17:20:15', '2024-02-08 16:34:17', '1');
INSERT INTO "posts" ("id", "user_id", "content", "image_url", "video_url", "created_at", "updated_at", "is_deleted") VALUES ('56', '7', 'Fabulas, male, credo, mererer de meis civibus, si ad eorum cognitionem divina illa ingenia transferrem. Sed id neque feci adhuc nec mihi tamen, ne faciam, interdictum puto. Locos quidem quosdam, si videbitur, transferam, et maxime ab iis, quos modo nominavi, cum Attico nostro frequenter.', 'https://sitemeter.com/via/captiosa/solvantur/ambigua/se.bin', 'https://twitpic.com/sale/idem/lucilius/apud/quem/ratio.jsp?eoque&intellegi&potest&quanta&voluptas', '2024-01-29 17:24:23', '2024-01-30 13:06:49', '0');
INSERT INTO "posts" ("id", "user_id", "content", "image_url", "video_url", "created_at", "updated_at", "is_deleted") VALUES ('57', '23', 'Et errore naturae finibus contentus sine aegritudine possit et sine metu vivere. Quae est enim.', 'http://hostgator.com/metu/non/conturbamur/ignoratione/sit.ppt?efficeretur&mundus', 'https://skype.com/libenter/assentiar/probabo/inquit/aut.xhtml?t&torquatus&is', '2024-01-29 17:25:39', '2024-02-06 05:16:15', '0');
INSERT INTO "posts" ("id", "user_id", "content", "image_url", "video_url", "created_at", "updated_at", "is_deleted") VALUES ('58', '92', 'Indoctum fuisse. Fieri, inquam, Triari, nullo pacto potest, ut errem, sed ita prorsus existimo, neque eum Torquatum, qui hoc primus cognomen invenerit, aut torquem illum hosti detraxisse, ut aliquam ex eo est consecutus?', 'https://whitehouse.gov/et/pro/loqueretur.asp?necesse&est&tribus', 'https://ovh.net/fere/a/privatione.rtf?sin&autem', '2024-01-29 17:32:47', '2024-02-04 22:55:21', '0');
INSERT INTO "posts" ("id", "user_id", "content", "image_url", "video_url", "created_at", "updated_at", "is_deleted") VALUES ('59', '94', 'Epicurum nostrum non tu quidem oderis, ut fere faciunt, qui ab eo delectari, quod ista Platonis, Aristoteli, Theophrasti.', 'https://vinaora.com/a/te.mp3?meam&et', 'https://meetup.com/est/enim.avi?placet&autem&detracta&voluptate&aegritudinem', '2024-01-29 17:34:49', '2024-02-08 00:19:00', '1');
INSERT INTO "posts" ("id", "user_id", "content", "image_url", "video_url", "created_at", "updated_at", "is_deleted") VALUES ('60', '21', 'Fugiendum. Itaque aiunt hanc quasi naturalem atque insitam in animis.', 'https://umich.edu/quaerat/voluptatem/ut/enim/virtutes/suscipere.conf?nihil&asperum', 'https://fastcompany.com/numquam/forte.accdb?quibus', '2024-01-29 17:43:25', '2024-02-05 00:20:03', '1');
INSERT INTO "posts" ("id", "user_id", "content", "image_url", "video_url", "created_at", "updated_at", "is_deleted") VALUES ('61', '88', 'Verbis: ''Eadem'', inquit, ''scientia confirmavit animum, ne quod aut sempiternum aut diuturnum timeret malum, quae perspexit in hoc ipso vitae spatio amicitiae praesidium esse firmissimum.'' Sunt autem quidam e nostris, et scribentur fortasse plura, si vita suppetet; et tamen, qui diligenter haec, quae de.', 'https://digg.com/vita/libris.rtf?causa&uterque&venisset&pauca', 'https://dion.ne.jp/lineam/numquam/se.jsp', '2024-01-29 17:45:49', '2024-02-03 00:06:04', '0');
INSERT INTO "posts" ("id", "user_id", "content", "image_url", "video_url", "created_at", "updated_at", "is_deleted") VALUES ('62', '11', 'Ii quidem eruditi Graecis litteris, contemnentes Latinas, qui.', 'https://alibaba.com/fuerit/causa/mox/videro/velint.css?quodsi&vitam&omnem&continent', 'https://wisc.edu/et/laetamur/amicorum/laetitia/quae.txt?beate&vivendum&sapientia&comparaverit&nihil', '2024-01-29 17:55:41', '2024-02-01 08:58:32', '1');
INSERT INTO "posts" ("id", "user_id", "content", "image_url", "video_url", "created_at", "updated_at", "is_deleted") VALUES ('63', '16', 'Magis, quod, cuius in mente consedit, hoc ipso, quod.', 'https://indiatimes.com/idem/voluptate.js?laudari&suo&nomine&sed', 'https://newyorker.com/tamen/male/conversam/repugnantibus.js?fortunae&vel', '2024-01-29 17:58:19', '2024-02-02 19:15:25', '0');
INSERT INTO "posts" ("id", "user_id", "content", "image_url", "video_url", "created_at", "updated_at", "is_deleted") VALUES ('64', '2', 'Ita frui volunt voluptatibus, ut nulli propter eas consequantur.', 'https://icio.us/epicurus/qui/unum/solam.ps1xml?impensa&expleantur', 'https://blogspot.com/comprobavit/quod/quam/magnum/sit/attico.js?iudicium&reformidans&tarentinis&ait', '2024-01-29 18:07:16', '2024-02-02 05:36:23', '1');
INSERT INTO "posts" ("id", "user_id", "content", "image_url", "video_url", "created_at", "updated_at", "is_deleted") VALUES ('65', '30', 'His, qui rebus infinitis modum constituant in reque.', 'https://liveinternet.ru/quid/habent/cur/graeca/anteponant/viderer.aspx?epicuri&propriae', 'https://t-online.de/est/primum/igitur/inquit/esse.7z?iis&bonis&erigimur', '2024-01-29 18:15:41', '2024-01-30 02:54:07', '1');
INSERT INTO "posts" ("id", "user_id", "content", "image_url", "video_url", "created_at", "updated_at", "is_deleted") VALUES ('66', '96', 'Iniuria. Itaque ne iustitiam quidem recte quis dixerit per se esse iucunda, per se.', 'https://networksolutions.com/sit/voluptatem.odt?maius&amicitia&nihil&uberius', 'http://craigslist.org/quid/natura/arbitrantur.xz?dolorem&et&voluptatem&illud', '2024-01-29 18:25:34', '2024-02-01 03:24:35', '1');
INSERT INTO "posts" ("id", "user_id", "content", "image_url", "video_url", "created_at", "updated_at", "is_deleted") VALUES ('67', '54', 'Omne animal, simul atque natum sit, voluptatem appetere eaque gaudere ut summo bono, dolorem aspernari.', 'https://nyu.edu/si/vita/suppetet/et/tamen/in.bz2?respirare&numquam&adquiescere&quodsi&ne', 'https://disqus.com/inanium/nostra.apk?a&l&torquato&homine&omni', '2024-01-29 18:33:45', '2024-02-07 14:52:05', '0');
INSERT INTO "posts" ("id", "user_id", "content", "image_url", "video_url", "created_at", "updated_at", "is_deleted") VALUES ('68', '95', 'Quos quidem video minime esse deterritum. Quae cum dixisset, Explicavi, inquit, sententiam meam, et eo quidem consilio, tuum iudicium ut cognoscerem, quoniam mihi ea facultas, ut id apte fieri possit, ut ab ea nullo modo poterimus sensuum iudicia defendere. Quicquid porro animo cernimus, id.', 'https://examiner.com/non/esse/faciendum/ii/voluptatem/acuti.ogg?iucunde&vivi&nisi&sapienter', 'https://eventbrite.com/oratoribus/quibus.mdf?sapientiam&temperantiam', '2024-01-29 18:42:46', '2024-02-04 22:11:40', '0');
INSERT INTO "posts" ("id", "user_id", "content", "image_url", "video_url", "created_at", "updated_at", "is_deleted") VALUES ('69', '93', 'Etiam oportet in eo, quod semel admissum.', 'https://usnews.com/rem/voluptas/quoque.jsp?nam&ut&terentianus&chremes', 'https://blogs.com/enim/coercendi.wma', '2024-01-29 18:43:53', '2024-02-05 01:42:37', '1');
INSERT INTO "posts" ("id", "user_id", "content", "image_url", "video_url", "created_at", "updated_at", "is_deleted") VALUES ('70', '41', 'In armatum hostem impetum fecisse.', 'https://booking.com/vult/summumque/malum/dolorem/existimo.wav?et&perpetuam&iucunditatem', 'https://si.edu/adoptionem/d/silano/emancipaverat/atque.ogg?eripuit&atomis&nec&tamen', '2024-01-29 18:49:35', '2024-02-06 23:52:20', '1');
INSERT INTO "posts" ("id", "user_id", "content", "image_url", "video_url", "created_at", "updated_at", "is_deleted") VALUES ('71', '25', 'Eo est consecutus? -- Laudem et caritatem, quae sunt vitae sine metu degendae praesidia firmissima. -- Filium morte multavit. -- Si sine causa, nollem me ab eo ortum, tam inportuno tamque crudeli; sin, ut dolore suo sanciret militaris imperii disciplinam exercitumque in gravissimo bello.', 'https://networkadvertising.org/aspernatur/meam.ini?se', 'https://odnoklassniki.ru/multa/venustate/et/omni/sale/romano.ods?et', '2024-01-29 18:54:10', '2024-01-31 13:30:05', '0');
INSERT INTO "posts" ("id", "user_id", "content", "image_url", "video_url", "created_at", "updated_at", "is_deleted") VALUES ('72', '15', 'Modo ista sis aequitate, quam ostendis. Sed uti oratione perpetua malo quam interrogare aut interrogari. Ut placet, inquam. Tum dicere exorsus est. Primum igitur, inquit, sic agam, ut ipsi auctori huius disciplinae placet.', 'http://printfriendly.com/causa/haec/ex.apk', 'https://go.com/legimus/libenter/animos.mdf', '2024-01-29 19:02:20', '2024-02-01 05:28:43', '1');
INSERT INTO "posts" ("id", "user_id", "content", "image_url", "video_url", "created_at", "updated_at", "is_deleted") VALUES ('73', '72', 'Posuit. Ea scientia et verborum vis et.', 'https://ow.ly/et/verborum/vis/et/vel.html?stare&etiam&oportet&in', 'https://netlog.com/omittendis/doloribus/etiamsi/voluptas/ea/et.db?torquatum&qui&hoc&primus&cognomen', '2024-01-29 19:07:01', '2024-02-07 04:58:59', '0');
INSERT INTO "posts" ("id", "user_id", "content", "image_url", "video_url", "created_at", "updated_at", "is_deleted") VALUES ('74', '49', 'Et parvam et non necessariam et quae fugiamus refert omnia. Quod quamquam Aristippi est a Chrysippo praetermissum in Stoicis? Legimus.', 'https://w3.org/vos/arbitrer/sed/eum.aac?nostros', 'https://cargocollective.com/neque/iudicium.aspx?inter&nos&de&litteris&quarum', '2024-01-29 19:16:57', '2024-02-08 08:29:36', '1');
INSERT INTO "posts" ("id", "user_id", "content", "image_url", "video_url", "created_at", "updated_at", "is_deleted") VALUES ('75', '2', 'Aut ipse doctrinis fuisset instructior .', 'https://artisteer.com/eiusmod/tempor/incididunt/ut/labore/sequi.xls?inane&imagines', 'https://berkeley.edu/antiopam/pacuvii/spernat/aut/reiciat/aliquid.asc?totum&evertitur', '2024-01-29 19:22:28', '2024-01-31 01:45:00', '0');
INSERT INTO "posts" ("id", "user_id", "content", "image_url", "video_url", "created_at", "updated_at", "is_deleted") VALUES ('76', '24', 'Restat locus huic disputationi vel maxime necessarius de amicitia, quam, si voluptas esset bonum, fuisse desideraturam. Idcirco enim non desideraret, quia, quod dolore caret, id in voluptate aut in dolore, sed in his rebus instructus semper est in voluptate ponit, quod summum bonum esse vult, summumque malum dolorem, idque instituit docere sic.', 'https://woothemes.com/vero/animi.pssc?neque', 'https://ox.ac.uk/arbitrium/quod.aspx?incidant&in&maiorem&ex', '2024-01-29 19:24:20', '2024-02-01 12:20:21', '1');
INSERT INTO "posts" ("id", "user_id", "content", "image_url", "video_url", "created_at", "updated_at", "is_deleted") VALUES ('77', '86', 'Et contrariis studiis consiliisque semper utens nihil quieti videre, nihil tranquilli potest. Quodsi corporis gravioribus morbis vitae iucunditas impeditur, quanto magis animi morbis impediri necesse est! Animi autem voluptates et dolores animi quam corporis. Nam corpore nihil nisi praesens et quod quaeritur saepe, cur tam multos legant, quam.', 'https://tiny.cc/omnia/beatus.txt?et&necessariae', 'https://businesswire.com/triarius/te/hortatore/facimus/potest.htm?aut&zenonem&putas', '2024-01-29 19:34:16', '2024-02-07 20:31:34', '1');
INSERT INTO "posts" ("id", "user_id", "content", "image_url", "video_url", "created_at", "updated_at", "is_deleted") VALUES ('78', '61', 'Se cohaerescant, ex quo vitam amarissimam necesse est effici, ut sapiens solum amputata circumcisaque inanitate omni et errore naturae finibus contentus sine aegritudine possit et sine.', 'https://macromedia.com/ad/verbum/e/graecis/expressas/temperantiamque.aspx?nulla&spe&proposita&fore', 'https://irs.gov/quos/qui/quorum.msh1xml?animi', '2024-01-29 19:41:58', '2024-02-05 09:26:58', '0');
INSERT INTO "posts" ("id", "user_id", "content", "image_url", "video_url", "created_at", "updated_at", "is_deleted") VALUES ('79', '62', 'Amicitiae non modo non impediri rationem amicitiae, si summum bonum.', 'http://fotki.com/opibus/aut/gloriae/nullas/enim/et.html?ipsum&per&se&ipsa', 'https://spiegel.de/expeteremus/quo/loco/videtur/si.aac', '2024-01-29 19:46:41', '2024-01-31 03:24:34', '1');
INSERT INTO "posts" ("id", "user_id", "content", "image_url", "video_url", "created_at", "updated_at", "is_deleted") VALUES ('80', '26', 'Et dignitatis esse negent. Contra quos omnis dicendum breviter existimo. Quamquam philosophiae quidem vituperatoribus satis responsum est eo libro, quo a populo Romano locatus sum, debeo.', 'https://usgs.gov/potest/constituamus/aliquem/magnis/multis/nostra.ps1xml', 'https://ucla.edu/commodo/consequat/nullam.gz?non', '2024-01-29 19:53:44', '2024-02-02 03:59:51', '1');
INSERT INTO "posts" ("id", "user_id", "content", "image_url", "video_url", "created_at", "updated_at", "is_deleted") VALUES ('81', '96', 'Apte fieri possit, ut ab Homero Ennius, Afranius a Menandro solet.', 'https://hhs.gov/quietus/esse/numquam/potest/romano.asc?l', 'https://kickstarter.com/sic/laetamur/iis/quae/nihil.bash?cursu&ad&voluptatem&proprius&disserendi', '2024-01-29 19:58:29', '2024-02-08 02:09:31', '1');
INSERT INTO "posts" ("id", "user_id", "content", "image_url", "video_url", "created_at", "updated_at", "is_deleted") VALUES ('82', '54', 'Tum ne efficit quidem, quod vult. Nam et complectitur verbis, quod vult, et dicit plane, quod intellegam; et tamen ego a philosopho, si afferat eloquentiam, non asperner, si non habeat, non admodum indoctis, totum hoc displicet philosophari. Quidam autem.', 'https://flavors.me/nec/vero/hoc/oratione/sempiternum.bat?esse', 'https://typepad.com/esse/expetendam/et/dolorem/tamen.psd1?culpa&qui&officia&deserunt&mollit', '2024-01-29 20:07:33', '2024-01-31 12:24:56', '0');
INSERT INTO "posts" ("id", "user_id", "content", "image_url", "video_url", "created_at", "updated_at", "is_deleted") VALUES ('83', '89', 'Si effecerit, et opes vel fortunae vel ingenii liberalitati magis conveniunt, qua qui utuntur, benivolentiam sibi conciliant et, quod aptissimum est ad cognitionem omnium, regula, ad quam omnia.', 'http://naver.com/non/tu/puto.odf?status&perturbatur', 'https://imageshack.us/etiam/bestiae/paene/loquuntur/magistra/perferendis.gpg?ibidem&homo&acutus', '2024-01-29 20:14:37', '2024-02-03 09:17:13', '1');
INSERT INTO "posts" ("id", "user_id", "content", "image_url", "video_url", "created_at", "updated_at", "is_deleted") VALUES ('84', '83', 'Voluptas esset bonum, desideraret.'' -- Ita credo. -- ''Non est igitur voluptas bonum.'' Hoc ne statuam quidem dicturam pater aiebat.', 'https://home.pl/cum/aliquid.jpeg?nihil', 'https://so-net.ne.jp/si/urbes/si/gymnasia/si/haec.aac?magni&dolores&eos', '2024-01-29 20:15:51', '2024-02-02 14:54:58', '1');
INSERT INTO "posts" ("id", "user_id", "content", "image_url", "video_url", "created_at", "updated_at", "is_deleted") VALUES ('85', '53', 'Fieri propter voluptatem; cum autem usus.', 'https://jimdo.com/naturae/finibus/contentus/sine/putemus.bz2?procedat&oratio&quaerimus&igitur&quid', 'https://cloudflare.com/de/iustitia/iudicandum/hanc.mkv?', '2024-01-29 20:22:16', '2024-02-06 21:38:13', '0');
INSERT INTO "posts" ("id", "user_id", "content", "image_url", "video_url", "created_at", "updated_at", "is_deleted") VALUES ('86', '56', 'Fortunae vel ingenii liberalitati magis conveniunt, qua qui affecti sunt in eadem causa sunt, qua ante quam nati, et ad usus civium non inutile, nosque ea scripta reliquaque eiusdem generis et legimus libenter et legemus --, haec, quae vitam.', 'http://friendfeed.com/mediocris/ego/autem/quem/timeam/quae.url?eum&iure&reprehenderit', 'https://qq.com/certe/audiam/quid/et.yml?cum&omni', '2024-01-29 20:28:51', '2024-02-02 07:58:00', '0');
INSERT INTO "posts" ("id", "user_id", "content", "image_url", "video_url", "created_at", "updated_at", "is_deleted") VALUES ('87', '22', 'Numquam vim tantam habent, ut non modo singulos homines, sed universas familias evertunt, totam etiam labefactant saepe rem publicam. Ex cupiditatibus odia, discidia, discordiae.', 'https://nsw.gov.au/iuberet/reque/ex/utraque/motum.dbf?summumque&malum', 'https://opensource.org/studiis/quamquam/te/quidem/voluptate.odg', '2024-01-29 20:35:30', '2024-02-06 09:15:01', '1');
INSERT INTO "posts" ("id", "user_id", "content", "image_url", "video_url", "created_at", "updated_at", "is_deleted") VALUES ('88', '11', 'Perfruique maximis et animi et corporis voluptatibus, videtisne quam nihil praetermittatur quod vitam adiuvet, quo facilius id, quod ipsi statuerunt, non possunt.', 'https://toplist.cz/metuque/omnium.json', 'https://barnesandnoble.com/vel/plurimum/afferat/nam/ut.vcd?quidem', '2024-01-29 20:41:56', '2024-02-02 19:09:15', '1');
INSERT INTO "posts" ("id", "user_id", "content", "image_url", "video_url", "created_at", "updated_at", "is_deleted") VALUES ('89', '14', 'Levius aliquando, nulla praeterea neque praesenti nec expectata voluptate, quid eo miserius dici aut fingi potest? Quodsi vita doloribus referta maxime fugienda est, summum bonum consequamur? Clamat.', 'https://live.com/pondere/ad/lineam/hunc/quae.wav?posset&nec&ulla&pars', 'https://list-manage.com/explicatis/et/triarius.wmv?patiatur&earumque&assidua&recordatione', '2024-01-29 20:50:42', '2024-01-30 21:33:26', '1');
INSERT INTO "posts" ("id", "user_id", "content", "image_url", "video_url", "created_at", "updated_at", "is_deleted") VALUES ('90', '32', 'Maiores esse et muniti videntur, deorum tamen horrent.', 'https://weebly.com/sanguinem/suum/tam/vacuitate.dbf?dici&ab&illo&recta', 'https://nsw.gov.au/utilitate/sanciret.avi?velit&esse&quam&nihil&praetermittatur', '2024-01-29 20:54:44', '2024-02-02 03:21:28', '1');
INSERT INTO "posts" ("id", "user_id", "content", "image_url", "video_url", "created_at", "updated_at", "is_deleted") VALUES ('91', '57', 'Aut inpotenti iniuste facta conducunt, qui nec facile efficere possit, quod conetur, nec optinere, si effecerit, et opes vel fortunae vel ingenii liberalitati magis conveniunt, qua qui utuntur, benivolentiam sibi.', 'https://arizona.edu/tempus/est/ullum/inertissimae.dbx', 'https://jigsy.com/si/amicitiam/propter/quasi.htm?adversarium&aliquem&convincere&accurate', '2024-01-29 20:59:07', '2024-01-30 00:02:49', '0');
INSERT INTO "posts" ("id", "user_id", "content", "image_url", "video_url", "created_at", "updated_at", "is_deleted") VALUES ('92', '29', 'Tum illud in primis, quod, cum in rerum natura duo quaerenda sint, unum, quae materia sit, ex qua quaeque res.', 'https://freewebs.com/ad/voluptatem/sapientia/quos.psc1?andriam&terentii&quam', 'http://msu.edu/legant/ut.mp3?recte', '2024-01-29 21:01:03', '2024-02-02 22:15:06', '0');
INSERT INTO "posts" ("id", "user_id", "content", "image_url", "video_url", "created_at", "updated_at", "is_deleted") VALUES ('93', '96', 'Deterritum. Quae cum dixissem, magis ut illum provocarem quam ut ipse loquerer, tum Triarius leniter arridens: Tu quidem, inquit, totum Epicurum paene e philosophorum choro sustulisti. Quid ei reliquisti, nisi.', 'https://fda.gov/possunt/quod/disserunt/omittantur.sh?tot', 'https://usnews.com/quam/utramque/menandri/legam/a/solum.mdb?graviter&ornateque&dictas&quis&non', '2024-01-29 21:10:34', '2024-02-03 12:07:27', '0');
INSERT INTO "posts" ("id", "user_id", "content", "image_url", "video_url", "created_at", "updated_at", "is_deleted") VALUES ('94', '2', 'Consuetudine facilius fieri poterit et iustius? Sunt autem, qui dicant foedus esse quoddam sapientium, ut ne minus amicos quam se ipsos diligant. Quod et acutum genus.', 'https://un.org/et/sunt/illius/scripta/leviora/minima.json?ad&minim&veniam&quis&nostrud', 'https://domainmarket.com/de/finibus/bonorum/et/malorum/vivere.dbx?ponit&quibus&si&semel', '2024-01-29 21:12:41', '2024-02-04 09:37:52', '0');
INSERT INTO "posts" ("id", "user_id", "content", "image_url", "video_url", "created_at", "updated_at", "is_deleted") VALUES ('95', '52', 'Effugiendorum gratia. Sed de clarorum hominum factis illustribus et gloriosis satis hoc loco dictum sit. Erit enim iam de omnium virtutum cursu ad voluptatem proprius disserendi locus. Nunc.', 'https://amazon.de/saepe/formidines/denique/etiam/mihi.js?etiam&praetereat&omnes&voluptates&dolores', 'https://time.com/eo/eas.gif?impediri&rationem&amicitiae', '2024-01-29 21:19:01', '2024-02-01 23:26:03', '0');
INSERT INTO "posts" ("id", "user_id", "content", "image_url", "video_url", "created_at", "updated_at", "is_deleted") VALUES ('96', '8', 'Neque sapientium non beatus. Multoque hoc melius nos veriusque quam.', 'https://cmu.edu/sunt/quem/ad/modum/temeritas/polyaeno.vcd?cum', 'https://latimes.com/causa/graecum.gif', '2024-01-29 21:26:54', '2024-02-06 01:27:08', '0');
INSERT INTO "posts" ("id", "user_id", "content", "image_url", "video_url", "created_at", "updated_at", "is_deleted") VALUES ('97', '36', 'Natura cupiditatum generibusque earum explicatis, et, ut dixi, ad lineam, numquam fore ut hic noster labor in varias reprehensiones incurreret. Nam quibusdam, et iis quidem non admodum indoctis, totum hoc.', 'https://cdc.gov/hoc/commune/naturae.wav?cum&multa&non&probo&tum', 'http://paginegialle.it/qui/omnino/avocent/a/de.mdb?conducunt&qui&nec&facile', '2024-01-29 21:31:34', '2024-02-03 01:34:58', '0');
INSERT INTO "posts" ("id", "user_id", "content", "image_url", "video_url", "created_at", "updated_at", "is_deleted") VALUES ('98', '21', 'Animi doloribus torqueantur, sapientia est adhibenda, quae et terroribus cupiditatibusque detractis et.', 'http://ezinearticles.com/finibus/contentus/sine/aegritudine/possit/spe.bin?praesentibus', 'http://ted.com/usque/ad/necessarius.html', '2024-01-29 21:39:02', '2024-02-06 21:31:36', '0');
INSERT INTO "posts" ("id", "user_id", "content", "image_url", "video_url", "created_at", "updated_at", "is_deleted") VALUES ('99', '66', 'Vel summum bonorum vel ultimum vel extremum -- quod Graeci telos nominant --, quod ipsum nullam ad aliam rem, ad id autem res referuntur omnes, fatendum est summum.', 'https://mapquest.com/putemus/tota/amicitia/quasi/claudicare/a.jks?semper&sollicitant&turbulentaeque', 'https://nytimes.com/delectari/legantur.sh?humili&animo&inbecilloque&ferre', '2024-01-29 21:48:24', '2024-01-31 12:25:06', '0');
INSERT INTO "posts" ("id", "user_id", "content", "image_url", "video_url", "created_at", "updated_at", "is_deleted") VALUES ('100', '30', 'Ab Homero Ennius, Afranius a Menandro solet. Nec vero, ut noster Lucilius, recusabo, quo minus id, quod maxime placeat, facere possimus, omnis voluptas assumenda est, omnis dolor repellendus. Temporibus autem quibusdam et aut officiis debitis aut rerum necessitatibus saepe eveniet, ut et.', 'https://unc.edu/quidem/non.xlsx?uti&oratione', 'https://foxnews.com/rem/publicam/ex/cupiditatibus/solemus.gpg', '2024-01-29 21:50:35', '2024-02-01 23:16:33', '0');

INSERT INTO "post_shares" ("id", "user_id", "post_id", "shared_at") VALUES ('1', '48', '75', '2024-08-29 20:21:44');
INSERT INTO "post_shares" ("id", "user_id", "post_id", "shared_at") VALUES ('2', '42', '97', '2024-08-08 02:21:03');
INSERT INTO "post_shares" ("id", "user_id", "post_id", "shared_at") VALUES ('3', '33', '75', '2024-10-06 13:27:38');
INSERT INTO "post_shares" ("id", "user_id", "post_id", "shared_at") VALUES ('4', '30', '83', '2024-10-25 18:24:32');
INSERT INTO "post_shares" ("id", "user_id", "post_id", "shared_at") VALUES ('5', '100', '98', '2024-11-30 03:35:40');
INSERT INTO "post_shares" ("id", "user_id", "post_id", "shared_at") VALUES ('6', '32', '61', '2025-01-28 23:39:26');
INSERT INTO "post_shares" ("id", "user_id", "post_id", "shared_at") VALUES ('7', '25', '61', '2024-06-20 16:46:29');
INSERT INTO "post_shares" ("id", "user_id", "post_id", "shared_at") VALUES ('8', '53', '28', '2024-07-10 09:45:14');
INSERT INTO "post_shares" ("id", "user_id", "post_id", "shared_at") VALUES ('9', '83', '98', '2025-01-02 07:51:30');
INSERT INTO "post_shares" ("id", "user_id", "post_id", "shared_at") VALUES ('10', '8', '1', '2024-10-29 03:01:00');
INSERT INTO "post_shares" ("id", "user_id", "post_id", "shared_at") VALUES ('11', '51', '94', '2024-05-07 11:54:31');
INSERT INTO "post_shares" ("id", "user_id", "post_id", "shared_at") VALUES ('12', '21', '57', '2024-03-30 15:55:18');
INSERT INTO "post_shares" ("id", "user_id", "post_id", "shared_at") VALUES ('13', '82', '58', '2024-07-28 01:32:36');
INSERT INTO "post_shares" ("id", "user_id", "post_id", "shared_at") VALUES ('14', '70', '6', '2024-08-01 05:31:57');
INSERT INTO "post_shares" ("id", "user_id", "post_id", "shared_at") VALUES ('15', '1', '32', '2025-01-19 11:46:14');
INSERT INTO "post_shares" ("id", "user_id", "post_id", "shared_at") VALUES ('16', '81', '13', '2025-01-13 23:34:36');
INSERT INTO "post_shares" ("id", "user_id", "post_id", "shared_at") VALUES ('17', '11', '96', '2024-08-14 06:15:17');
INSERT INTO "post_shares" ("id", "user_id", "post_id", "shared_at") VALUES ('18', '5', '16', '2024-06-20 21:09:40');
INSERT INTO "post_shares" ("id", "user_id", "post_id", "shared_at") VALUES ('19', '30', '10', '2024-12-21 14:21:09');
INSERT INTO "post_shares" ("id", "user_id", "post_id", "shared_at") VALUES ('20', '73', '87', '2024-05-31 07:21:37');
INSERT INTO "post_shares" ("id", "user_id", "post_id", "shared_at") VALUES ('21', '18', '7', '2024-12-23 12:53:33');
INSERT INTO "post_shares" ("id", "user_id", "post_id", "shared_at") VALUES ('22', '31', '19', '2024-09-23 01:28:37');
INSERT INTO "post_shares" ("id", "user_id", "post_id", "shared_at") VALUES ('23', '84', '95', '2024-05-11 21:52:51');
INSERT INTO "post_shares" ("id", "user_id", "post_id", "shared_at") VALUES ('24', '91', '89', '2024-05-24 22:01:56');
INSERT INTO "post_shares" ("id", "user_id", "post_id", "shared_at") VALUES ('25', '42', '2', '2024-05-19 10:46:38');
INSERT INTO "post_shares" ("id", "user_id", "post_id", "shared_at") VALUES ('26', '93', '52', '2024-05-25 18:24:42');
INSERT INTO "post_shares" ("id", "user_id", "post_id", "shared_at") VALUES ('27', '94', '82', '2024-09-29 17:51:31');
INSERT INTO "post_shares" ("id", "user_id", "post_id", "shared_at") VALUES ('28', '46', '69', '2024-02-15 20:21:43');
INSERT INTO "post_shares" ("id", "user_id", "post_id", "shared_at") VALUES ('29', '64', '47', '2024-02-24 05:28:11');
INSERT INTO "post_shares" ("id", "user_id", "post_id", "shared_at") VALUES ('30', '19', '47', '2024-06-08 00:26:07');
INSERT INTO "post_shares" ("id", "user_id", "post_id", "shared_at") VALUES ('31', '69', '32', '2024-09-24 12:03:52');
INSERT INTO "post_shares" ("id", "user_id", "post_id", "shared_at") VALUES ('32', '79', '9', '2024-11-24 12:34:36');
INSERT INTO "post_shares" ("id", "user_id", "post_id", "shared_at") VALUES ('33', '19', '11', '2025-01-16 20:21:20');
INSERT INTO "post_shares" ("id", "user_id", "post_id", "shared_at") VALUES ('34', '53', '22', '2025-01-27 18:21:01');
INSERT INTO "post_shares" ("id", "user_id", "post_id", "shared_at") VALUES ('35', '95', '36', '2024-05-22 03:27:20');
INSERT INTO "post_shares" ("id", "user_id", "post_id", "shared_at") VALUES ('36', '36', '19', '2024-08-10 14:03:50');
INSERT INTO "post_shares" ("id", "user_id", "post_id", "shared_at") VALUES ('37', '77', '76', '2024-06-28 13:49:39');
INSERT INTO "post_shares" ("id", "user_id", "post_id", "shared_at") VALUES ('38', '28', '2', '2024-04-05 05:06:24');
INSERT INTO "post_shares" ("id", "user_id", "post_id", "shared_at") VALUES ('39', '38', '5', '2024-09-08 21:52:31');
INSERT INTO "post_shares" ("id", "user_id", "post_id", "shared_at") VALUES ('40', '79', '10', '2024-09-08 14:48:40');
INSERT INTO "post_shares" ("id", "user_id", "post_id", "shared_at") VALUES ('41', '6', '61', '2024-07-15 11:28:55');
INSERT INTO "post_shares" ("id", "user_id", "post_id", "shared_at") VALUES ('42', '85', '41', '2024-03-02 23:01:19');
INSERT INTO "post_shares" ("id", "user_id", "post_id", "shared_at") VALUES ('43', '24', '60', '2024-09-24 18:36:51');
INSERT INTO "post_shares" ("id", "user_id", "post_id", "shared_at") VALUES ('44', '5', '7', '2024-03-06 14:53:42');
INSERT INTO "post_shares" ("id", "user_id", "post_id", "shared_at") VALUES ('45', '78', '4', '2024-09-14 04:17:56');
INSERT INTO "post_shares" ("id", "user_id", "post_id", "shared_at") VALUES ('46', '59', '30', '2024-06-24 14:33:05');
INSERT INTO "post_shares" ("id", "user_id", "post_id", "shared_at") VALUES ('47', '79', '15', '2024-02-19 09:35:11');
INSERT INTO "post_shares" ("id", "user_id", "post_id", "shared_at") VALUES ('48', '54', '50', '2024-12-30 07:53:09');
INSERT INTO "post_shares" ("id", "user_id", "post_id", "shared_at") VALUES ('49', '9', '49', '2024-06-01 03:25:39');
INSERT INTO "post_shares" ("id", "user_id", "post_id", "shared_at") VALUES ('50', '6', '46', '2024-06-14 21:15:20');
INSERT INTO "post_shares" ("id", "user_id", "post_id", "shared_at") VALUES ('51', '51', '100', '2024-09-17 02:30:18');
INSERT INTO "post_shares" ("id", "user_id", "post_id", "shared_at") VALUES ('52', '19', '89', '2024-10-05 21:10:20');
INSERT INTO "post_shares" ("id", "user_id", "post_id", "shared_at") VALUES ('53', '68', '45', '2024-06-14 07:26:58');
INSERT INTO "post_shares" ("id", "user_id", "post_id", "shared_at") VALUES ('54', '40', '49', '2024-12-16 10:16:07');
INSERT INTO "post_shares" ("id", "user_id", "post_id", "shared_at") VALUES ('55', '41', '5', '2024-03-09 22:13:48');
INSERT INTO "post_shares" ("id", "user_id", "post_id", "shared_at") VALUES ('56', '10', '38', '2024-02-26 11:07:01');
INSERT INTO "post_shares" ("id", "user_id", "post_id", "shared_at") VALUES ('57', '60', '70', '2024-09-24 10:06:28');
INSERT INTO "post_shares" ("id", "user_id", "post_id", "shared_at") VALUES ('58', '50', '100', '2024-05-15 22:20:00');
INSERT INTO "post_shares" ("id", "user_id", "post_id", "shared_at") VALUES ('59', '53', '39', '2025-01-12 14:22:41');
INSERT INTO "post_shares" ("id", "user_id", "post_id", "shared_at") VALUES ('60', '70', '4', '2024-03-08 07:03:50');
INSERT INTO "post_shares" ("id", "user_id", "post_id", "shared_at") VALUES ('61', '32', '59', '2024-06-22 16:21:47');
INSERT INTO "post_shares" ("id", "user_id", "post_id", "shared_at") VALUES ('62', '68', '66', '2024-07-20 11:43:55');
INSERT INTO "post_shares" ("id", "user_id", "post_id", "shared_at") VALUES ('63', '81', '73', '2024-10-09 18:55:27');
INSERT INTO "post_shares" ("id", "user_id", "post_id", "shared_at") VALUES ('64', '41', '5', '2024-09-12 21:50:10');
INSERT INTO "post_shares" ("id", "user_id", "post_id", "shared_at") VALUES ('65', '9', '84', '2024-11-17 23:26:36');
INSERT INTO "post_shares" ("id", "user_id", "post_id", "shared_at") VALUES ('66', '50', '74', '2025-01-02 08:47:04');
INSERT INTO "post_shares" ("id", "user_id", "post_id", "shared_at") VALUES ('67', '43', '24', '2024-03-28 03:28:40');
INSERT INTO "post_shares" ("id", "user_id", "post_id", "shared_at") VALUES ('68', '66', '63', '2024-06-21 02:36:19');
INSERT INTO "post_shares" ("id", "user_id", "post_id", "shared_at") VALUES ('69', '17', '95', '2024-06-01 23:31:14');
INSERT INTO "post_shares" ("id", "user_id", "post_id", "shared_at") VALUES ('70', '10', '30', '2024-08-23 09:34:52');
INSERT INTO "post_shares" ("id", "user_id", "post_id", "shared_at") VALUES ('71', '73', '28', '2025-01-05 15:41:16');
INSERT INTO "post_shares" ("id", "user_id", "post_id", "shared_at") VALUES ('72', '53', '72', '2024-09-25 11:52:39');
INSERT INTO "post_shares" ("id", "user_id", "post_id", "shared_at") VALUES ('73', '95', '46', '2024-06-30 00:28:28');
INSERT INTO "post_shares" ("id", "user_id", "post_id", "shared_at") VALUES ('74', '47', '72', '2024-09-21 08:38:19');
INSERT INTO "post_shares" ("id", "user_id", "post_id", "shared_at") VALUES ('75', '6', '46', '2024-03-29 14:05:48');
INSERT INTO "post_shares" ("id", "user_id", "post_id", "shared_at") VALUES ('76', '28', '49', '2024-02-12 01:33:26');
INSERT INTO "post_shares" ("id", "user_id", "post_id", "shared_at") VALUES ('77', '100', '4', '2024-06-02 00:46:30');
INSERT INTO "post_shares" ("id", "user_id", "post_id", "shared_at") VALUES ('78', '65', '80', '2024-08-03 09:15:38');
INSERT INTO "post_shares" ("id", "user_id", "post_id", "shared_at") VALUES ('79', '3', '42', '2024-08-22 07:55:26');
INSERT INTO "post_shares" ("id", "user_id", "post_id", "shared_at") VALUES ('80', '10', '88', '2024-06-29 14:33:13');
INSERT INTO "post_shares" ("id", "user_id", "post_id", "shared_at") VALUES ('81', '82', '57', '2025-01-30 08:04:28');
INSERT INTO "post_shares" ("id", "user_id", "post_id", "shared_at") VALUES ('82', '20', '100', '2024-08-26 12:46:48');
INSERT INTO "post_shares" ("id", "user_id", "post_id", "shared_at") VALUES ('83', '12', '54', '2024-10-10 08:23:05');
INSERT INTO "post_shares" ("id", "user_id", "post_id", "shared_at") VALUES ('84', '58', '98', '2024-05-02 14:29:53');
INSERT INTO "post_shares" ("id", "user_id", "post_id", "shared_at") VALUES ('85', '35', '72', '2024-04-10 18:43:53');
INSERT INTO "post_shares" ("id", "user_id", "post_id", "shared_at") VALUES ('86', '36', '81', '2024-03-12 20:38:35');
INSERT INTO "post_shares" ("id", "user_id", "post_id", "shared_at") VALUES ('87', '79', '100', '2024-05-21 20:43:10');
INSERT INTO "post_shares" ("id", "user_id", "post_id", "shared_at") VALUES ('88', '1', '65', '2024-07-30 04:01:04');
INSERT INTO "post_shares" ("id", "user_id", "post_id", "shared_at") VALUES ('89', '87', '75', '2025-01-17 11:23:28');
INSERT INTO "post_shares" ("id", "user_id", "post_id", "shared_at") VALUES ('90', '79', '47', '2024-12-02 21:52:11');
INSERT INTO "post_shares" ("id", "user_id", "post_id", "shared_at") VALUES ('91', '91', '3', '2024-09-08 16:09:31');
INSERT INTO "post_shares" ("id", "user_id", "post_id", "shared_at") VALUES ('92', '68', '17', '2024-05-25 20:34:40');
INSERT INTO "post_shares" ("id", "user_id", "post_id", "shared_at") VALUES ('93', '4', '85', '2024-08-30 02:34:05');
INSERT INTO "post_shares" ("id", "user_id", "post_id", "shared_at") VALUES ('94', '2', '40', '2024-05-27 12:17:34');
INSERT INTO "post_shares" ("id", "user_id", "post_id", "shared_at") VALUES ('95', '88', '96', '2024-08-02 11:33:05');
INSERT INTO "post_shares" ("id", "user_id", "post_id", "shared_at") VALUES ('96', '76', '14', '2024-12-06 03:00:03');
INSERT INTO "post_shares" ("id", "user_id", "post_id", "shared_at") VALUES ('97', '97', '90', '2024-09-18 10:09:08');
INSERT INTO "post_shares" ("id", "user_id", "post_id", "shared_at") VALUES ('98', '6', '12', '2024-12-08 17:50:24');
INSERT INTO "post_shares" ("id", "user_id", "post_id", "shared_at") VALUES ('99', '74', '10', '2024-08-22 21:29:12');
INSERT INTO "post_shares" ("id", "user_id", "post_id", "shared_at") VALUES ('100', '19', '92', '2024-03-13 00:41:30');

INSERT INTO "post_tags" ("id", "post_id", "tag_name", "created_at") VALUES ('1', '91', 'history', '2024-01-29 12:51:07');
INSERT INTO "post_tags" ("id", "post_id", "tag_name", "created_at") VALUES ('2', '62', 'entertainment', '2024-01-29 12:59:32');
INSERT INTO "post_tags" ("id", "post_id", "tag_name", "created_at") VALUES ('3', '55', 'finance', '2024-01-29 13:02:11');
INSERT INTO "post_tags" ("id", "post_id", "tag_name", "created_at") VALUES ('4', '97', 'philosophy', '2024-01-29 13:09:06');
INSERT INTO "post_tags" ("id", "post_id", "tag_name", "created_at") VALUES ('5', '83', 'finance', '2024-01-29 13:10:54');
INSERT INTO "post_tags" ("id", "post_id", "tag_name", "created_at") VALUES ('6', '67', 'art', '2024-01-29 13:20:00');
INSERT INTO "post_tags" ("id", "post_id", "tag_name", "created_at") VALUES ('7', '8', 'politics', '2024-01-29 13:26:43');
INSERT INTO "post_tags" ("id", "post_id", "tag_name", "created_at") VALUES ('8', '87', 'art', '2024-01-29 13:34:57');
INSERT INTO "post_tags" ("id", "post_id", "tag_name", "created_at") VALUES ('9', '81', 'politics', '2024-01-29 13:39:51');
INSERT INTO "post_tags" ("id", "post_id", "tag_name", "created_at") VALUES ('10', '53', 'politics', '2024-01-29 13:42:17');
INSERT INTO "post_tags" ("id", "post_id", "tag_name", "created_at") VALUES ('11', '22', 'culture', '2024-01-29 13:43:45');
INSERT INTO "post_tags" ("id", "post_id", "tag_name", "created_at") VALUES ('12', '3', 'sports', '2024-01-29 13:50:46');
INSERT INTO "post_tags" ("id", "post_id", "tag_name", "created_at") VALUES ('13', '24', 'food', '2024-01-29 13:55:39');
INSERT INTO "post_tags" ("id", "post_id", "tag_name", "created_at") VALUES ('14', '43', 'history', '2024-01-29 13:58:08');
INSERT INTO "post_tags" ("id", "post_id", "tag_name", "created_at") VALUES ('15', '29', 'lifestyle', '2024-01-29 14:06:56');
INSERT INTO "post_tags" ("id", "post_id", "tag_name", "created_at") VALUES ('16', '6', 'sports', '2024-01-29 14:15:44');
INSERT INTO "post_tags" ("id", "post_id", "tag_name", "created_at") VALUES ('17', '96', 'music', '2024-01-29 14:23:29');
INSERT INTO "post_tags" ("id", "post_id", "tag_name", "created_at") VALUES ('18', '18', 'art', '2024-01-29 14:29:25');
INSERT INTO "post_tags" ("id", "post_id", "tag_name", "created_at") VALUES ('19', '75', 'environment', '2024-01-29 14:37:22');
INSERT INTO "post_tags" ("id", "post_id", "tag_name", "created_at") VALUES ('20', '55', 'philosophy', '2024-01-29 14:41:15');
INSERT INTO "post_tags" ("id", "post_id", "tag_name", "created_at") VALUES ('21', '19', 'art', '2024-01-29 14:48:28');
INSERT INTO "post_tags" ("id", "post_id", "tag_name", "created_at") VALUES ('22', '52', 'entertainment', '2024-01-29 14:53:22');
INSERT INTO "post_tags" ("id", "post_id", "tag_name", "created_at") VALUES ('23', '66', 'food', '2024-01-29 14:58:22');
INSERT INTO "post_tags" ("id", "post_id", "tag_name", "created_at") VALUES ('24', '23', 'psychology', '2024-01-29 15:05:10');
INSERT INTO "post_tags" ("id", "post_id", "tag_name", "created_at") VALUES ('25', '2', 'science', '2024-01-29 15:08:19');
INSERT INTO "post_tags" ("id", "post_id", "tag_name", "created_at") VALUES ('26', '59', 'culture', '2024-01-29 15:10:45');
INSERT INTO "post_tags" ("id", "post_id", "tag_name", "created_at") VALUES ('27', '2', 'history', '2024-01-29 15:17:17');
INSERT INTO "post_tags" ("id", "post_id", "tag_name", "created_at") VALUES ('28', '100', 'finance', '2024-01-29 15:20:19');
INSERT INTO "post_tags" ("id", "post_id", "tag_name", "created_at") VALUES ('29', '58', 'environment', '2024-01-29 15:25:03');
INSERT INTO "post_tags" ("id", "post_id", "tag_name", "created_at") VALUES ('30', '34', 'politics', '2024-01-29 15:26:45');
INSERT INTO "post_tags" ("id", "post_id", "tag_name", "created_at") VALUES ('31', '15', 'fashion', '2024-01-29 15:29:58');
INSERT INTO "post_tags" ("id", "post_id", "tag_name", "created_at") VALUES ('32', '29', 'business', '2024-01-29 15:37:03');
INSERT INTO "post_tags" ("id", "post_id", "tag_name", "created_at") VALUES ('33', '1', 'business', '2024-01-29 15:40:22');
INSERT INTO "post_tags" ("id", "post_id", "tag_name", "created_at") VALUES ('34', '80', 'politics', '2024-01-29 15:44:47');
INSERT INTO "post_tags" ("id", "post_id", "tag_name", "created_at") VALUES ('35', '1', 'psychology', '2024-01-29 15:49:03');
INSERT INTO "post_tags" ("id", "post_id", "tag_name", "created_at") VALUES ('36', '56', 'travel', '2024-01-29 15:53:35');
INSERT INTO "post_tags" ("id", "post_id", "tag_name", "created_at") VALUES ('37', '38', 'business', '2024-01-29 15:54:47');
INSERT INTO "post_tags" ("id", "post_id", "tag_name", "created_at") VALUES ('38', '26', 'technology', '2024-01-29 16:04:31');
INSERT INTO "post_tags" ("id", "post_id", "tag_name", "created_at") VALUES ('39', '2', 'history', '2024-01-29 16:14:04');
INSERT INTO "post_tags" ("id", "post_id", "tag_name", "created_at") VALUES ('40', '1', 'lifestyle', '2024-01-29 16:15:10');
INSERT INTO "post_tags" ("id", "post_id", "tag_name", "created_at") VALUES ('41', '67', 'lifestyle', '2024-01-29 16:19:41');
INSERT INTO "post_tags" ("id", "post_id", "tag_name", "created_at") VALUES ('42', '27', 'environment', '2024-01-29 16:21:38');
INSERT INTO "post_tags" ("id", "post_id", "tag_name", "created_at") VALUES ('43', '84', 'politics', '2024-01-29 16:27:29');
INSERT INTO "post_tags" ("id", "post_id", "tag_name", "created_at") VALUES ('44', '86', 'psychology', '2024-01-29 16:30:34');
INSERT INTO "post_tags" ("id", "post_id", "tag_name", "created_at") VALUES ('45', '78', 'art', '2024-01-29 16:33:51');
INSERT INTO "post_tags" ("id", "post_id", "tag_name", "created_at") VALUES ('46', '77', 'food', '2024-01-29 16:37:42');
INSERT INTO "post_tags" ("id", "post_id", "tag_name", "created_at") VALUES ('47', '13', 'education', '2024-01-29 16:45:34');
INSERT INTO "post_tags" ("id", "post_id", "tag_name", "created_at") VALUES ('48', '67', 'art', '2024-01-29 16:46:39');
INSERT INTO "post_tags" ("id", "post_id", "tag_name", "created_at") VALUES ('49', '36', 'science', '2024-01-29 16:49:23');
INSERT INTO "post_tags" ("id", "post_id", "tag_name", "created_at") VALUES ('50', '68', 'psychology', '2024-01-29 16:50:52');
INSERT INTO "post_tags" ("id", "post_id", "tag_name", "created_at") VALUES ('51', '100', 'politics', '2024-01-29 16:59:37');
INSERT INTO "post_tags" ("id", "post_id", "tag_name", "created_at") VALUES ('52', '15', 'culture', '2024-01-29 17:00:39');
INSERT INTO "post_tags" ("id", "post_id", "tag_name", "created_at") VALUES ('53', '65', 'art', '2024-01-29 17:08:55');
INSERT INTO "post_tags" ("id", "post_id", "tag_name", "created_at") VALUES ('54', '16', 'psychology', '2024-01-29 17:16:58');
INSERT INTO "post_tags" ("id", "post_id", "tag_name", "created_at") VALUES ('55', '50', 'psychology', '2024-01-29 17:20:40');
INSERT INTO "post_tags" ("id", "post_id", "tag_name", "created_at") VALUES ('56', '33', 'technology', '2024-01-29 17:23:16');
INSERT INTO "post_tags" ("id", "post_id", "tag_name", "created_at") VALUES ('57', '63', 'art', '2024-01-29 17:32:25');
INSERT INTO "post_tags" ("id", "post_id", "tag_name", "created_at") VALUES ('58', '93', 'music', '2024-01-29 17:37:50');
INSERT INTO "post_tags" ("id", "post_id", "tag_name", "created_at") VALUES ('59', '70', 'art', '2024-01-29 17:41:23');
INSERT INTO "post_tags" ("id", "post_id", "tag_name", "created_at") VALUES ('60', '89', 'philosophy', '2024-01-29 17:46:53');
INSERT INTO "post_tags" ("id", "post_id", "tag_name", "created_at") VALUES ('61', '67', 'fashion', '2024-01-29 17:49:20');
INSERT INTO "post_tags" ("id", "post_id", "tag_name", "created_at") VALUES ('62', '95', 'history', '2024-01-29 17:51:23');
INSERT INTO "post_tags" ("id", "post_id", "tag_name", "created_at") VALUES ('63', '81', 'politics', '2024-01-29 17:56:18');
INSERT INTO "post_tags" ("id", "post_id", "tag_name", "created_at") VALUES ('64', '10', 'culture', '2024-01-29 18:03:43');
INSERT INTO "post_tags" ("id", "post_id", "tag_name", "created_at") VALUES ('65', '8', 'business', '2024-01-29 18:11:01');
INSERT INTO "post_tags" ("id", "post_id", "tag_name", "created_at") VALUES ('66', '86', 'fashion', '2024-01-29 18:15:30');
INSERT INTO "post_tags" ("id", "post_id", "tag_name", "created_at") VALUES ('67', '4', 'lifestyle', '2024-01-29 18:23:39');
INSERT INTO "post_tags" ("id", "post_id", "tag_name", "created_at") VALUES ('68', '87', 'travel', '2024-01-29 18:33:05');
INSERT INTO "post_tags" ("id", "post_id", "tag_name", "created_at") VALUES ('69', '79', 'technology', '2024-01-29 18:42:44');
INSERT INTO "post_tags" ("id", "post_id", "tag_name", "created_at") VALUES ('70', '16', 'environment', '2024-01-29 18:46:42');
INSERT INTO "post_tags" ("id", "post_id", "tag_name", "created_at") VALUES ('71', '57', 'art', '2024-01-29 18:55:55');
INSERT INTO "post_tags" ("id", "post_id", "tag_name", "created_at") VALUES ('72', '89', 'art', '2024-01-29 18:59:25');
INSERT INTO "post_tags" ("id", "post_id", "tag_name", "created_at") VALUES ('73', '50', 'technology', '2024-01-29 19:07:29');
INSERT INTO "post_tags" ("id", "post_id", "tag_name", "created_at") VALUES ('74', '51', 'travel', '2024-01-29 19:12:29');
INSERT INTO "post_tags" ("id", "post_id", "tag_name", "created_at") VALUES ('75', '18', 'history', '2024-01-29 19:13:57');
INSERT INTO "post_tags" ("id", "post_id", "tag_name", "created_at") VALUES ('76', '49', 'philosophy', '2024-01-29 19:23:25');
INSERT INTO "post_tags" ("id", "post_id", "tag_name", "created_at") VALUES ('77', '42', 'environment', '2024-01-29 19:32:00');
INSERT INTO "post_tags" ("id", "post_id", "tag_name", "created_at") VALUES ('78', '54', 'politics', '2024-01-29 19:39:17');
INSERT INTO "post_tags" ("id", "post_id", "tag_name", "created_at") VALUES ('79', '4', 'technology', '2024-01-29 19:46:30');
INSERT INTO "post_tags" ("id", "post_id", "tag_name", "created_at") VALUES ('80', '84', 'technology', '2024-01-29 19:53:57');
INSERT INTO "post_tags" ("id", "post_id", "tag_name", "created_at") VALUES ('81', '74', 'business', '2024-01-29 20:02:32');
INSERT INTO "post_tags" ("id", "post_id", "tag_name", "created_at") VALUES ('82', '88', 'travel', '2024-01-29 20:06:27');
INSERT INTO "post_tags" ("id", "post_id", "tag_name", "created_at") VALUES ('83', '70', 'entertainment', '2024-01-29 20:08:03');
INSERT INTO "post_tags" ("id", "post_id", "tag_name", "created_at") VALUES ('84', '27', 'art', '2024-01-29 20:10:10');
INSERT INTO "post_tags" ("id", "post_id", "tag_name", "created_at") VALUES ('85', '7', 'psychology', '2024-01-29 20:19:35');
INSERT INTO "post_tags" ("id", "post_id", "tag_name", "created_at") VALUES ('86', '93', 'lifestyle', '2024-01-29 20:22:14');
INSERT INTO "post_tags" ("id", "post_id", "tag_name", "created_at") VALUES ('87', '23', 'science', '2024-01-29 20:30:30');
INSERT INTO "post_tags" ("id", "post_id", "tag_name", "created_at") VALUES ('88', '23', 'sports', '2024-01-29 20:39:22');
INSERT INTO "post_tags" ("id", "post_id", "tag_name", "created_at") VALUES ('89', '11', 'music', '2024-01-29 20:42:00');
INSERT INTO "post_tags" ("id", "post_id", "tag_name", "created_at") VALUES ('90', '99', 'health', '2024-01-29 20:50:37');
INSERT INTO "post_tags" ("id", "post_id", "tag_name", "created_at") VALUES ('91', '7', 'education', '2024-01-29 20:52:21');
INSERT INTO "post_tags" ("id", "post_id", "tag_name", "created_at") VALUES ('92', '67', 'politics', '2024-01-29 20:59:40');
INSERT INTO "post_tags" ("id", "post_id", "tag_name", "created_at") VALUES ('93', '64', 'history', '2024-01-29 21:02:34');
INSERT INTO "post_tags" ("id", "post_id", "tag_name", "created_at") VALUES ('94', '80', 'technology', '2024-01-29 21:06:47');
INSERT INTO "post_tags" ("id", "post_id", "tag_name", "created_at") VALUES ('95', '70', 'culture', '2024-01-29 21:15:55');
INSERT INTO "post_tags" ("id", "post_id", "tag_name", "created_at") VALUES ('96', '61', 'culture', '2024-01-29 21:23:13');
INSERT INTO "post_tags" ("id", "post_id", "tag_name", "created_at") VALUES ('97', '56', 'psychology', '2024-01-29 21:31:53');
INSERT INTO "post_tags" ("id", "post_id", "tag_name", "created_at") VALUES ('98', '92', 'music', '2024-01-29 21:39:58');
INSERT INTO "post_tags" ("id", "post_id", "tag_name", "created_at") VALUES ('99', '59', 'technology', '2024-01-29 21:49:03');
INSERT INTO "post_tags" ("id", "post_id", "tag_name", "created_at") VALUES ('100', '29', 'health', '2024-01-29 21:56:09');


INSERT INTO "user_activities" ("id", "user_id", "activity_type", "related_entity_id", "description", "created_at") VALUES ('1', '81', 'Unsubscribe', '7239', 'Tam invidus, qui ab eo dissentiunt, sed certe non probes, eum quem ego arbitror unum vidisse.', '2024-01-29 12:51:07');
INSERT INTO "user_activities" ("id", "user_id", "activity_type", "related_entity_id", "description", "created_at") VALUES ('2', '53', 'Subscribe', '9583', 'Adversa quasi perpetua oblivione obruamus et secunda iucunde ac suaviter meminerimus. Sed cum ea, quae audiebamus, conferebamus, neque erat umquam controversia, quid ego intellegerem, sed quid probarem. Quid igitur est? Inquit; audire enim cupio, quid non probes. Principio, inquam, in physicis, quibus maxime gloriatur, primum totus est alienus. Democritea dicit perpauca mutans, sed ita, ut ea.', '2024-01-29 12:53:14');
INSERT INTO "user_activities" ("id", "user_id", "activity_type", "related_entity_id", "description", "created_at") VALUES ('3', '17', 'Upload', '3462', 'Non potest. Atque ut odia, invidiae, despicationes adversantur voluptatibus, sic amicitiae non posse iucunde vivi, nisi sapienter, honeste.', '2024-01-29 12:57:57');
INSERT INTO "user_activities" ("id", "user_id", "activity_type", "related_entity_id", "description", "created_at") VALUES ('4', '16', 'Subscription Renewal', '6703', 'E corporis voluptatibus et doloribus -- itaque concedo, quod modo dicebas, cadere causa, si qui e nostris aliter existimant, quos quidem video minime esse deterritum. Quae cum dixissem, magis ut illum provocarem.', '2024-01-29 12:59:32');
INSERT INTO "user_activities" ("id", "user_id", "activity_type", "related_entity_id", "description", "created_at") VALUES ('5', '24', 'Send Message', '4505', 'Temporis. Quod quia nullo modo probantur, tamen Democritum laudatum a ceteris ab hoc, qui eum unum secutus esset, nollem vituperatum. Iam in altera philosophiae parte. Quae est quaerendi ac disserendi, quae logikh dicitur, iste vester plane, ut mihi quidem videtur. Ac fieri potest, ut propemodum iustioribus utamur illis.', '2024-01-29 13:00:38');
INSERT INTO "user_activities" ("id", "user_id", "activity_type", "related_entity_id", "description", "created_at") VALUES ('6', '32', 'Rate', '8407', 'Dolor in reprehenderit in voluptate velit esse, quam nihil praetermittatur quod vitam adiuvet, quo facilius id, quod sentiant non esse faciendum, ii voluptatem maximam adipiscuntur praetermittenda voluptate. Idem etiam dolorem saepe perpetiuntur.', '2024-01-29 13:04:08');
INSERT INTO "user_activities" ("id", "user_id", "activity_type", "related_entity_id", "description", "created_at") VALUES ('7', '77', 'Comment', '8657', 'In longinquitate levis, in gravitate brevis soleat esse, ut ad Orestem pervenias profectus a Theseo. At vero Epicurus una in domo, et ea quidem.', '2024-01-29 13:13:58');
INSERT INTO "user_activities" ("id", "user_id", "activity_type", "related_entity_id", "description", "created_at") VALUES ('8', '43', 'Send Message', '4715', 'Nihil asperum nisi dolorem, de quibus neque depravate iudicant neque corrupte, nonne ei maximam gratiam habere debemus, qui hac exaudita quasi voce naturae sic.', '2024-01-29 13:15:00');
INSERT INTO "user_activities" ("id", "user_id", "activity_type", "related_entity_id", "description", "created_at") VALUES ('9', '2', 'Update Profile', '4150', 'Nescio quam illam umbram, quod appellant honestum non tam id reprehendunt, si remissius agatur, sed tantum studium tamque multam operam.', '2024-01-29 13:22:45');
INSERT INTO "user_activities" ("id", "user_id", "activity_type", "related_entity_id", "description", "created_at") VALUES ('10', '90', 'Password Change', '6039', 'Voluptate velit esse cillum dolore eu fugiat nulla pariatur. Excepteur sint occaecat.', '2024-01-29 13:32:10');
INSERT INTO "user_activities" ("id", "user_id", "activity_type", "related_entity_id", "description", "created_at") VALUES ('11', '50', 'Rate', '1906', 'Sententia tale debet esse, ut ad Orestem pervenias profectus a Theseo. At vero Epicurus una in domo, et ea quidem angusta, quam magnos quantaque amoris conspiratione consentientis tenuit amicorum greges! Quod fit etiam nunc ab Epicureis. Sed ad haec, nisi.', '2024-01-29 13:37:46');
INSERT INTO "user_activities" ("id", "user_id", "activity_type", "related_entity_id", "description", "created_at") VALUES ('12', '13', 'Check-in', '7451', 'Severa sit. Non enim hanc solam sequimur, quae suavitate aliqua naturam ipsam movet et cum iucunditate quadam percipitur sensibus, sed maximam voluptatem illam habemus, quae percipitur omni dolore careret, non.', '2024-01-29 13:43:33');
INSERT INTO "user_activities" ("id", "user_id", "activity_type", "related_entity_id", "description", "created_at") VALUES ('13', '12', 'Upload', '3132', 'Discordans gustare partem ullam liquidae voluptatis et liberae potest. Atqui pugnantibus et contrariis studiis consiliisque semper.', '2024-01-29 13:53:09');
INSERT INTO "user_activities" ("id", "user_id", "activity_type", "related_entity_id", "description", "created_at") VALUES ('14', '25', 'Upload', '766', 'Loco videtur quibusdam stabilitas amicitiae vacillare, tuentur tamen eum locum seque facile, ut mihi videtur, expediunt. Ut enim virtutes, de.', '2024-01-29 13:56:18');
INSERT INTO "user_activities" ("id", "user_id", "activity_type", "related_entity_id", "description", "created_at") VALUES ('15', '58', 'Mention', '3443', 'Quae suavitate aliqua naturam ipsam movet et cum iucunditate quadam percipitur sensibus, sed maximam voluptatem illam habemus, quae percipitur omni dolore careret, non modo.', '2024-01-29 13:59:35');
INSERT INTO "user_activities" ("id", "user_id", "activity_type", "related_entity_id", "description", "created_at") VALUES ('16', '7', 'Receive Message', '2658', 'Consulatu conflixisse apud Veserim propter voluptatem; cum autem usus progrediens familiaritatem effecerit, tum amorem efflorescere.', '2024-01-29 14:01:08');
INSERT INTO "user_activities" ("id", "user_id", "activity_type", "related_entity_id", "description", "created_at") VALUES ('17', '97', 'Follow', '9267', 'Pendet ex futuris, sed expectat illa, fruitur praesentibus ab iisque M. Brutus dissentiet -- quod et acutum genus est et ab Epicuro reprehensa et correcta permulta. Nunc dicam de voluptate, nihil scilicet novi, ea tamen, quae te ipsum probaturum.', '2024-01-29 14:03:49');
INSERT INTO "user_activities" ("id", "user_id", "activity_type", "related_entity_id", "description", "created_at") VALUES ('18', '17', 'Unsubscribe', '2645', 'Quoque alienum; nam ante Aristippus, et ille melius. Addidisti ad extremum etiam indoctum fuisse. Fieri, inquam, Triari, nullo pacto potest, ut non dicas, quid.', '2024-01-29 14:12:42');
INSERT INTO "user_activities" ("id", "user_id", "activity_type", "related_entity_id", "description", "created_at") VALUES ('19', '53', 'Login', '5908', 'Fingi potest? Quodsi vita doloribus referta maxime fugienda est, summum bonum diceret, primum in eo non arbitrantur. Erunt etiam, et.', '2024-01-29 14:20:17');
INSERT INTO "user_activities" ("id", "user_id", "activity_type", "related_entity_id", "description", "created_at") VALUES ('20', '78', 'Block User', '2470', 'Utuntur, benivolentiam sibi conciliant et, quod aptissimum est ad quiete vivendum, caritatem, praesertim cum omnino nulla sit utilitas ex amicitia, tamen ipsi amici propter se ipsos penitus perdiderunt, sic robustus animus et excelsus omni est liber cura et angore, cum et tibi.', '2024-01-29 14:27:46');
INSERT INTO "user_activities" ("id", "user_id", "activity_type", "related_entity_id", "description", "created_at") VALUES ('21', '50', 'Save', '3056', 'Deterret --, sic isti curiosi, quos offendit noster minime nobis iniucundus labor. Iis igitur est difficilius satis facere, qui se dicant in Graecis legendis operam malle consumere. Postremo aliquos futuros suspicor, qui me ad alias litteras.', '2024-01-29 14:34:24');
INSERT INTO "user_activities" ("id", "user_id", "activity_type", "related_entity_id", "description", "created_at") VALUES ('22', '62', 'React', '2697', 'Unum vidisse verum maximisque erroribus animos hominum liberavisse et omnia tradidisse, quae pertinerent ad bene vivendum aptior partitio quam illa, qua est usus Epicurus? Qui unum genus posuit earum cupiditatum, quae essent et naturales et necessariae, alterum, quae vis sit, quae quidque efficiat, de.', '2024-01-29 14:37:49');
INSERT INTO "user_activities" ("id", "user_id", "activity_type", "related_entity_id", "description", "created_at") VALUES ('23', '50', 'Subscription Renewal', '2731', 'Inscientia, sapientiamque esse solam, quae nos exhorrescere metu non sinat. Qua praeceptrice in.', '2024-01-29 14:39:30');
INSERT INTO "user_activities" ("id", "user_id", "activity_type", "related_entity_id", "description", "created_at") VALUES ('24', '28', 'Leave Group', '3447', 'Voluptatem atque ad beate vivendum sapientia.', '2024-01-29 14:49:00');
INSERT INTO "user_activities" ("id", "user_id", "activity_type", "related_entity_id", "description", "created_at") VALUES ('25', '92', 'Share', '136', 'Obligantur. Qui autem alia malunt scribi.', '2024-01-29 14:56:36');
INSERT INTO "user_activities" ("id", "user_id", "activity_type", "related_entity_id", "description", "created_at") VALUES ('26', '95', 'Follow', '8203', 'Nam quibusdam, et iis servire, qui vel utrisque litteris uti velint vel, si suas habent, illas non magnopere desiderent. Qui autem ita frui volunt voluptatibus, ut nulli.', '2024-01-29 15:02:15');
INSERT INTO "user_activities" ("id", "user_id", "activity_type", "related_entity_id", "description", "created_at") VALUES ('27', '25', 'Subscription Renewal', '2996', 'Suscipere malit quam deserere ullam officii partem, ad.', '2024-01-29 15:05:21');
INSERT INTO "user_activities" ("id", "user_id", "activity_type", "related_entity_id", "description", "created_at") VALUES ('28', '45', 'Join Group', '7331', 'Ut, si tolerabiles sint, feramus, si minus, animo aequo e vita, cum ea non placeat, tamquam.', '2024-01-29 15:11:11');
INSERT INTO "user_activities" ("id", "user_id", "activity_type", "related_entity_id", "description", "created_at") VALUES ('29', '6', 'Add Friend', '2872', 'Vel aliter pararetur et qua etiam carere possent sine dolore tum.', '2024-01-29 15:15:47');
INSERT INTO "user_activities" ("id", "user_id", "activity_type", "related_entity_id", "description", "created_at") VALUES ('30', '56', 'Mention', '572', 'Ne Graecis quidem cedentem in philosophia audeam scribere? Quamquam a.', '2024-01-29 15:21:32');
INSERT INTO "user_activities" ("id", "user_id", "activity_type", "related_entity_id", "description", "created_at") VALUES ('31', '38', 'Share', '2990', 'Possunt, victi et debilitati obiecta specie voluptatis tradunt se libidinibus constringendos nec quid eventurum sit provident ob eamque debilitatem animi multi parentes, multi amicos, non nulli patriam, plerique.', '2024-01-29 15:30:18');
INSERT INTO "user_activities" ("id", "user_id", "activity_type", "related_entity_id", "description", "created_at") VALUES ('32', '65', 'View Page', '571', 'In altera philosophiae parte. Quae est quaerendi ac disserendi, quae logikh dicitur, iste vester plane, ut mihi videtur, expediunt. Ut enim aeque doleamus animo, cum corpore dolemus, fieri tamen permagna accessio potest, si aliquod aeternum et infinitum impendere malum nobis.', '2024-01-29 15:33:50');
INSERT INTO "user_activities" ("id", "user_id", "activity_type", "related_entity_id", "description", "created_at") VALUES ('33', '19', 'Upload', '6101', 'Virtutes, de quibus neque depravate iudicant neque corrupte, nonne ei maximam gratiam habere debemus, qui hac exaudita quasi voce naturae sic eam firme graviterque comprehenderit, ut omnes bene.', '2024-01-29 15:38:30');
INSERT INTO "user_activities" ("id", "user_id", "activity_type", "related_entity_id", "description", "created_at") VALUES ('34', '68', 'Mention', '2474', 'Fatemur e corporis voluptatibus et doloribus -- itaque concedo, quod modo dicebas, cadere causa, si qui e nostris aliter existimant, quos quidem video esse multos, sed imperitos.', '2024-01-29 15:42:51');
INSERT INTO "user_activities" ("id", "user_id", "activity_type", "related_entity_id", "description", "created_at") VALUES ('35', '86', 'Logout', '768', 'Si omnes veri erunt, ut Epicuri ratio docet.', '2024-01-29 15:46:07');
INSERT INTO "user_activities" ("id", "user_id", "activity_type", "related_entity_id", "description", "created_at") VALUES ('36', '19', 'Unfollow', '2520', 'Eos sermo patrius, cum idem fabellas Latinas ad verbum e Graecis expressas non inviti legant. Quis enim tam inimicus paene.', '2024-01-29 15:53:48');
INSERT INTO "user_activities" ("id", "user_id", "activity_type", "related_entity_id", "description", "created_at") VALUES ('37', '41', 'Bookmark', '3327', 'Et erant illa Torquatis.'' Numquam hoc ita defendit Epicurus neque Metrodorus aut quisquam eorum, qui aut saperet aliquid aut ista didicisset. Et quod adest.', '2024-01-29 16:02:06');
INSERT INTO "user_activities" ("id", "user_id", "activity_type", "related_entity_id", "description", "created_at") VALUES ('38', '35', 'Unsubscribe', '2164', 'Et malorum fere a nobis explicatam esse his litteris arbitramur, in quibus, quantum potuimus, non modo numquam nocet.', '2024-01-29 16:11:54');
INSERT INTO "user_activities" ("id", "user_id", "activity_type", "related_entity_id", "description", "created_at") VALUES ('39', '49', 'Subscribe', '4192', 'Et harum quidem rerum facilis est et ad.', '2024-01-29 16:19:32');
INSERT INTO "user_activities" ("id", "user_id", "activity_type", "related_entity_id", "description", "created_at") VALUES ('40', '48', 'Leave Group', '6330', 'Excelsus omni est liber cura et angore, cum et mortem contemnit, qua qui utuntur, benivolentiam sibi conciliant et, quod aptissimum est ad cognitionem omnium, regula, ad quam omnia iudicia rerum in sensibus ponit, quibus si semel aliquid falsi pro vero probatum sit, sublatum esse omne iudicium veri et.', '2024-01-29 16:26:58');
INSERT INTO "user_activities" ("id", "user_id", "activity_type", "related_entity_id", "description", "created_at") VALUES ('41', '35', 'Review', '4315', 'Aliquem magnis, multis, perpetuis fruentem.', '2024-01-29 16:32:39');
INSERT INTO "user_activities" ("id", "user_id", "activity_type", "related_entity_id", "description", "created_at") VALUES ('42', '67', 'Password Change', '8162', 'Meminerunt, praesentibus non fruuntur, futura modo expectant, quae quia certa esse non possunt et, si essent vera, nihil afferrent, quo iucundius, id est voluptatem. Homines optimi non intellegunt totam rationem everti, si ita.', '2024-01-29 16:42:12');
INSERT INTO "user_activities" ("id", "user_id", "activity_type", "related_entity_id", "description", "created_at") VALUES ('43', '83', 'Sign Up', '6743', 'Tum id, quod ipsi statuerunt, non possunt, victi et debilitati obiecta specie voluptatis tradunt se libidinibus constringendos nec quid eventurum sit provident ob eamque.', '2024-01-29 16:48:02');
INSERT INTO "user_activities" ("id", "user_id", "activity_type", "related_entity_id", "description", "created_at") VALUES ('44', '65', 'Remove from Cart', '7537', 'Veniat in medium Epicuri ratio, quae plerisque notissima est. Quam a nobis sic intelleges eitam, ut ab ea.', '2024-01-29 16:55:40');
INSERT INTO "user_activities" ("id", "user_id", "activity_type", "related_entity_id", "description", "created_at") VALUES ('45', '45', 'Add Friend', '1325', 'Hoc tenebo, si ob aliquam causam ista, quae sine dubio praeclara.', '2024-01-29 16:59:36');
INSERT INTO "user_activities" ("id", "user_id", "activity_type", "related_entity_id", "description", "created_at") VALUES ('46', '77', 'Search', '3316', 'Laboriosam, nisi ut aliquip ex ea commodo consequat. Duis aute irure dolor in longinquitate levis, in gravitate brevis soleat esse, ut eius magnitudinem celeritas.', '2024-01-29 17:07:06');
INSERT INTO "user_activities" ("id", "user_id", "activity_type", "related_entity_id", "description", "created_at") VALUES ('47', '80', 'Upload', '5629', 'Litteris mandaremus, fore ut hic noster labor in varias reprehensiones incurreret. Nam quibusdam, et iis.', '2024-01-29 17:10:05');
INSERT INTO "user_activities" ("id", "user_id", "activity_type", "related_entity_id", "description", "created_at") VALUES ('48', '5', 'Create Post', '4607', 'Est. Nihil enim desiderabile concupiscunt, plusque in ipsa iniuria detrimenti est quam in iis corrigere.', '2024-01-29 17:17:02');
INSERT INTO "user_activities" ("id", "user_id", "activity_type", "related_entity_id", "description", "created_at") VALUES ('49', '23', 'Participate in Poll', '8773', 'Et contrariis studiis consiliisque semper utens nihil quieti videre, nihil tranquilli potest. Quodsi vitam omnem perturbari videmus errore et inscientia, sapientiamque esse solam, quae.', '2024-01-29 17:24:37');
INSERT INTO "user_activities" ("id", "user_id", "activity_type", "related_entity_id", "description", "created_at") VALUES ('50', '85', 'Save', '186', 'Primum erit hoc quasi, provincias atomis dare, quae recte, quae oblique ferantur, deinde eadem illa individua et solida corpora ferri.', '2024-01-29 17:34:32');
INSERT INTO "user_activities" ("id", "user_id", "activity_type", "related_entity_id", "description", "created_at") VALUES ('51', '93', 'Leave Group', '4843', 'Superstitione, liberamur mortis metu, non conturbamur ignoratione rerum, e qua ipsa horribiles existunt saepe formidines. Denique etiam morati melius erimus, cum didicerimus quid natura desideret. Tum vero, si stabilem scientiam rerum tenebimus.', '2024-01-29 17:43:22');
INSERT INTO "user_activities" ("id", "user_id", "activity_type", "related_entity_id", "description", "created_at") VALUES ('52', '58', 'Tag', '3833', 'Angusta, quam magnos quantaque amoris conspiratione consentientis tenuit amicorum greges! Quod fit etiam.', '2024-01-29 17:50:09');
INSERT INTO "user_activities" ("id", "user_id", "activity_type", "related_entity_id", "description", "created_at") VALUES ('53', '48', 'Logout', '9655', 'Et benivole collegisti, nec me tamen laudandis maioribus meis corrupisti nec segniorem ad respondendum reddidisti. Quorum facta quem ad modum sit affectus, eum necesse est in quo admirer, cur in gravissimis rebus non.', '2024-01-29 17:59:24');
INSERT INTO "user_activities" ("id", "user_id", "activity_type", "related_entity_id", "description", "created_at") VALUES ('54', '93', 'Receive Message', '6447', 'Voluptatem cum summum bonum esse vult, summumque malum dolorem, idque instituit docere sic: Omne animal, simul atque natum sit, voluptatem.', '2024-01-29 18:04:47');
INSERT INTO "user_activities" ("id", "user_id", "activity_type", "related_entity_id", "description", "created_at") VALUES ('55', '21', 'Block User', '1438', 'Quae dices, libenter assentiar. Probabo, inquit, modo ista sis aequitate, quam ostendis. Sed uti oratione perpetua malo quam interrogare aut interrogari. Ut placet, inquam. Tum dicere exorsus est. Primum igitur, inquit, sic agam, ut ipsi auctori huius disciplinae placet: constituam, quid et.', '2024-01-29 18:14:27');
INSERT INTO "user_activities" ("id", "user_id", "activity_type", "related_entity_id", "description", "created_at") VALUES ('56', '49', 'Subscription Renewal', '1510', 'De dividendo ac partiendo docet, non quo ignorare vos arbitrer, sed ut ratione et via procedat oratio. Quaerimus igitur, quid sit extremum.', '2024-01-29 18:23:39');
INSERT INTO "user_activities" ("id", "user_id", "activity_type", "related_entity_id", "description", "created_at") VALUES ('57', '82', 'Update Profile', '8467', 'Mihi videri solent. Tum Torquatus: Prorsus, inquit, assentior; neque enim disputari sine reprehensione nec.', '2024-01-29 18:27:33');
INSERT INTO "user_activities" ("id", "user_id", "activity_type", "related_entity_id", "description", "created_at") VALUES ('58', '94', 'Check-in', '1201', 'Desistunt de isdem, de quibus neque depravate iudicant neque corrupte, nonne ei maximam gratiam habere debemus, qui hac exaudita quasi voce naturae sic eam.', '2024-01-29 18:30:36');
INSERT INTO "user_activities" ("id", "user_id", "activity_type", "related_entity_id", "description", "created_at") VALUES ('59', '50', 'Password Change', '4497', 'Dicemus, sed quia maiores consequatur. Eadem fortitudinis ratio reperietur. Nam neque laborum perfunctio neque perpessio dolorum per se esse iucunda, per se esse fugiendam temperantiamque expetendam, non quia.', '2024-01-29 18:34:37');
INSERT INTO "user_activities" ("id", "user_id", "activity_type", "related_entity_id", "description", "created_at") VALUES ('60', '27', 'Sign Up', '1827', 'Tam inimicus paene nomini Romano est, qui Ennii Medeam aut Antiopam Pacuvii spernat aut reiciat, quod se isdem Euripidis fabulis delectari dicat, Latinas litteras oderit? Synephebos ego, inquit, potius Caecilii aut Andriam Terentii quam utramque Menandri legam? A quibus tantum dissentio, ut, cum Sophocles vel optime scripserit Electram.', '2024-01-29 18:41:54');
INSERT INTO "user_activities" ("id", "user_id", "activity_type", "related_entity_id", "description", "created_at") VALUES ('61', '43', 'Mention', '6067', 'Videatur. Itaque primos congressus copulationesque et consuetudinum instituendarum voluntates fieri propter voluptatem; cum autem usus progrediens familiaritatem effecerit.', '2024-01-29 18:50:10');
INSERT INTO "user_activities" ("id", "user_id", "activity_type", "related_entity_id", "description", "created_at") VALUES ('62', '29', 'Tag', '6051', 'Aut ad bene beateque vivendo a Platone disputata sunt, haec explicari non placebit Latine? Quid? Si nos non interpretum fungimur munere, sed tuemur ea, quae dices, libenter assentiar. Probabo, inquit, modo ista sis aequitate, quam ostendis. Sed uti oratione.', '2024-01-29 18:56:38');
INSERT INTO "user_activities" ("id", "user_id", "activity_type", "related_entity_id", "description", "created_at") VALUES ('63', '23', 'Check-in', '6672', 'Suo sanciret militaris imperii disciplinam exercitumque in gravissimo bello.', '2024-01-29 19:00:33');
INSERT INTO "user_activities" ("id", "user_id", "activity_type", "related_entity_id", "description", "created_at") VALUES ('64', '98', 'Filter', '764', 'Atque laudabilis eo referri, ut cum voluptate vivere. Nec enim satis est iudicare quid faciendum non faciendumve sit, sed stare etiam oportet in eo, quod semel admissum.', '2024-01-29 19:04:16');
INSERT INTO "user_activities" ("id", "user_id", "activity_type", "related_entity_id", "description", "created_at") VALUES ('65', '74', 'Logout', '5329', 'Tutiorem vitam et voluptatem ipsam per se laetitiam, id est in Ceramico Chrysippi sedentis porrecta manu, quae manus significet illum in hae esse rogatiuncula delectatum: ''Numquidnam manus tua sic affecta, quem ad.', '2024-01-29 19:10:21');
INSERT INTO "user_activities" ("id", "user_id", "activity_type", "related_entity_id", "description", "created_at") VALUES ('66', '29', 'Comment', '9634', 'Sicine eos censes aut in voluptate ponatur, sed sine hoc institutionem omnino amicitiae non posse reperiri. Quapropter si ea, quae hoc non minus declarant.', '2024-01-29 19:15:19');
INSERT INTO "user_activities" ("id", "user_id", "activity_type", "related_entity_id", "description", "created_at") VALUES ('67', '92', 'React', '1726', 'Contenta posset nec ulla pars vacuitate doloris sine iucundo motu voluptatis. Sin.', '2024-01-29 19:23:20');
INSERT INTO "user_activities" ("id", "user_id", "activity_type", "related_entity_id", "description", "created_at") VALUES ('68', '66', 'Block User', '6035', 'Pariant, has optari, quia voluptatem. Iustitia restat, ut de omni virtute sit dictum. Sed similia fere dici possunt. Ut enim medicorum scientiam.', '2024-01-29 19:25:59');
INSERT INTO "user_activities" ("id", "user_id", "activity_type", "related_entity_id", "description", "created_at") VALUES ('69', '70', 'Filter', '3317', 'Morbis vitae iucunditas impeditur, quanto.', '2024-01-29 19:29:29');
INSERT INTO "user_activities" ("id", "user_id", "activity_type", "related_entity_id", "description", "created_at") VALUES ('70', '1', 'Share', '315', 'Praesentibus ab iisque M. Brutus dissentiet .', '2024-01-29 19:31:29');
INSERT INTO "user_activities" ("id", "user_id", "activity_type", "related_entity_id", "description", "created_at") VALUES ('71', '52', 'Join Group', '7177', 'Solet. Nec vero, ut noster Lucilius, recusabo, quo minus id, quod quaeritur, sit pulcherrimum. Etenim si delectamur, cum.', '2024-01-29 19:34:54');
INSERT INTO "user_activities" ("id", "user_id", "activity_type", "related_entity_id", "description", "created_at") VALUES ('72', '31', 'Login', '4656', 'Invidus, qui ab eo ortum, tam inportuno tamque crudeli; sin, ut dolore.', '2024-01-29 19:39:59');
INSERT INTO "user_activities" ("id", "user_id", "activity_type", "related_entity_id", "description", "created_at") VALUES ('73', '28', 'Report', '7289', 'A Chrysippo praetermissum in Stoicis? Legimus tamen Diogenem, Antipatrum, Mnesarchum, Panaetium, multos alios in primisque familiarem nostrum Posidonium. Quid? Theophrastus mediocriterne delectat, cum tractat.', '2024-01-29 19:45:23');
INSERT INTO "user_activities" ("id", "user_id", "activity_type", "related_entity_id", "description", "created_at") VALUES ('74', '94', 'Subscription Renewal', '7342', 'Tria vix amicorum paria reperiuntur, ut ad.', '2024-01-29 19:48:28');
INSERT INTO "user_activities" ("id", "user_id", "activity_type", "related_entity_id", "description", "created_at") VALUES ('75', '73', 'Report', '8773', 'Omnium philosophorum sententia tale debet esse, ut eius magnitudinem celeritas, diuturnitatem allevatio consoletur. Ad.', '2024-01-29 19:57:33');
INSERT INTO "user_activities" ("id", "user_id", "activity_type", "related_entity_id", "description", "created_at") VALUES ('76', '47', 'Filter', '9347', 'De cetero vellem equidem aut ipse doctrinis fuisset instructior -- est enim, quae in rebus aut expetendis aut fugiendis ut rationem sequamur monet. Nec enim satis est.', '2024-01-29 20:05:39');
INSERT INTO "user_activities" ("id", "user_id", "activity_type", "related_entity_id", "description", "created_at") VALUES ('77', '8', 'Receive Message', '2420', 'Malorum fere a nobis explicatam esse his litteris arbitramur, in quibus, quantum potuimus, non modo non.', '2024-01-29 20:14:18');
INSERT INTO "user_activities" ("id", "user_id", "activity_type", "related_entity_id", "description", "created_at") VALUES ('78', '64', 'Leave Group', '644', 'Totum Epicurum paene e philosophorum choro sustulisti. Quid.', '2024-01-29 20:17:31');
INSERT INTO "user_activities" ("id", "user_id", "activity_type", "related_entity_id", "description", "created_at") VALUES ('79', '90', 'Subscription Renewal', '8914', 'Semper occultum. Plerumque improborum facta primo suspicio insequitur, dein sermo atque fama, tum accusator, tum iudex; Multi etiam, ut te consule, ipsi se indicaverunt. Quodsi qui satis sibi.', '2024-01-29 20:26:50');
INSERT INTO "user_activities" ("id", "user_id", "activity_type", "related_entity_id", "description", "created_at") VALUES ('80', '37', 'Add Friend', '1400', 'Tum Torquatus: Prorsus, inquit, assentior; neque enim disputari sine reprehensione nec cum istis tantopere pugnare, qui Graeca legere malint, modo legant illa ipsa, ne simulent, et iis quidem non admodum flagitem. Re.', '2024-01-29 20:31:22');
INSERT INTO "user_activities" ("id", "user_id", "activity_type", "related_entity_id", "description", "created_at") VALUES ('81', '90', 'Subscribe', '3372', 'Alienum putet eius esse dignitatis, quam mihi quisque tribuat, quid in omni munere vitae optimum et verissimum sit, exquirere? An, partus ancillae sitne in fructu habendus, disseretur inter.', '2024-01-29 20:32:39');
INSERT INTO "user_activities" ("id", "user_id", "activity_type", "related_entity_id", "description", "created_at") VALUES ('82', '32', 'Sign Up', '7790', 'Nobis, vel dicam aut oratoribus bonis aut poetis, postea quidem quam fuit quem imitarentur, ullus orationis vel copiosae vel elegantis ornatus defuit? Ego vero.', '2024-01-29 20:36:19');
INSERT INTO "user_activities" ("id", "user_id", "activity_type", "related_entity_id", "description", "created_at") VALUES ('83', '55', 'RSVP', '810', 'Aut cum Latinis tertio consulatu conflixisse apud Veserim propter voluptatem; quod vero securi percussit filium, privavisse se etiam videtur multis voluptatibus, cum ipsi naturae patrioque amori praetulerit ius maiestatis atque imperii. Quid? T. Torquatus, is qui consul cum Cn. Octavio.', '2024-01-29 20:38:28');
INSERT INTO "user_activities" ("id", "user_id", "activity_type", "related_entity_id", "description", "created_at") VALUES ('84', '10', 'Add Friend', '5399', 'Ista sua sponte et per se esse iucunda, per se ipsas tam expetendas, quam nostras expeteremus, quo loco videtur quibusdam.', '2024-01-29 20:40:00');
INSERT INTO "user_activities" ("id", "user_id", "activity_type", "related_entity_id", "description", "created_at") VALUES ('85', '66', 'Search', '7368', 'Etiam morati melius erimus, cum didicerimus quid natura desideret. Tum vero, si stabilem scientiam rerum tenebimus, servata illa, quae quasi delapsa de caelo est ad quiete vivendum, caritatem, praesertim cum omnino nulla sit utilitas ex amicitia, tamen ipsi amici propter.', '2024-01-29 20:41:14');
INSERT INTO "user_activities" ("id", "user_id", "activity_type", "related_entity_id", "description", "created_at") VALUES ('86', '71', 'React', '1732', 'Ipsum dedocere. Sol Democrito magnus videtur, quippe homini erudito in geometriaque perfecto, huic pedalis fortasse; tantum enim esse.', '2024-01-29 20:46:32');
INSERT INTO "user_activities" ("id", "user_id", "activity_type", "related_entity_id", "description", "created_at") VALUES ('87', '94', 'Bookmark', '4422', 'Nam corpore nihil nisi praesens et quod quaeritur saepe, cur tam multi sint Epicurei, sunt aliae quoque causae, sed multitudinem haec maxime allicit, quod ita putant dici ab illo, recta et honesta quae.', '2024-01-29 20:50:49');
INSERT INTO "user_activities" ("id", "user_id", "activity_type", "related_entity_id", "description", "created_at") VALUES ('88', '8', 'Mention', '3124', 'Verbis, quod vult, et dicit plane, quod intellegam; et tamen in quibusdam neque pecuniae modus est ullus investigandi veri, nisi inveneris, et quaerendi defatigatio turpis est, cum esset accusata et vituperata ab.', '2024-01-29 21:00:34');
INSERT INTO "user_activities" ("id", "user_id", "activity_type", "related_entity_id", "description", "created_at") VALUES ('89', '63', 'Participate in Poll', '5920', 'Vellem, censes haec dicturum fuisse? Utrum igitur percurri omnem Epicuri disciplinam placet an de una voluptate quaeri, de qua omne certamen est? Tuo vero id quidem, inquam, arbitratu. Sic faciam igitur, inquit: unam rem explicabo, eamque maximam, de physicis alias, et quidem locis pluribus. Sed quot homines, tot sententiae; falli igitur possumus.', '2024-01-29 21:10:28');
INSERT INTO "user_activities" ("id", "user_id", "activity_type", "related_entity_id", "description", "created_at") VALUES ('90', '8', 'Update Profile', '1162', 'Nisi in voluptatis locum dolor forte successerit, at contra gaudere nosmet omittendis doloribus.', '2024-01-29 21:15:47');
INSERT INTO "user_activities" ("id", "user_id", "activity_type", "related_entity_id", "description", "created_at") VALUES ('91', '58', 'Upload', '5659', 'Legum odioque civium? Et tamen in quibusdam neque pecuniae modus est neque honoris neque imperii nec libidinum nec.', '2024-01-29 21:21:59');
INSERT INTO "user_activities" ("id", "user_id", "activity_type", "related_entity_id", "description", "created_at") VALUES ('92', '53', 'Login', '8306', 'Admirer, cur in gravissimis rebus non delectet eos sermo patrius, cum idem.', '2024-01-29 21:26:37');
INSERT INTO "user_activities" ("id", "user_id", "activity_type", "related_entity_id", "description", "created_at") VALUES ('93', '51', 'Leave Group', '5491', 'Nemini e nostris, qui haec subtilius velint tradere et negent satis esse, quid bonum sit aut quid iudicat, quo aut petat aut fugiat aliquid, praeter voluptatem et dolorem? Sunt autem quidam Epicurei timidiores paulo contra vestra.', '2024-01-29 21:31:36');
INSERT INTO "user_activities" ("id", "user_id", "activity_type", "related_entity_id", "description", "created_at") VALUES ('94', '22', 'Sign Up', '1097', 'Natura ut summum ex rebus expetendis, quid fugiat ut extremum malorum? Qua de re cum sit inter doctissimos summa dissensio, quis alienum putet eius esse dignitatis, quam mihi quisque tribuat, quid in omni munere vitae optimum et verissimum sit, exquirere?', '2024-01-29 21:41:13');
INSERT INTO "user_activities" ("id", "user_id", "activity_type", "related_entity_id", "description", "created_at") VALUES ('95', '45', 'Follow', '9262', 'Motum naturalem omnium ponderum, ut ipse constituit, e regione ferrentur et, ut modo docui, cognitionis regula et iudicio ab eadem illa atomorum, in quo etiam Democritus haeret, turbulenta concursio hunc mundi ornatum efficere non poterit. Ne illud quidem physici.', '2024-01-29 21:45:06');
INSERT INTO "user_activities" ("id", "user_id", "activity_type", "related_entity_id", "description", "created_at") VALUES ('96', '85', 'Review', '7534', 'Ne efficit quidem, quod vult. Nam et praeterita et futura. Ut enim ad minima veniam, quis nostrum exercitationem ullam corporis suscipit laboriosam, nisi ut aliquid ex ea commodi consequatur? Quis autem vel eum iure reprehenderit, qui in una virtute.', '2024-01-29 21:52:23');
INSERT INTO "user_activities" ("id", "user_id", "activity_type", "related_entity_id", "description", "created_at") VALUES ('97', '11', 'Add Friend', '6714', 'Ad lineam, numquam fore ut hic noster labor in varias reprehensiones incurreret. Nam quibusdam, et iis servire, qui vel utrisque litteris uti velint vel, si suas habent, illas non magnopere desiderent. Qui autem ita frui volunt.', '2024-01-29 21:56:47');
INSERT INTO "user_activities" ("id", "user_id", "activity_type", "related_entity_id", "description", "created_at") VALUES ('98', '74', 'Tag', '4042', 'Quid nobis probaretur, sed etiam praetereat omnes voluptates, dolores denique quosvis suscipere malit quam deserere ullam officii partem, ad ea, quae audiebamus, conferebamus, neque erat umquam controversia, quid ego intellegerem, sed quid probarem. Quid igitur est? Inquit; audire enim cupio.', '2024-01-29 21:58:13');
INSERT INTO "user_activities" ("id", "user_id", "activity_type", "related_entity_id", "description", "created_at") VALUES ('99', '52', 'Unfollow', '3220', 'Et ignavi, numquam in sententia permanentes, quas ob causas in eorum vita nulla est intercapedo molestiae. Igitur neque stultorum quisquam.', '2024-01-29 22:00:51');
INSERT INTO "user_activities" ("id", "user_id", "activity_type", "related_entity_id", "description", "created_at") VALUES ('100', '47', 'Bookmark', '5061', 'Ante quam nati, et ad tranquillitatem ferant, quid est enim.', '2024-01-29 22:03:41');

INSERT INTO "user_preferences" ("id", "user_id", "preference_key", "preference_value", "created_at", "updated_at") VALUES ('1', '81', 'accessibility_options', 'language_english', '2024-01-29 12:51:07', '2024-02-03 09:12:52');
INSERT INTO "user_preferences" ("id", "user_id", "preference_key", "preference_value", "created_at", "updated_at") VALUES ('2', '47', 'email_notifications', 'backup_enabled', '2024-01-29 12:55:50', '2024-02-02 18:25:41');
INSERT INTO "user_preferences" ("id", "user_id", "preference_key", "preference_value", "created_at", "updated_at") VALUES ('3', '91', 'order_history_visibility', 'ad_personalization_on', '2024-01-29 13:03:08', '2024-02-01 12:51:57');
INSERT INTO "user_preferences" ("id", "user_id", "preference_key", "preference_value", "created_at", "updated_at") VALUES ('4', '51', 'download_quality', 'ad_personalization_on', '2024-01-29 13:10:02', '2024-02-04 19:57:03');
INSERT INTO "user_preferences" ("id", "user_id", "preference_key", "preference_value", "created_at", "updated_at") VALUES ('5', '7', 'download_quality', 'receive_promotional_emails', '2024-01-29 13:17:19', '2024-02-05 06:02:46');
INSERT INTO "user_preferences" ("id", "user_id", "preference_key", "preference_value", "created_at", "updated_at") VALUES ('6', '30', 'payment_methods', 'font_size_small', '2024-01-29 13:24:47', '2024-02-01 18:26:30');
INSERT INTO "user_preferences" ("id", "user_id", "preference_key", "preference_value", "created_at", "updated_at") VALUES ('7', '95', 'display_density', 'spell_check_on', '2024-01-29 13:32:21', '2024-01-30 11:42:44');
INSERT INTO "user_preferences" ("id", "user_id", "preference_key", "preference_value", "created_at", "updated_at") VALUES ('8', '97', 'timezone', 'location_services_enabled', '2024-01-29 13:37:11', '2024-02-07 18:15:26');
INSERT INTO "user_preferences" ("id", "user_id", "preference_key", "preference_value", "created_at", "updated_at") VALUES ('9', '84', 'marketing_preferences', 'font_size_small', '2024-01-29 13:43:06', '2024-02-06 05:05:22');
INSERT INTO "user_preferences" ("id", "user_id", "preference_key", "preference_value", "created_at", "updated_at") VALUES ('10', '92', 'display_density', 'privacy_mode', '2024-01-29 13:51:36', '2024-02-02 21:34:15');
INSERT INTO "user_preferences" ("id", "user_id", "preference_key", "preference_value", "created_at", "updated_at") VALUES ('11', '70', 'payment_methods', 'receive_promotional_emails', '2024-01-29 13:54:40', '2024-01-31 14:16:36');
INSERT INTO "user_preferences" ("id", "user_id", "preference_key", "preference_value", "created_at", "updated_at") VALUES ('12', '91', 'saved_addresses', 'font_size_large', '2024-01-29 13:55:50', '2024-01-30 22:31:47');
INSERT INTO "user_preferences" ("id", "user_id", "preference_key", "preference_value", "created_at", "updated_at") VALUES ('13', '42', 'timezone', 'notifications_on', '2024-01-29 14:04:23', '2024-02-02 12:34:03');
INSERT INTO "user_preferences" ("id", "user_id", "preference_key", "preference_value", "created_at", "updated_at") VALUES ('14', '76', 'app_version', 'ad_personalization_on', '2024-01-29 14:06:02', '2024-02-01 03:31:44');
INSERT INTO "user_preferences" ("id", "user_id", "preference_key", "preference_value", "created_at", "updated_at") VALUES ('15', '21', 'download_quality', 'two_factor_authentication', '2024-01-29 14:13:59', '2024-01-31 13:27:02');
INSERT INTO "user_preferences" ("id", "user_id", "preference_key", "preference_value", "created_at", "updated_at") VALUES ('16', '92', 'data_sharing_consent', 'show_tooltips', '2024-01-29 14:16:42', '2024-01-30 15:50:46');
INSERT INTO "user_preferences" ("id", "user_id", "preference_key", "preference_value", "created_at", "updated_at") VALUES ('17', '71', 'wishlist_items', 'backup_enabled', '2024-01-29 14:24:54', '2024-02-02 11:29:39');
INSERT INTO "user_preferences" ("id", "user_id", "preference_key", "preference_value", "created_at", "updated_at") VALUES ('18', '47', 'saved_addresses', 'dark_mode_enabled', '2024-01-29 14:28:25', '2024-02-01 16:13:27');
INSERT INTO "user_preferences" ("id", "user_id", "preference_key", "preference_value", "created_at", "updated_at") VALUES ('19', '60', 'order_history_visibility', 'track_activity_off', '2024-01-29 14:32:16', '2024-02-04 05:03:20');
INSERT INTO "user_preferences" ("id", "user_id", "preference_key", "preference_value", "created_at", "updated_at") VALUES ('20', '58', 'privacy_setting', 'save_password', '2024-01-29 14:39:09', '2024-02-08 08:40:51');
INSERT INTO "user_preferences" ("id", "user_id", "preference_key", "preference_value", "created_at", "updated_at") VALUES ('21', '37', 'theme_color', 'privacy_mode', '2024-01-29 14:46:34', '2024-02-07 14:59:04');
INSERT INTO "user_preferences" ("id", "user_id", "preference_key", "preference_value", "created_at", "updated_at") VALUES ('22', '95', 'newsletter_subscription', 'auto_correct_off', '2024-01-29 14:54:40', '2024-02-04 11:44:36');
INSERT INTO "user_preferences" ("id", "user_id", "preference_key", "preference_value", "created_at", "updated_at") VALUES ('23', '54', 'accessibility_options', 'display_full_screen', '2024-01-29 14:57:36', '2024-02-03 17:52:08');
INSERT INTO "user_preferences" ("id", "user_id", "preference_key", "preference_value", "created_at", "updated_at") VALUES ('24', '38', 'region', 'notifications_on', '2024-01-29 15:03:06', '2024-02-08 01:55:44');
INSERT INTO "user_preferences" ("id", "user_id", "preference_key", "preference_value", "created_at", "updated_at") VALUES ('25', '40', 'parental_control', 'data_saver_mode', '2024-01-29 15:11:46', '2024-02-08 01:53:42');
INSERT INTO "user_preferences" ("id", "user_id", "preference_key", "preference_value", "created_at", "updated_at") VALUES ('26', '35', 'saved_addresses', 'font_size_large', '2024-01-29 15:14:29', '2024-01-31 13:23:38');
INSERT INTO "user_preferences" ("id", "user_id", "preference_key", "preference_value", "created_at", "updated_at") VALUES ('27', '53', 'timezone', 'font_size_large', '2024-01-29 15:16:50', '2024-01-31 12:43:32');
INSERT INTO "user_preferences" ("id", "user_id", "preference_key", "preference_value", "created_at", "updated_at") VALUES ('28', '73', 'order_history_visibility', 'backup_enabled', '2024-01-29 15:23:58', '2024-01-30 01:56:48');
INSERT INTO "user_preferences" ("id", "user_id", "preference_key", "preference_value", "created_at", "updated_at") VALUES ('29', '78', 'marketing_preferences', 'spell_check_on', '2024-01-29 15:27:09', '2024-02-08 05:06:13');
INSERT INTO "user_preferences" ("id", "user_id", "preference_key", "preference_value", "created_at", "updated_at") VALUES ('30', '87', 'email_notifications', 'language_english', '2024-01-29 15:30:39', '2024-01-30 19:48:39');
INSERT INTO "user_preferences" ("id", "user_id", "preference_key", "preference_value", "created_at", "updated_at") VALUES ('31', '84', 'data_sharing_consent', 'auto_correct_off', '2024-01-29 15:36:59', '2024-02-01 11:05:32');
INSERT INTO "user_preferences" ("id", "user_id", "preference_key", "preference_value", "created_at", "updated_at") VALUES ('32', '99', 'theme_color', 'high_contrast_mode', '2024-01-29 15:39:07', '2024-01-31 01:12:18');
INSERT INTO "user_preferences" ("id", "user_id", "preference_key", "preference_value", "created_at", "updated_at") VALUES ('33', '21', 'saved_addresses', 'dark_mode_enabled', '2024-01-29 15:42:22', '2024-02-07 02:13:43');
INSERT INTO "user_preferences" ("id", "user_id", "preference_key", "preference_value", "created_at", "updated_at") VALUES ('34', '64', 'accessibility_options', 'auto_play_videos', '2024-01-29 15:50:53', '2024-02-02 15:29:12');
INSERT INTO "user_preferences" ("id", "user_id", "preference_key", "preference_value", "created_at", "updated_at") VALUES ('35', '38', 'download_quality', 'auto_play_videos', '2024-01-29 16:00:08', '2024-01-30 05:52:38');
INSERT INTO "user_preferences" ("id", "user_id", "preference_key", "preference_value", "created_at", "updated_at") VALUES ('36', '98', 'region', 'cloud_sync', '2024-01-29 16:09:46', '2024-02-01 23:42:24');
INSERT INTO "user_preferences" ("id", "user_id", "preference_key", "preference_value", "created_at", "updated_at") VALUES ('37', '56', 'accessibility_options', 'data_saver_mode', '2024-01-29 16:19:36', '2024-02-06 08:45:20');
INSERT INTO "user_preferences" ("id", "user_id", "preference_key", "preference_value", "created_at", "updated_at") VALUES ('38', '66', 'marketing_preferences', 'download_over_wifi_only', '2024-01-29 16:29:03', '2024-02-04 02:00:28');
INSERT INTO "user_preferences" ("id", "user_id", "preference_key", "preference_value", "created_at", "updated_at") VALUES ('39', '81', 'wishlist_items', 'ad_personalization_on', '2024-01-29 16:34:50', '2024-02-03 06:10:22');
INSERT INTO "user_preferences" ("id", "user_id", "preference_key", "preference_value", "created_at", "updated_at") VALUES ('40', '72', 'marketing_preferences', 'location_services_enabled', '2024-01-29 16:42:42', '2024-02-01 03:45:46');
INSERT INTO "user_preferences" ("id", "user_id", "preference_key", "preference_value", "created_at", "updated_at") VALUES ('41', '69', 'download_quality', 'notifications_on', '2024-01-29 16:44:47', '2024-02-03 03:29:18');
INSERT INTO "user_preferences" ("id", "user_id", "preference_key", "preference_value", "created_at", "updated_at") VALUES ('42', '40', 'saved_addresses', 'location_services_enabled', '2024-01-29 16:48:37', '2024-01-29 20:44:25');
INSERT INTO "user_preferences" ("id", "user_id", "preference_key", "preference_value", "created_at", "updated_at") VALUES ('43', '33', 'marketing_preferences', 'ad_personalization_on', '2024-01-29 16:55:41', '2024-02-05 01:20:58');
INSERT INTO "user_preferences" ("id", "user_id", "preference_key", "preference_value", "created_at", "updated_at") VALUES ('44', '83', 'email_notifications', 'data_saver_mode', '2024-01-29 16:58:44', '2024-02-04 08:36:18');
INSERT INTO "user_preferences" ("id", "user_id", "preference_key", "preference_value", "created_at", "updated_at") VALUES ('45', '93', 'language', 'location_services_enabled', '2024-01-29 17:01:15', '2024-02-01 03:03:21');
INSERT INTO "user_preferences" ("id", "user_id", "preference_key", "preference_value", "created_at", "updated_at") VALUES ('46', '33', 'region', 'language_english', '2024-01-29 17:05:20', '2024-02-01 17:39:19');
INSERT INTO "user_preferences" ("id", "user_id", "preference_key", "preference_value", "created_at", "updated_at") VALUES ('47', '87', 'download_quality', 'two_factor_authentication', '2024-01-29 17:11:02', '2024-02-05 14:58:18');
INSERT INTO "user_preferences" ("id", "user_id", "preference_key", "preference_value", "created_at", "updated_at") VALUES ('48', '69', 'privacy_setting', 'language_french', '2024-01-29 17:17:10', '2024-02-08 08:16:50');
INSERT INTO "user_preferences" ("id", "user_id", "preference_key", "preference_value", "created_at", "updated_at") VALUES ('49', '42', 'two_factor_auth', 'spell_check_on', '2024-01-29 17:21:18', '2024-02-02 18:54:34');
INSERT INTO "user_preferences" ("id", "user_id", "preference_key", "preference_value", "created_at", "updated_at") VALUES ('50', '83', 'payment_methods', 'ad_personalization_on', '2024-01-29 17:24:44', '2024-02-08 00:44:14');
INSERT INTO "user_preferences" ("id", "user_id", "preference_key", "preference_value", "created_at", "updated_at") VALUES ('51', '86', 'display_density', 'notifications_on', '2024-01-29 17:32:25', '2024-02-06 23:31:50');
INSERT INTO "user_preferences" ("id", "user_id", "preference_key", "preference_value", "created_at", "updated_at") VALUES ('52', '58', 'email_notifications', 'privacy_mode', '2024-01-29 17:35:07', '2024-02-02 22:15:31');
INSERT INTO "user_preferences" ("id", "user_id", "preference_key", "preference_value", "created_at", "updated_at") VALUES ('53', '88', 'wishlist_items', 'receive_promotional_emails', '2024-01-29 17:36:21', '2024-02-04 23:33:26');
INSERT INTO "user_preferences" ("id", "user_id", "preference_key", "preference_value", "created_at", "updated_at") VALUES ('54', '20', 'privacy_setting', 'font_size_small', '2024-01-29 17:39:11', '2024-02-07 23:17:09');
INSERT INTO "user_preferences" ("id", "user_id", "preference_key", "preference_value", "created_at", "updated_at") VALUES ('55', '48', 'privacy_setting', 'two_factor_authentication', '2024-01-29 17:46:04', '2024-02-07 08:25:24');
INSERT INTO "user_preferences" ("id", "user_id", "preference_key", "preference_value", "created_at", "updated_at") VALUES ('56', '14', 'email_notifications', 'receive_newsletter', '2024-01-29 17:49:43', '2024-02-05 20:14:41');
INSERT INTO "user_preferences" ("id", "user_id", "preference_key", "preference_value", "created_at", "updated_at") VALUES ('57', '17', 'language', 'save_password', '2024-01-29 17:56:37', '2024-02-07 10:28:49');
INSERT INTO "user_preferences" ("id", "user_id", "preference_key", "preference_value", "created_at", "updated_at") VALUES ('58', '53', 'newsletter_subscription', 'data_saver_mode', '2024-01-29 18:01:19', '2024-02-03 13:46:33');
INSERT INTO "user_preferences" ("id", "user_id", "preference_key", "preference_value", "created_at", "updated_at") VALUES ('59', '41', 'data_sharing_consent', 'notifications_on', '2024-01-29 18:03:05', '2024-02-08 04:07:13');
INSERT INTO "user_preferences" ("id", "user_id", "preference_key", "preference_value", "created_at", "updated_at") VALUES ('60', '52', 'two_factor_auth', 'language_english', '2024-01-29 18:09:32', '2024-02-05 14:07:29');
INSERT INTO "user_preferences" ("id", "user_id", "preference_key", "preference_value", "created_at", "updated_at") VALUES ('61', '10', 'parental_control', 'backup_enabled', '2024-01-29 18:13:21', '2024-01-30 04:45:21');
INSERT INTO "user_preferences" ("id", "user_id", "preference_key", "preference_value", "created_at", "updated_at") VALUES ('62', '51', 'marketing_preferences', 'auto_play_videos', '2024-01-29 18:16:55', '2024-02-04 00:48:43');
INSERT INTO "user_preferences" ("id", "user_id", "preference_key", "preference_value", "created_at", "updated_at") VALUES ('63', '85', 'data_sharing_consent', 'receive_newsletter', '2024-01-29 18:24:13', '2024-02-06 14:12:15');
INSERT INTO "user_preferences" ("id", "user_id", "preference_key", "preference_value", "created_at", "updated_at") VALUES ('64', '27', 'wishlist_items', 'track_activity_off', '2024-01-29 18:30:03', '2024-02-07 05:44:46');
INSERT INTO "user_preferences" ("id", "user_id", "preference_key", "preference_value", "created_at", "updated_at") VALUES ('65', '1', 'account_status', 'display_full_screen', '2024-01-29 18:35:27', '2024-02-01 13:11:48');
INSERT INTO "user_preferences" ("id", "user_id", "preference_key", "preference_value", "created_at", "updated_at") VALUES ('66', '63', 'payment_methods', 'location_services_enabled', '2024-01-29 18:43:54', '2024-02-05 09:27:49');
INSERT INTO "user_preferences" ("id", "user_id", "preference_key", "preference_value", "created_at", "updated_at") VALUES ('67', '86', 'download_quality', 'privacy_mode', '2024-01-29 18:44:57', '2024-02-02 12:24:04');
INSERT INTO "user_preferences" ("id", "user_id", "preference_key", "preference_value", "created_at", "updated_at") VALUES ('68', '89', 'timezone', 'display_full_screen', '2024-01-29 18:49:17', '2024-02-03 06:53:36');
INSERT INTO "user_preferences" ("id", "user_id", "preference_key", "preference_value", "created_at", "updated_at") VALUES ('69', '87', 'marketing_preferences', 'show_tooltips', '2024-01-29 18:56:34', '2024-02-05 03:58:49');
INSERT INTO "user_preferences" ("id", "user_id", "preference_key", "preference_value", "created_at", "updated_at") VALUES ('70', '67', 'newsletter_subscription', 'data_saver_mode', '2024-01-29 19:01:50', '2024-02-08 08:04:42');
INSERT INTO "user_preferences" ("id", "user_id", "preference_key", "preference_value", "created_at", "updated_at") VALUES ('71', '95', 'two_factor_auth', 'two_factor_authentication', '2024-01-29 19:07:59', '2024-02-04 00:17:57');
INSERT INTO "user_preferences" ("id", "user_id", "preference_key", "preference_value", "created_at", "updated_at") VALUES ('72', '26', 'marketing_preferences', 'download_over_wifi_only', '2024-01-29 19:11:43', '2024-02-05 18:31:23');
INSERT INTO "user_preferences" ("id", "user_id", "preference_key", "preference_value", "created_at", "updated_at") VALUES ('73', '5', 'email_notifications', 'language_french', '2024-01-29 19:15:30', '2024-02-07 14:45:37');
INSERT INTO "user_preferences" ("id", "user_id", "preference_key", "preference_value", "created_at", "updated_at") VALUES ('74', '33', 'email_notifications', 'receive_promotional_emails', '2024-01-29 19:18:08', '2024-02-03 03:02:47');
INSERT INTO "user_preferences" ("id", "user_id", "preference_key", "preference_value", "created_at", "updated_at") VALUES ('75', '6', 'data_sharing_consent', 'ad_personalization_on', '2024-01-29 19:21:44', '2024-02-08 11:49:48');
INSERT INTO "user_preferences" ("id", "user_id", "preference_key", "preference_value", "created_at", "updated_at") VALUES ('76', '2', 'language', 'font_size_large', '2024-01-29 19:30:35', '2024-02-07 02:23:00');
INSERT INTO "user_preferences" ("id", "user_id", "preference_key", "preference_value", "created_at", "updated_at") VALUES ('77', '63', 'marketing_preferences', 'track_activity_off', '2024-01-29 19:36:39', '2024-01-31 16:04:11');
INSERT INTO "user_preferences" ("id", "user_id", "preference_key", "preference_value", "created_at", "updated_at") VALUES ('78', '62', 'app_version', 'language_english', '2024-01-29 19:44:18', '2024-02-05 23:41:18');
INSERT INTO "user_preferences" ("id", "user_id", "preference_key", "preference_value", "created_at", "updated_at") VALUES ('79', '51', 'wishlist_items', 'language_english', '2024-01-29 19:46:12', '2024-02-04 14:25:24');
INSERT INTO "user_preferences" ("id", "user_id", "preference_key", "preference_value", "created_at", "updated_at") VALUES ('80', '89', 'newsletter_subscription', 'show_tooltips', '2024-01-29 19:54:24', '2024-01-31 00:17:07');
INSERT INTO "user_preferences" ("id", "user_id", "preference_key", "preference_value", "created_at", "updated_at") VALUES ('81', '70', 'wishlist_items', 'location_services_enabled', '2024-01-29 20:00:50', '2024-02-05 15:28:31');
INSERT INTO "user_preferences" ("id", "user_id", "preference_key", "preference_value", "created_at", "updated_at") VALUES ('82', '62', 'language', 'display_full_screen', '2024-01-29 20:04:30', '2024-01-30 06:18:02');
INSERT INTO "user_preferences" ("id", "user_id", "preference_key", "preference_value", "created_at", "updated_at") VALUES ('83', '45', 'download_quality', 'two_factor_authentication', '2024-01-29 20:10:23', '2024-02-08 14:50:30');
INSERT INTO "user_preferences" ("id", "user_id", "preference_key", "preference_value", "created_at", "updated_at") VALUES ('84', '17', 'saved_addresses', 'two_factor_authentication', '2024-01-29 20:14:15', '2024-02-02 04:36:20');
INSERT INTO "user_preferences" ("id", "user_id", "preference_key", "preference_value", "created_at", "updated_at") VALUES ('85', '56', 'newsletter_subscription', 'receive_newsletter', '2024-01-29 20:15:53', '2024-01-30 21:39:49');
INSERT INTO "user_preferences" ("id", "user_id", "preference_key", "preference_value", "created_at", "updated_at") VALUES ('86', '100', 'parental_control', 'track_activity_off', '2024-01-29 20:18:51', '2024-02-04 03:59:58');
INSERT INTO "user_preferences" ("id", "user_id", "preference_key", "preference_value", "created_at", "updated_at") VALUES ('87', '42', 'wishlist_items', 'ad_personalization_on', '2024-01-29 20:20:31', '2024-02-04 19:38:26');
INSERT INTO "user_preferences" ("id", "user_id", "preference_key", "preference_value", "created_at", "updated_at") VALUES ('88', '88', 'payment_methods', 'language_french', '2024-01-29 20:26:24', '2024-02-02 14:41:41');
INSERT INTO "user_preferences" ("id", "user_id", "preference_key", "preference_value", "created_at", "updated_at") VALUES ('89', '89', 'saved_addresses', 'track_activity_off', '2024-01-29 20:32:17', '2024-02-01 00:35:32');
INSERT INTO "user_preferences" ("id", "user_id", "preference_key", "preference_value", "created_at", "updated_at") VALUES ('90', '13', 'email_notifications', 'save_password', '2024-01-29 20:36:36', '2024-02-04 12:02:32');
INSERT INTO "user_preferences" ("id", "user_id", "preference_key", "preference_value", "created_at", "updated_at") VALUES ('91', '90', 'display_density', 'two_factor_authentication', '2024-01-29 20:42:18', '2024-02-06 23:52:53');
INSERT INTO "user_preferences" ("id", "user_id", "preference_key", "preference_value", "created_at", "updated_at") VALUES ('92', '28', 'order_history_visibility', 'data_saver_mode', '2024-01-29 20:51:07', '2024-02-02 17:03:07');
INSERT INTO "user_preferences" ("id", "user_id", "preference_key", "preference_value", "created_at", "updated_at") VALUES ('93', '6', 'region', 'receive_promotional_emails', '2024-01-29 21:00:57', '2024-02-08 05:39:00');
INSERT INTO "user_preferences" ("id", "user_id", "preference_key", "preference_value", "created_at", "updated_at") VALUES ('94', '12', 'data_sharing_consent', 'data_saver_mode', '2024-01-29 21:08:31', '2024-02-02 21:45:26');
INSERT INTO "user_preferences" ("id", "user_id", "preference_key", "preference_value", "created_at", "updated_at") VALUES ('95', '78', 'timezone', 'language_english', '2024-01-29 21:14:33', '2024-02-02 23:59:53');
INSERT INTO "user_preferences" ("id", "user_id", "preference_key", "preference_value", "created_at", "updated_at") VALUES ('96', '6', 'account_status', 'font_size_small', '2024-01-29 21:20:39', '2024-02-03 12:20:19');
INSERT INTO "user_preferences" ("id", "user_id", "preference_key", "preference_value", "created_at", "updated_at") VALUES ('97', '20', 'region', 'cloud_sync', '2024-01-29 21:22:09', '2024-02-05 00:30:53');
INSERT INTO "user_preferences" ("id", "user_id", "preference_key", "preference_value", "created_at", "updated_at") VALUES ('98', '76', 'marketing_preferences', 'auto_correct_off', '2024-01-29 21:31:19', '2024-02-04 23:17:23');
INSERT INTO "user_preferences" ("id", "user_id", "preference_key", "preference_value", "created_at", "updated_at") VALUES ('99', '17', 'account_status', 'download_over_wifi_only', '2024-01-29 21:35:36', '2024-01-31 05:08:29');
INSERT INTO "user_preferences" ("id", "user_id", "preference_key", "preference_value", "created_at", "updated_at") VALUES ('100', '96', 'privacy_setting', 'auto_correct_off', '2024-01-29 21:41:05', '2024-02-03 09:22:19');

INSERT INTO "users" ("id", "first_name", "last_name", "profile_picture", "short_intro", "email", "password_hash", "created_at", "updated_at") VALUES ('1', 'Albrecht', 'Millar', '/tempus/est/nisi.gif', 'Et praesentibus ita potitur, ut animadvertat quanta.', 'albrecht.millar@gmail.com', '|!%^||*!(|nh%+r-b|r~|#i.~~|^&^!-6!|~,!($||Qo-)|M!$.~|||!kZ>,|#|1b$%^&^|!*!$||^E~', '2024-01-29 12:51:07', '2024-02-02 05:15:41');
INSERT INTO "users" ("id", "first_name", "last_name", "profile_picture", "short_intro", "email", "password_hash", "created_at", "updated_at") VALUES ('2', 'Alayne', 'Fodden', '/natum/sit/voluptatem/appetere/eaque/philosophia.ini', 'Conformavit, ut mihi quidem depravare videatur. Ille atomos quas appellat, id est.', 'alayne.fodden@yahoo.com', '^^#t~!!|||X$#!$|^|(^.o^!!|AM~^|o^^,+r^^g^f!&+On^^h#,!&||!^^!y|Ji!!VB-!$!!~$#||&', '2024-01-29 13:00:01', '2024-02-07 20:38:11');
INSERT INTO "users" ("id", "first_name", "last_name", "profile_picture", "short_intro", "email", "password_hash", "created_at", "updated_at") VALUES ('3', 'Tabbitha', 'Humfrey', '/usque/ad/bonae.pfx', 'Iucundo motu voluptatis. Sin autem summa voluptas est, ut meminerit maximos morte finiri, parvos multa habere intervalla requietis, mediocrium nos esse dominos, ut, si tolerabiles sint, feramus.', 'tabbitha.humfrey@msn.com', '^&*F|%^|4.~,)~v^>^+||^!|!~~~c|(|^|Ja!|||!(%$^^||^0^-J~$d^+C!^&|U!*%1*~~!^V|%-9~^', '2024-01-29 13:01:29', '2024-02-03 14:34:43');
INSERT INTO "users" ("id", "first_name", "last_name", "profile_picture", "short_intro", "email", "password_hash", "created_at", "updated_at") VALUES ('4', 'Tildie', 'Pude', '/percipi/dicunt/ii/remotis/sunt.p12', 'Quantus videtur, vel paulo aut maiorem aut minorem. Ita, quae mutat, ea corrumpit, quae.', 'tildie.pude@yahoo.co.jp', '!eg!|~!v!(~~|^^|!&p|o~!)&!!t*!ycw~|t1~~~~m^y|p3,^R!!Q8!|!^~|^Qr!~#!~&..%^)&|!~~~cd!~^-#u!n', '2024-01-29 13:10:38', '2024-01-29 21:55:30');
INSERT INTO "users" ("id", "first_name", "last_name", "profile_picture", "short_intro", "email", "password_hash", "created_at", "updated_at") VALUES ('5', 'Juieta', 'Vye', '/vitam/et/dolor.crt', 'Credere aliquid esse minimum, quod profecto numquam putavisset, si a Polyaeno, familiari suo, geometrica discere maluisset quam illum.', 'juieta.vye@gmail.com', '^*|^!&J|;^+^^!9!.&!|~^||7%hu^$!&^!~.)z!@~S|~!^&!),9%##!~#|^|yx.~j', '2024-01-29 13:15:50', '2024-01-29 17:41:51');
INSERT INTO "users" ("id", "first_name", "last_name", "profile_picture", "short_intro", "email", "password_hash", "created_at", "updated_at") VALUES ('6', 'Raphael', 'Werner', '/te/albuci/quam/motu.ini', 'Omni est liber cura et angore, cum et mortem contemnit, qua qui est imbutus quietus.', 'raphael.werner@gmail.com', '~;q||||!!^~|..+^~-|D=^K^|-w~|^A!=ux!$~),%^^!|++^)!$||r#1~$^!^#|D$&', '2024-01-29 13:24:43', '2024-01-31 02:21:58');
INSERT INTO "users" ("id", "first_name", "last_name", "profile_picture", "short_intro", "email", "password_hash", "created_at", "updated_at") VALUES ('7', 'Constantina', 'Pietrusiak', '/si/assecutus.pfx', 'Inquit, modo ista sis aequitate, quam ostendis. Sed uti oratione perpetua malo quam interrogare aut interrogari. Ut placet, inquam. Tum dicere exorsus est. Primum igitur, inquit, sic agam, ut ipsi auctori huius disciplinae placet: constituam, quid.', 'constantina.pietrusiak@hotmail.com', '!!)^!~)ht|^,-~^|Q&t+|~||^f^%|P(^!X#^~~~~,|||!^#z;*^@B|WT1!%$U^|~q!~~S!|1&k|~~|1!|~~Q^6!', '2024-01-29 13:33:23', '2024-02-07 21:07:48');
INSERT INTO "users" ("id", "first_name", "last_name", "profile_picture", "short_intro", "email", "password_hash", "created_at", "updated_at") VALUES ('8', 'Rosalyn', 'Chataignier', '/sit/sentiri/torqueantur.htm', 'Numquam potest. Praeterea bona praeterita non meminerunt, praesentibus non fruuntur, futura modo expectant, quae quia certa esse non possunt et, si.', 'rosalyn.chataignier@gmail.com', '|!+!6.A^&+,~)|-#~+-&)|%I!,|m|&O&||#|~^!||#q+|.+|~!).%^^&^$~.-8', '2024-01-29 13:41:24', '2024-02-05 04:48:51');
INSERT INTO "users" ("id", "first_name", "last_name", "profile_picture", "short_intro", "email", "password_hash", "created_at", "updated_at") VALUES ('9', 'Joleen', 'Fraine', '/vivendi/viderer.img', 'Omne certamen est? Tuo vero id quidem, inquam, arbitratu. Sic faciam igitur, inquit: unam rem explicabo, eamque maximam, de physicis alias, et quidem locis pluribus. Sed quot homines, tot sententiae; falli igitur possumus. Quam ob rem dissentientium inter se reprehensiones non sunt.', 'joleen.fraine@yahoo.com', '|^-Z;>x$%~x^%b-~%|~+-$#~$!^|~|!~^(q||!w-^e#^.xN~)3p&o!~)3^~~u2.!+*^$+%', '2024-01-29 13:50:16', '2024-02-08 06:35:09');
INSERT INTO "users" ("id", "first_name", "last_name", "profile_picture", "short_intro", "email", "password_hash", "created_at", "updated_at") VALUES ('10', 'Eudora', 'Basindale', '/voluptatis//quam/autem/sequitur.odg', 'Restincto. Cupiditates enim sunt insatiabiles, quae non modo non inopem, ut vulgo putarent, sed locupletiorem etiam esse quam vacare omni dolore et molestia perfruique maximis et animi et corporis voluptatibus, videtisne quam nihil molestiae consequatur, vel.', 'eudora.basindale@hotmail.co.uk', '~|J!^~^+^!&!T~(~~$%~,|-%s^!g~~$^,$|U$~-!>q^!!|i|~WX~^!,a|!^p^)b|!~>!!q)!s&|-^', '2024-01-29 13:54:50', '2024-02-01 15:03:51');
INSERT INTO "users" ("id", "first_name", "last_name", "profile_picture", "short_intro", "email", "password_hash", "created_at", "updated_at") VALUES ('11', 'Freeland', 'Sibbs', '/usu/venire/ut/abhorreant/a/eo.csv', 'Omnis monstret vias, quae ad quietem et ad eos cum suavitate afflueret et illaberetur, nec manus esse contenta posset nec ulla.', 'freeland.sibbs@hotmail.com', '|!^#tc^l%k^~|!Qz|3||!|B=!!|^^^|1|~V&S|D^)D|~#)!~^~~^$)|!$|~)|,||!*^!~^!,+*^%~~j~$,|!', '2024-01-29 14:03:23', '2024-02-07 12:36:56');
INSERT INTO "users" ("id", "first_name", "last_name", "profile_picture", "short_intro", "email", "password_hash", "created_at", "updated_at") VALUES ('12', 'Larry', 'Lomen', '/natura/quod/tranquillat/magis.xml', 'Adversantur voluptatibus, sic amicitiae non posse reperiri. Quapropter si ea, quae sint.', 'larry.lomen@yahoo.com', '(^|^)%Y|^=~Y.#^!~R^!^|~D~I~~~g##wu#^-0^a!)~(|.^!|!|$%bD,6^|^@#zw!q!!^&?^~%J^r^S|!!!|~~!3', '2024-01-29 14:10:51', '2024-02-05 15:59:42');
INSERT INTO "users" ("id", "first_name", "last_name", "profile_picture", "short_intro", "email", "password_hash", "created_at", "updated_at") VALUES ('13', 'Dante', 'Tippett', '/magis/animi/morbis/impediri/prosperum.cue', 'Non arte laudatur, sic sapientia, quae ars vivendi putanda est, non satis politus iis artibus, quas qui tenent, eruditi appellantur -- aut ne deterruisset alios a studiis. Quamquam te quidem video esse a nostris de amicitia.', 'dante.tippett@gmail.com', '9.~+^x!~BQ!-~!T|&&~|K~%#!!$^.Xr^b^%*~|,$|#^#||^.~$k~!^m!|F!^(%&!|%y!^-x', '2024-01-29 14:14:28', '2024-01-29 20:24:01');
INSERT INTO "users" ("id", "first_name", "last_name", "profile_picture", "short_intro", "email", "password_hash", "created_at", "updated_at") VALUES ('14', 'Burch', 'Crebott', '/voluptatis/intuemur.odf', 'Quam utramque Menandri legam? A quibus tantum dissentio, ut, cum Sophocles vel optime scripserit Electram, tamen male conversam Atilii mihi legendam.', 'burch.crebott@yahoo.com', 'Ww|!d^U^^!~^d&a(+!!|!f%#&|7^!~^~#^!&^g~^azb!!t!$u!&^i|^^^))T|(I^!', '2024-01-29 14:21:39', '2024-02-03 17:45:20');
INSERT INTO "users" ("id", "first_name", "last_name", "profile_picture", "short_intro", "email", "password_hash", "created_at", "updated_at") VALUES ('15', 'Aleece', 'Guitte', '/verissimum/natura.url', 'Quo maior sit, mediocritatem desiderent. Sive enim ad minima veniam, quis nostrud exercitation ullamco laboris nisi ut aliquid ex ea commodo consequat. Duis aute irure dolor in reprehenderit in voluptate aut a.', 'aleece.guitte@hotmail.com', '|Tg|#~~^$z|j%+blNgZn#^3!|l!|h.t-!^~|-^#mW~^V#^tp|J^)||^&x;$-R^,t~^,%n^s^Bn)c:M~|l~~||^r&#|#~|-^;3!~', '2024-01-29 14:27:47', '2024-01-30 13:29:36');
INSERT INTO "users" ("id", "first_name", "last_name", "profile_picture", "short_intro", "email", "password_hash", "created_at", "updated_at") VALUES ('16', 'Mercy', 'Dunklee', '/cum/illud/ocurreret/si/efficiendi.png', 'Voluptatem ex infinito tempore aetatis percipi posse, quam ex hoc facillime perspici potest: Constituamus.', 'mercy.dunklee@hotmail.com', 'N||r^~~|-~^|%!^||7I|!Ln~+%^j(!^~|rj^h!~<#~!!|^c&|X^!e^~%)y!^$|', '2024-01-29 14:36:33', '2024-02-02 18:46:37');
INSERT INTO "users" ("id", "first_name", "last_name", "profile_picture", "short_intro", "email", "password_hash", "created_at", "updated_at") VALUES ('17', 'Deanne', 'Bocking', '/quia/dolorem.dbx', 'Tum spe nihil earum rerum defuturum, quas natura non depravata desiderat. Et quem ad me in Cumanum salutandi causa uterque venisset, pauca primo inter nos de litteris, quarum summum erat in utroque.', 'deanne.bocking@yahoo.com', 'n~^C|-!~|!~*U#|~~^|e|&Jk|!.~L~L~~u^|g^||-|~w~)~!.r~!b^L|^+$!~)V|!~~!^|^a|%+^|C!F$~!^%!!|D~^mjZ!.', '2024-01-29 14:39:56', '2024-01-29 21:54:40');
INSERT INTO "users" ("id", "first_name", "last_name", "profile_picture", "short_intro", "email", "password_hash", "created_at", "updated_at") VALUES ('18', 'Brit', 'Peverell', '/tuentur/tamen/eum/locum/seque/fastidium.nrg', 'Te ne Graecis quidem cedentem in philosophia audeam scribere? Quamquam.', 'brit.peverell@yahoo.com', '|^Zq!%-9.(,)^|~Oq|>|^t!3$^!&!yx~~~|o!^^*~)~&p!^^^&|^~Xx&%#)%!4^^!|c^+|sy!d%-|||!#$!9~^!rT^~$)B!!^^', '2024-01-29 14:42:10', '2024-02-04 05:27:02');
INSERT INTO "users" ("id", "first_name", "last_name", "profile_picture", "short_intro", "email", "password_hash", "created_at", "updated_at") VALUES ('19', 'Fay', 'Ganing', '/si/id/non/quam.js', 'Autem alia malunt scribi a nobis, aequi esse debent, quod et posse fieri intellegimus et saepe etiam legum iudiciorumque poenis obligantur. Qui autem alia malunt scribi a nobis, aequi esse debent, quod et acutum genus est.', 'fay.ganing@gmail.com', ';|M~|q|!JF&!^!~|<h&&^^~|.^^^!^~$|~~&||!|tI~!3z%e!&O|&^!!%tu+^~|^i-#%*f~!,^*)!||#t^^#|&^.', '2024-01-29 14:50:50', '2024-02-03 03:21:56');
INSERT INTO "users" ("id", "first_name", "last_name", "profile_picture", "short_intro", "email", "password_hash", "created_at", "updated_at") VALUES ('20', 'Casey', 'Meldrum', '/reprehensione/nec/cum/postea.conf', 'Autem quibusdam et aut officiis debitis aut rerum necessitatibus saepe eveniet, ut et adversa quasi perpetua oblivione obruamus.', 'casey.meldrum@yahoo.fr', '!-b^~|^!W!^!^.#l|^.~||~l^%)%%G+!3^|^^^Ns!!~#!o~^0y~.fL%e|yT!!,^^!M~', '2024-01-29 14:54:23', '2024-01-31 19:58:46');
INSERT INTO "users" ("id", "first_name", "last_name", "profile_picture", "short_intro", "email", "password_hash", "created_at", "updated_at") VALUES ('21', 'Hedi', 'Hannon', '/est/ad/cognitionem/omnium/regula/temperantiam.json', 'Postulant in eo, quod sit iudicatum. Plerique autem, quod.', 'hedi.hannon@yahoo.com', '2!|~6$!Y$.~~!:^~|.Y#.p^,&&#!|t^~hy&h!v|^^~!+#.|&.X!!^>x~!*&lg~|V~~$-|Ir~%s~*%H&|,~|~~^~~', '2024-01-29 14:59:44', '2024-02-03 05:13:25');
INSERT INTO "users" ("id", "first_name", "last_name", "profile_picture", "short_intro", "email", "password_hash", "created_at", "updated_at") VALUES ('22', 'Sinclare', 'Cornillot', '/esse/censet/quantus/voluptatis.avi', 'Id totum evertitur eo delectu rerum, quem modo dixi, constituto, ut aut reiciendis voluptatibus maiores alias consequatur aut perferendis doloribus asperiores repellat.', 'sinclare.cornillot@hotmail.com', '|ij|~3~P~^#qf,;~|+G&$+|gc~|#~~~~%!v|&T^!*!&~|q*&HM|!a!^)^&&|$~q!||++^-$%||*|*!>,e,-#~<*!*KE^+', '2024-01-29 15:02:15', '2024-02-01 21:02:59');
INSERT INTO "users" ("id", "first_name", "last_name", "profile_picture", "short_intro", "email", "password_hash", "created_at", "updated_at") VALUES ('23', 'Reba', 'Cree', '/non/desideraret/quia/quod/dolore/virtutum.gif', 'Sit fictae veterum fabulae declarant, in quibus hoc primum est in voluptate.', 'reba.cree@bol.com.br', '.^|!9|Z,7||^$^,C~|^|~~!~~b^!z|,|%~-QgZ$|.~n&5|*|!n^~k~f!^3^L^z^!~5^*w!!O#K%z*)~^b||8-e,|-!', '2024-01-29 15:07:22', '2024-01-31 18:45:45');
INSERT INTO "users" ("id", "first_name", "last_name", "profile_picture", "short_intro", "email", "password_hash", "created_at", "updated_at") VALUES ('24', 'Myranda', 'Skypp', '/voluptas/esset/quae/quasi/videtisne.bin', 'Dolores autem si qui incurrunt, numquam vim tantam habent, ut non plus.', 'myranda.skypp@gmail.com', 'yp^|x>|Ys^~!eCt^!!H!x.&!!*||!&&?^Tx^a~*D^|!aYuj$n!^^m*!dy||+#T^j^Z)&*9)|~&!5%H!d$n)!##!$|L!^%|0|!|', '2024-01-29 15:15:53', '2024-02-04 12:04:37');
INSERT INTO "users" ("id", "first_name", "last_name", "profile_picture", "short_intro", "email", "password_hash", "created_at", "updated_at") VALUES ('25', 'Marji', 'Hindhaugh', '/quod/videtur.gz', 'Aut interrogari. Ut placet, inquam. Tum dicere exorsus est. Primum.', 'marji.hindhaugh@hotmail.com', 'l|9X!|5#v^(^Z!^$,ag)%L^8iA#z^x~#!||$^%|~h.b-~#t#$$!$^F,!%b+!!^', '2024-01-29 15:25:51', '2024-02-02 11:13:43');
INSERT INTO "users" ("id", "first_name", "last_name", "profile_picture", "short_intro", "email", "password_hash", "created_at", "updated_at") VALUES ('26', 'Aksel', 'Jelf', '/vel/autem.mdf', 'Est quaerendi ac disserendi, quae logikh dicitur, iste vester plane, ut mihi videtur, expediunt. Ut enim sapientiam, temperantiam, fortitudinem copulatas esse docui cum voluptate.', 'aksel.jelf@ig.com.br', '~&|%~!+!~~,~#6~(a~~!^||E~%)j!^^~^V~|~$pyz&*|#^$$c^~%%k!!||,!^!$%~~!!|', '2024-01-29 15:31:46', '2024-02-01 09:37:49');
INSERT INTO "users" ("id", "first_name", "last_name", "profile_picture", "short_intro", "email", "password_hash", "created_at", "updated_at") VALUES ('27', 'Crawford', 'Caville', '/tamen/ipsum.mov', 'Quae de philosophia litteris mandamus, legere assueverit, iudicabit nulla ad legendum his esse potiora. Quid est cur tam multos legant, quam legendi sunt. Quid enim est.', 'crawford.caville@yahoo.com', '-J@~TU~|!&~(~|*~$^%!&#!##!^c$*|)<|dP##3*~,e~!!P^f!j!I|!#!|*!', '2024-01-29 15:41:35', '2024-02-05 19:10:49');
INSERT INTO "users" ("id", "first_name", "last_name", "profile_picture", "short_intro", "email", "password_hash", "created_at", "updated_at") VALUES ('28', 'Roseanne', 'Naisey', '/spatio/nihil.ogg', 'Corpus, quantum efficere possimus, molestia liberemus. Ut enim sapientiam, temperantiam, fortitudinem copulatas esse docui cum voluptate, ut ab ipsis, qui eam.', 'roseanne.naisey@cox.net', '1Z!~|=!%,~~-^e||$j==-|Q-$<o*#~,y^(mp!|P+||#.||^!v~|!~|,!||&$(!#~qo9#!|~^%~&%#%~%^!^', '2024-01-29 15:51:04', '2024-02-03 13:35:51');
INSERT INTO "users" ("id", "first_name", "last_name", "profile_picture", "short_intro", "email", "password_hash", "created_at", "updated_at") VALUES ('29', 'Stanislaw', 'Finnie', '/ea/sic.psc1', 'Desiderat?'' -- Nihil sane. -- ''At, si voluptas esset bonum, fuisse desideraturam. Idcirco enim.', 'stanislaw.finnie@aol.com', '||+%|h^!|!v$^Ns^~p!|b~+,^p!&~b)|$XB|dh~~~2v~|(VY!s|^||~^)^)c~^rj^j#', '2024-01-29 15:57:47', '2024-01-29 22:23:22');
INSERT INTO "users" ("id", "first_name", "last_name", "profile_picture", "short_intro", "email", "password_hash", "created_at", "updated_at") VALUES ('30', 'Claudette', 'Paintain', '/liberemus/ut/enim/mortis/metu/ipso.asp', 'Illum ab industria, sed ab inliberali labore deterret --, sic isti curiosi, quos offendit.', 'claudette.paintain@yahoo.com.br', '4^q!y~m!|+(^^~!|^#7+-!((.~&n|p,T!%|p~lj!g$##~~|2!!z|!)):%+%~s~R-b|2)^o%|.<||!$~)!~@(||,K|!$w|!-~^|', '2024-01-29 16:04:20', '2024-02-04 16:58:00');
INSERT INTO "users" ("id", "first_name", "last_name", "profile_picture", "short_intro", "email", "password_hash", "created_at", "updated_at") VALUES ('31', 'Iosep', 'Diplock', '/voluptate/victi/faciant/id/enim.xlsx', 'Aut reiciat, quod se isdem Euripidis fabulis delectari dicat, Latinas litteras oderit? Synephebos ego, inquit, potius Caecilii aut Andriam Terentii quam utramque Menandri legam? A quibus tantum dissentio, ut, cum Sophocles vel optime scripserit Electram, tamen male conversam Atilii mihi legendam putem, de quo Lucilius: ''ferreum scriptorem'', verum, opinor, scriptorem tamen, ut legendus sit. Rudem enim.', 'iosep.diplock@hotmail.com', '^^zkd^*g^)^!)>!*-(!$:^~$~||~^s^^!^8~OP)#.!~#||!|~~#@&z(^M~v(g!1~!.~|~!M1%$l^^-|!', '2024-01-29 16:09:08', '2024-02-01 23:06:53');
INSERT INTO "users" ("id", "first_name", "last_name", "profile_picture", "short_intro", "email", "password_hash", "created_at", "updated_at") VALUES ('32', 'Ches', 'Bottini', '/sophocles/vel/optime/urbane.aspx', 'Praesentibus ab iisque vitiis, quae paulo ante collegi, abest plurimum et, cum stultorum vitam cum sua comparat, magna afficitur voluptate. Dolores autem si qui e nostris aliter existimant, quos quidem.', 'ches.bottini@hotmail.com', '#!)B$)!!!!g|!^.^^~tEv^^!!&~~~!~^^^!~#!^2!$|~&J|~|$~|X|k~h^!!!;&5||;!&$|(^#', '2024-01-29 16:18:09', '2024-02-02 16:51:28');
INSERT INTO "users" ("id", "first_name", "last_name", "profile_picture", "short_intro", "email", "password_hash", "created_at", "updated_at") VALUES ('33', 'Violante', 'Behnen', '/pertinerent/ad/bene/est.dmg', 'Nihil esse maius amicitia, nihil uberius, nihil iucundius. Nec vero hoc oratione solum, sed multo magis vita et factis et moribus comprobavit. Quod quam magnum sit fictae veterum fabulae declarant, in quibus nulla solida utilitas omnisque puerilis est delectatio, aut.', 'violante.behnen@verizon.net', '~-~|j|!*%o!i&e~~.^^#>h^||%):#2rfG|$~!#!~!#)n|~&*+!o2!~~~^^z$!~', '2024-01-29 16:22:10', '2024-01-31 18:52:00');
INSERT INTO "users" ("id", "first_name", "last_name", "profile_picture", "short_intro", "email", "password_hash", "created_at", "updated_at") VALUES ('34', 'Kristina', 'Goodayle', '/ita/mihi.xml', 'Ducem praebeat ad voluptatem. Sapientia enim est una, quae maestitiam pellat ex animis, quae nos a libidinum impetu et a formidinum terrore vindicet et.', 'kristina.goodayle@hotmail.com', '^~$m|M$H|.~2.^!$!7)#g~|t)|~R~%^^@&o~x|L0!!^$.9E^%|!|-^kG)!^^^C%', '2024-01-29 16:27:16', '2024-02-04 05:32:15');
INSERT INTO "users" ("id", "first_name", "last_name", "profile_picture", "short_intro", "email", "password_hash", "created_at", "updated_at") VALUES ('35', 'Sibyl', 'Renad', '/quid/tuentur.desktop', 'Autem, in quibus hoc primum est in quo a nobis philosophia defensa et collaudata est, cum.', 'sibyl.renad@yahoo.com', 'w|%|&wwg|!1&y~b#*~+G|!!-||P2~O+S!|&8+|^~-|?!4m)^|e^!n^x%~R&z0y~!|%!a!', '2024-01-29 16:32:46', '2024-01-29 17:25:05');
INSERT INTO "users" ("id", "first_name", "last_name", "profile_picture", "short_intro", "email", "password_hash", "created_at", "updated_at") VALUES ('36', 'Janeta', 'Huntall', '/et/gubernatoris/ars/faciant.odp', 'Choro sustulisti. Quid ei reliquisti, nisi te, quoquo modo loqueretur, intellegere, quid diceret? Aliena dixit in physicis nec ea ipsa, quae laudatur, industria, ne fortitudo quidem, sed ista sequimur, ut sine cura metuque vivamus animumque et.', 'janeta.huntall@gmail.com', '^Q!p#,$^|^!!%m#F#-*~!~&o(c~^~&h.=^^|%|i~|^!^h|#--,!~,~)%!.|^2%f^I*&~%m~#$', '2024-01-29 16:38:15', '2024-02-01 04:47:42');
INSERT INTO "users" ("id", "first_name", "last_name", "profile_picture", "short_intro", "email", "password_hash", "created_at", "updated_at") VALUES ('37', 'Jacquie', 'Showering', '/illum/qui/dolorem/ipsum/quia/litteris.vcd', 'Molestias esse fugiendam? Eademque ratione ne temperantiam quidem propter se ipsos diligant.', 'jacquie.showering@gmx.de', ',,>Z&|!$$!KC^^~v~^^^$~M!,)%<W|%!|^x|!|~y^k$k^$)~kp&%!-y~q!Y&^~2^&', '2024-01-29 16:45:32', '2024-02-07 16:34:47');
INSERT INTO "users" ("id", "first_name", "last_name", "profile_picture", "short_intro", "email", "password_hash", "created_at", "updated_at") VALUES ('38', 'Dani', 'MacSharry', '/inquam/tu/mentitum/aut/zenonem/tamen.wmv', 'Omnium ponderum, ut ipse constituit, e regione inferiorem locum petentium sine causa eripuit atomis nec tamen necessariae, tertium, quae nec naturales nec necessariae. Quarum ea ratio est, ut necessariae nec opera multa nec impensa expleantur; ne naturales quidem multa desiderant.', 'dani.macsharry@live.nl', '%|&~^^^!$-|)4^|-.|^!!~^~!^^!tU|!~7)#q~^L,Wl|%|U^nQy|~&^^|+$|*^&0$|ur|.~)U,i#^#E!ng$|', '2024-01-29 16:51:20', '2024-01-30 21:11:49');
INSERT INTO "users" ("id", "first_name", "last_name", "profile_picture", "short_intro", "email", "password_hash", "created_at", "updated_at") VALUES ('39', 'Yolanda', 'Wrathmall', '/molestia/perfruique/maximis/theophrastus.torrent', 'Attico nostro frequenter audivi, cum mihi nihil sane praeter sedulitatem probarent, omnes mihi Epicuri sententiae satis notae sunt. Atque eos, quos nominavi, cum Attico nostro frequenter audivi, cum miraretur ille quidem utrumque, Phaedrum autem etiam amaret.', 'yolanda.wrathmall@yahoo.com', '&!(~~~,!(,|,^^%Y^M^-~%R|o%~3^&~~%)h|G!^)^e!|h#|)^4%^zUj~!(|!+%^Y&^~!s-0T^4=^|~E!|', '2024-01-29 16:53:33', '2024-02-01 10:50:09');
INSERT INTO "users" ("id", "first_name", "last_name", "profile_picture", "short_intro", "email", "password_hash", "created_at", "updated_at") VALUES ('40', 'Kissie', 'Swayland', '/alterum/qui.mdf', 'Corporis gravioribus morbis vitae iucunditas impeditur, quanto magis animi morbis impediri necesse est! Animi autem voluptates et dolores nasci fatemur.', 'kissie.swayland@aol.com', '-|!^&-nt|+$+|!pV~es|~&&^sy~%!,^J~~&&!^~&,-!T!^|$!%!~c^#$|#*^^||(^~)-S|!~<0^+!~^!~p|!', '2024-01-29 16:59:10', '2024-02-07 23:27:05');
INSERT INTO "users" ("id", "first_name", "last_name", "profile_picture", "short_intro", "email", "password_hash", "created_at", "updated_at") VALUES ('41', 'Wadsworth', 'Downgate', '/ii/remotis/est.ppt', 'Est effici, ut sapiens solum amputata circumcisaque inanitate omni et errore naturae finibus contentus sine aegritudine possit et sine metu vivere. Quae est enim aut utilior aut ad.', 'wadsworth.downgate@hotmail.com', 'h|%4%|t^R$!!6-!+^~$g^|D.+|#^SjJ<<^!!#,~q&|%S4G%rn||||-|(c+($|S#|~~:$;|c', '2024-01-29 17:06:22', '2024-02-08 16:36:38');
INSERT INTO "users" ("id", "first_name", "last_name", "profile_picture", "short_intro", "email", "password_hash", "created_at", "updated_at") VALUES ('42', 'Art', 'Cawthron', '/attulit/rem/quarum.psc1', 'Quietae, beatae vitae disciplinam iuvaret. An ille tempus aut in dolore, sed in his rebus instructus semper est in quo a populo Romano locatus sum, debeo.', 'art.cawthron@msn.com', '^J,.!|&^k?p9|~.|ay~|*f|!~|!7~$B^n|||^|!$&v#7@p~|:.M^~~$|~^&a%#^7$M7^!)I^', '2024-01-29 17:14:07', '2024-02-07 08:42:28');
INSERT INTO "users" ("id", "first_name", "last_name", "profile_picture", "short_intro", "email", "password_hash", "created_at", "updated_at") VALUES ('43', 'Tanney', 'Miguet', '/et/tamen/in/quibusdam/neque/dialectica.htm', 'Eaque ipsa, quae ab illo inventore veritatis et quasi involuta aperiri, altera prompta et aperta iudicari. Etenim quoniam detractis de homine sensibus reliqui nihil est, necesse est, quid aut ad bene beateque vivendo a Platone disputata sunt, haec explicari non placebit Latine? Quid? Si nos non interpretum fungimur munere, sed tuemur ea, quae sint quaeque cernantur.', 'tanney.miguet@yahoo.com', '$=|~!b^U^AL~!,||.-|d(%M~5~|$|&!&~*|&#$!~B!|^t!~^#!%^%VK(F|^#', '2024-01-29 17:20:13', '2024-02-01 18:31:42');
INSERT INTO "users" ("id", "first_name", "last_name", "profile_picture", "short_intro", "email", "password_hash", "created_at", "updated_at") VALUES ('44', 'Lauritz', 'Trevear', '/fugiat/omnis.htm', 'Quaerimus igitur, quid sit extremum et.', 'lauritz.trevear@hotmail.co.uk', '(Z!^!.&|*(|||^x~<a^~#~W$|##~%|.|^(!$|aG$!|gu)$b~!Z!$3~~+!+!|.~~)|--i||3h', '2024-01-29 17:29:45', '2024-02-07 10:18:16');
INSERT INTO "users" ("id", "first_name", "last_name", "profile_picture", "short_intro", "email", "password_hash", "created_at", "updated_at") VALUES ('45', 'Isac', 'Oganesian', '/liberos/atque/ipsi.rpm', 'Mollit anim id est corpora individua propter soliditatem, censet in infinito inani.', 'isac.oganesian@yahoo.com', '^~!-(,6$!:~^+|!$^k^^~#t|!nf$%x%n^+,|~BK|~*$%,~~^+!.^*#T!!|%^O:~O&Nu|W|$>~!~I|V<^X|~^|(~^^)zF|&$', '2024-01-29 17:31:16', '2024-02-03 09:54:46');
INSERT INTO "users" ("id", "first_name", "last_name", "profile_picture", "short_intro", "email", "password_hash", "created_at", "updated_at") VALUES ('46', 'Mella', 'Godsal', '/omnis/autem/privatione/dolore.mp3', 'Suam. Atque haec ratio late patet. In quo enim maxime consuevit iactare vestra se oratio, tua praesertim, qui studiose antiqua persequeris, claris et fortibus.', 'mella.godsal@yahoo.com', 'FA!|^$%KQ|^^^^u~!~!*~#!-^w~~~e!X|!~~h0I(ai~B|!(@imiz$^!~*^&&|:%^^|&!', '2024-01-29 17:35:04', '2024-01-30 19:08:12');
INSERT INTO "users" ("id", "first_name", "last_name", "profile_picture", "short_intro", "email", "password_hash", "created_at", "updated_at") VALUES ('47', 'Ambrosius', 'Eamer', '/apud/male.conf', 'Ceramico Chrysippi sedentis porrecta manu, quae manus significet illum in hae esse rogatiuncula delectatum: ''Numquidnam manus tua sic affecta, quem ad modum sit affectus, et firmitatem animi nec mortem nec dolorem timentis, quod mors sensu careat, dolor in longinquitate.', 'ambrosius.eamer@yahoo.com', '|!p|&!@^*^~|^5!|^R|^;~e^+-$&fp.|F||5!M%.sc))Z~7a^&~|)|^^c|^~!Pw~$|j)|u|~o', '2024-01-29 17:40:47', '2024-01-30 00:26:16');
INSERT INTO "users" ("id", "first_name", "last_name", "profile_picture", "short_intro", "email", "password_hash", "created_at", "updated_at") VALUES ('48', 'Phyllys', 'Laffranconi', '/fortunae/modice/ferre/optabilem.wmv', 'Statuam quidem dicturam pater aiebat, si loqui posset. Conclusum est enim in vita tantopere quaerendum quam cum omnia in philosophia, tum id, quod ipsi statuerunt, non possunt, conficiuntur et angore.', 'phyllys.laffranconi@gmail.com', '!%)d~@~||b~-|!*!t!~!$hH+?,,#UBl~l=v^~P%||a!h!^*+8~&k?||^!~^^^|*~X~S!(+($', '2024-01-29 17:47:26', '2024-02-05 13:18:51');
INSERT INTO "users" ("id", "first_name", "last_name", "profile_picture", "short_intro", "email", "password_hash", "created_at", "updated_at") VALUES ('49', 'Kerby', 'Okroy', '/eaque/gaudere/ut/summo/bono/maximam.xml', 'Iucundum est propterea, quia tutiorem vitam et voluptatem ipsam per se ipsa esse contentam. Sed possunt haec quadam ratione dici.', 'kerby.okroy@gmail.com', '|~!>!#||!$(%|E(X&,(K~$!;d0!!y|U^%!~|A!ua!!~~=^Z^%~^|~~o!|-||c', '2024-01-29 17:53:33', '2024-02-04 17:08:36');
INSERT INTO "users" ("id", "first_name", "last_name", "profile_picture", "short_intro", "email", "password_hash", "created_at", "updated_at") VALUES ('50', 'Arther', 'Smeall', '/affectus/quid.psm1', 'Noris. Nisi mihi Phaedrum, inquam, tu mentitum aut Zenonem putas, quorum utrumque audivi, cum mihi nihil sane praeter sedulitatem probarent.', 'arther.smeall@yahoo.com', 't#!~^Z^~-!~^,&!!U!%!!J(~-)|^!+||%~~|!~Sc&|&~((w#$2||!|*||1i^j~x', '2024-01-29 18:02:42', '2024-02-02 10:31:23');
INSERT INTO "users" ("id", "first_name", "last_name", "profile_picture", "short_intro", "email", "password_hash", "created_at", "updated_at") VALUES ('51', 'Kimberley', 'Seacombe', '/et/cum/aut.mp4', 'Laetetur, quid est, quod nullam eruditionem esse duxit, nisi quae beatae vitae deduceret? Qui quod tibi parum videtur eruditus, ea causa est, quod huc possit, quod conetur, nec optinere, si effecerit, et opes vel fortunae vel ingenii liberalitati magis conveniunt.', 'kimberley.seacombe@bol.com.br', '%B^o^#QY.!*|^^=p!%||+$~~!^^**^jw!(~q^!|#^y|!!||f~|%^|vm%|&#^^n~#5', '2024-01-29 18:04:26', '2024-02-01 09:27:30');
INSERT INTO "users" ("id", "first_name", "last_name", "profile_picture", "short_intro", "email", "password_hash", "created_at", "updated_at") VALUES ('52', 'Giovanna', 'Bales', '/bonum/iucunde/vivere/id/qui/sunt.dbx', 'Esset affecta, secundum non recte, si voluptas summum sit bonum, affirmatis nullam omnino fore. De qua omne certamen est? Tuo vero id quidem, inquam, arbitratu. Sic.', 'giovanna.bales@gmail.com', '9V$%^|^^~^!||!^GLaY|)~S.&||E%^^l%|&3~,~~n&!^!~<|~!!~!~#!~.~Eip|&N!|D)0~^q^~', '2024-01-29 18:13:33', '2024-01-29 22:14:19');
INSERT INTO "users" ("id", "first_name", "last_name", "profile_picture", "short_intro", "email", "password_hash", "created_at", "updated_at") VALUES ('53', 'Kiele', 'Matignon', '/alios/utramque.scf', 'Nostris aliter existimant, quos quidem video minime esse deterritum. Quae.', 'kiele.matignon@hotmail.com', '~+!^#$@nWfN+&W|~~|^n!:$|Tv#!!z|?~^*|+||^!)2^^~&+$y~-|,?~%$-&W^~', '2024-01-29 18:17:04', '2024-01-30 22:22:09');
INSERT INTO "users" ("id", "first_name", "last_name", "profile_picture", "short_intro", "email", "password_hash", "created_at", "updated_at") VALUES ('54', 'Ursulina', 'Agass', '/nam/opinemur.avi', 'Prospexit civium, qua intellegebat contineri suam. Atque haec ratio late patet. In quo enim maxime consuevit iactare vestra se oratio.', 'ursulina.agass@msn.com', 'P!%)N~$|1*&$!~%^!!#~p~|^~Xg$~%)^^~%|z^~(!|((!^^$.~^~|*.||!z!e3~|(#~c!|#~yu!^~^P!(+|)je', '2024-01-29 18:21:49', '2024-02-03 16:13:42');
INSERT INTO "users" ("id", "first_name", "last_name", "profile_picture", "short_intro", "email", "password_hash", "created_at", "updated_at") VALUES ('55', 'Zuzana', 'McGeachy', '/nec/patientia/ipsos.key', 'Confirmatur animus et excelsus omni est liber cura et angore, cum et mortem contemnit.', 'zuzana.mcgeachy@home.nl', '^^~).!f)|-|+^!&!*^~+f.|%^Y*!,-~||!~+!~e^N!z~$^0l!%|-~&|f^^~&^,8^|C~Q,gD#!&*3&-~a~$^d%#!),', '2024-01-29 18:27:30', '2024-01-30 02:18:53');
INSERT INTO "users" ("id", "first_name", "last_name", "profile_picture", "short_intro", "email", "password_hash", "created_at", "updated_at") VALUES ('56', 'Marlane', 'Tivenan', '/omnes/voluptates/dolores/denique/quosvis/animo.db', 'Est ullus investigandi veri, nisi inveneris, et quaerendi defatigatio turpis est, cum esset accusata et vituperata ab Hortensio. Qui liber cum et tibi probatus videretur et iis.', 'marlane.tivenan@yahoo.com', '%%!D||(!.!Q~~X(^,8|<^a!^~!+ui+1~-ZB~~&6!+i%.f,|$)+#|^t|^v|^.-$%!^^~^$Ft|<', '2024-01-29 18:30:30', '2024-02-02 07:08:06');
INSERT INTO "users" ("id", "first_name", "last_name", "profile_picture", "short_intro", "email", "password_hash", "created_at", "updated_at") VALUES ('57', 'Padraig', 'Goodyer', '/nostro/quarum.p12', 'Peccant, cum e quibus haec efficiantur ignorant. Animi autem voluptates et dolores animi quam corporis. Nam corpore nihil nisi praesens et quod quaeritur saepe, cur tam multos legant, quam legendi sunt. Quid enim me prohiberet Epicureum esse, si probarem, quae ille diceret? Cum praesertim illa perdiscere ludus esset. Quam ob rem voluptas.', 'padraig.goodyer@yahoo.com', ';^^b.^|~!#~$^$^!^-^+!~|~=D-^~S^-~p~^Z!uJ^^Hhs%|s~#-)!*^*(l~!|^^Gr&$b~~(g~E^^o^^', '2024-01-29 18:37:50', '2024-02-01 20:05:32');
INSERT INTO "users" ("id", "first_name", "last_name", "profile_picture", "short_intro", "email", "password_hash", "created_at", "updated_at") VALUES ('58', 'Rasla', 'Linscott', '/placet/an/inter.flac', 'In amicitia, et amicitia cum voluptate vivere. Huic certae stabilique sententiae quae sint quaeque cernantur, omnia, eumque motum atomorum nullo a principio, sed ex aeterno tempore intellegi convenire. Epicurus autem, in quibus hoc primum est in voluptate. Neque enim tempus est ullum, quo non plus voluptatum habeat quam dolorum. Nam et ipsa declinatio ad libidinem fingitur.', 'rasla.linscott@yahoo.com', '~~^|!!jl;W^^z&)!|,~Vu~-F^^~|#^ly%G!!f|s)s$!?P~|(&^!*~~~J!|!~|,~~j%$*X^|J#!^&|~6^!|N?#^', '2024-01-29 18:43:31', '2024-02-02 19:25:59');
INSERT INTO "users" ("id", "first_name", "last_name", "profile_picture", "short_intro", "email", "password_hash", "created_at", "updated_at") VALUES ('59', 'Artemis', 'Hellicar', '/inimicus/paene/nomini/romano/gratiam.yml', 'Ita esset affecta, secundum non recte, si voluptas summum sit bonum, affirmatis nullam omnino fore. De qua Epicurus quidem ita dicit, omnium rerum, quas ad beate.', 'artemis.hellicar@yahoo.co.uk', '%%L|.!I~b!~+F!|$w^K^e!-^%~-.^T#!^^^|*$u~~,&~^|^M~*f!#^|!~!|~!!8#^|~T)~^+y|+km|).~|@)*~~~~', '2024-01-29 18:45:04', '2024-02-07 04:39:35');
INSERT INTO "users" ("id", "first_name", "last_name", "profile_picture", "short_intro", "email", "password_hash", "created_at", "updated_at") VALUES ('60', 'Kylie', 'Gyles', '/consequatur/aut/enim.mdf', 'Summum bonum in voluptate aut a voluptate discedere. Nam cum solitudo et vita sine amicis insidiarum et metus et aegritudines ad dolorem referuntur, nec praeterea est res ulla.', 'kylie.gyles@yahoo.com', '&^&|~|~!Gt!d|g+|!:m~!^&|^b!*#K~#k+!|!M^d~K*|||~~4#X!~^l|!$;!.^pk!~|', '2024-01-29 18:52:09', '2024-02-05 11:59:31');
INSERT INTO "users" ("id", "first_name", "last_name", "profile_picture", "short_intro", "email", "password_hash", "created_at", "updated_at") VALUES ('61', 'Melody', 'Crotty', '/occulte/fecerit/numquam/tamen/claudicare.flac', 'Igitur, quid sit extremum et ultimum bonorum, quod omnium philosophorum sententia tale debet esse, ut.', 'melody.crotty@yahoo.com', '%~!!L^u^~|y^%Ii^|^*,|^|pt=|e+-k+~~H0!!*,~4|hE|:|~CH!%!&)|-)|,$f&%^my!!.^V1|!^!|+|R)&^+^|~p!,p^~~w', '2024-01-29 18:58:05', '2024-02-04 15:52:05');
INSERT INTO "users" ("id", "first_name", "last_name", "profile_picture", "short_intro", "email", "password_hash", "created_at", "updated_at") VALUES ('62', 'Lombard', 'Woodard', '/tantum/studium/crudelis.svg', 'Nihil ad Epicurum. Nam si dicent ab illis has res esse.', 'lombard.woodard@hotmail.es', '^|!|Y!!&^P.m~,^!^3%(^Y|!!!~!(*q~~)|~^<^^|#|~&-!^Wxs|!^!^&,~|~|&l!|4~i!~,!^5eG|~|^#&OL|*!!~(~!^|~', '2024-01-29 19:05:11', '2024-01-29 23:21:02');
INSERT INTO "users" ("id", "first_name", "last_name", "profile_picture", "short_intro", "email", "password_hash", "created_at", "updated_at") VALUES ('63', 'Arlee', 'Troth', '/et/splendide/dicta/sint/oderit.bash', 'Tamen in quibusdam neque pecuniae modus est neque honoris neque imperii nec libidinum nec epularum nec reliquarum cupiditatum, quas nulla praeda umquam improbe parta minuit, sed potius inflammat, ut coercendi magis quam dedocendi esse videantur. Invitat igitur vera ratio bene sanos in viam placatae, tranquillae, quietae, beatae vitae.', 'arlee.troth@gmail.com', '^.j6|~#|n^)^|(&~X-c^m|l!m^%nl!~$!|^!V$~%|!j6~|.~&!*|!!~b|27&-|++A~^^~!|%$S', '2024-01-29 19:11:10', '2024-02-01 12:40:40');
INSERT INTO "users" ("id", "first_name", "last_name", "profile_picture", "short_intro", "email", "password_hash", "created_at", "updated_at") VALUES ('64', 'Jake', 'Rapley', '/duce/natura/et.mp4', 'Fugiat, sed quia non numquam eius modi tempora incidunt, ut labore et dolore magna aliqua. Ut enim ad sapientiam perveniri potest, non paranda nobis solum ea, sed fruenda etiam sapientia est; sive.', 'jake.rapley@hotmail.com', '!!!$~^|~~t,^~,,~~*!|z-^!7!~$^!.^^|#~+!V%~&^~^!~#!^~3|~!i!|a^~|t~^^-', '2024-01-29 19:12:22', '2024-02-02 12:31:04');
INSERT INTO "users" ("id", "first_name", "last_name", "profile_picture", "short_intro", "email", "password_hash", "created_at", "updated_at") VALUES ('65', 'Lawton', 'Gleadle', '/nobis/solum/ea/recordatione.odf', 'Sine aegritudine possit et sine metu vivere. Quae est enim contra Cyrenaicos satis acute, nihil ad Epicurum. Nam si dicent.', 'lawton.gleadle@hotmail.com', '!6|)v^~&~^%^~k~.T$j!|t&n^!(%#*,~!X|*r|h^^y!~K%|da8b^j%*,g|^|^|^#M*~~~^~!^~%#5||~s~^K|~^!^,', '2024-01-29 19:14:45', '2024-02-05 00:07:00');
INSERT INTO "users" ("id", "first_name", "last_name", "profile_picture", "short_intro", "email", "password_hash", "created_at", "updated_at") VALUES ('66', 'Amalea', 'Waldie', '/ennii/medeam/aut/antiopam/pacuvii/ipsis.js', 'Ponderum, ut ipse constituit, e regione ferrentur et, ut modo docui, cognitionis regula et iudicio ab eadem illa atomorum, in quo nihil nec summum nec infimum nec medium nec ultimum nec extremum sit, ita ferri, ut concursionibus inter se cohaerescant, ex quo efficiantur ea, quae dixi, sole ipso.', 'amalea.waldie@hotmail.com', '|*~^!!^^^&+)!!<~y!t!!^|^f~^^,$y^k~|^^^,|%*|a|!~!~!h!%||.f~lb$!!Z)KHK', '2024-01-29 19:21:19', '2024-02-01 23:23:32');
INSERT INTO "users" ("id", "first_name", "last_name", "profile_picture", "short_intro", "email", "password_hash", "created_at", "updated_at") VALUES ('67', 'Linc', 'Pashenkov', '/vera/esse/accedit.md', 'Nobis voluptas animi et corporis voluptatibus, videtisne quam nihil praetermittatur quod vitam adiuvet, quo facilius id, quod propositum est, summum.', 'linc.pashenkov@yahoo.com', '~~|&|+~^+~^7#)^^^~~~^||~,j^B!|^fxy|Arel$~~A&)&*~~~~~~~S$ak,|&J~~>||~', '2024-01-29 19:30:25', '2024-02-02 17:17:46');
INSERT INTO "users" ("id", "first_name", "last_name", "profile_picture", "short_intro", "email", "password_hash", "created_at", "updated_at") VALUES ('68', 'Christian', 'Paolotto', '/nobis/vel/dicam/tum.cfg', 'Vult. Nam et ipsa declinatio ad libidinem fingitur -- ait enim declinare atomum sine causa; quo nihil turpius physico, quam fieri quicquam sine causa.', 'christian.paolotto@hotmail.com', '|~p!!!!|*|~T^%^~G~W%^^||^|*^|G~(w^!v~~|,P^-~##^#+QYc|,&|!^E!v(p^|4^|!*0~^!!|I#>$~|%!|~', '2024-01-29 19:37:15', '2024-02-03 22:43:10');
INSERT INTO "users" ("id", "first_name", "last_name", "profile_picture", "short_intro", "email", "password_hash", "created_at", "updated_at") VALUES ('69', 'Ellyn', 'MacCallester', '/horrida/de/malis/graecis/dicere.bz2', 'Et dolorem? Sunt autem quidam e nostris, qui haec subtilius velint tradere et negent satis.', 'ellyn.maccallester@hotmail.com', '|~!<~^|!.|~)~!(F!xB!.!|!~)~~#l^!^+Ky!(&*C^$|r^)|;W@8|&|Wv|~~|^A!&pt(~&~|yfA^r|-^!|~^^~~u!)', '2024-01-29 19:46:22', '2024-02-01 11:55:03');
INSERT INTO "users" ("id", "first_name", "last_name", "profile_picture", "short_intro", "email", "password_hash", "created_at", "updated_at") VALUES ('70', 'Almira', 'Young', '/vero/probatum/sit/sublatum/esse/impediri.csr', 'Factis et moribus comprobavit. Quod quam magnum sit fictae veterum fabulae declarant, in quibus hoc primum est in Ceramico Chrysippi sedentis porrecta manu, quae manus significet illum in hae esse rogatiuncula delectatum.', 'almira.young@gmail.com', '~~^|&+#~H%c!$~+~0^^&7A~>-x^&~|%(-q,(j!^Y0i^+~^&>|~^~|f!&S!|~!XQ!||Cg^||^^|k-^^|!%%x^k^^!+>H$!+^d<', '2024-01-29 19:52:57', '2024-02-06 16:17:02');
INSERT INTO "users" ("id", "first_name", "last_name", "profile_picture", "short_intro", "email", "password_hash", "created_at", "updated_at") VALUES ('71', 'Guy', 'Raffels', '/videtur/ac/causam.cfg', 'Prospexit civium, qua intellegebat contineri suam. Atque haec ratio late patet. In quo enim maxime consuevit iactare vestra se oratio, tua praesertim, qui studiose antiqua persequeris, claris et fortibus viris commemorandis eorumque factis non emolumento aliquo, sed ipsius honestatis decore laudandis, id totum evertitur.', 'guy.raffels@gmail.com', '!!+!^|h~D+^!#!*^^^^9|+#~~%:$V~#!^$^!*%!~!<$|~xO|2r=@)!)!)|.!h', '2024-01-29 20:02:09', '2024-01-31 00:28:36');
INSERT INTO "users" ("id", "first_name", "last_name", "profile_picture", "short_intro", "email", "password_hash", "created_at", "updated_at") VALUES ('72', 'Cameron', 'Alphege', '/et/dolor.scf', 'Miseram vitam afferre momenti quam eorum utrumvis, si aeque diu sit in corpore. Non placet autem detracta voluptate aegritudinem statim consequi, nisi in voluptatis locum dolor forte successerit, at contra gaudere nosmet omittendis doloribus, etiamsi voluptas ea, quae dices, libenter assentiar. Probabo, inquit, modo ista sis aequitate, quam ostendis. Sed uti oratione.', 'cameron.alphege@yahoo.com', '|,Cb&#|;0^S^9~^Yf=^7%!~%?,~h-|8|m^Y,,!~!,&^+|.1f#|||^|&b,^x%Z!~&~!.!B|#^~', '2024-01-29 20:05:38', '2024-02-08 19:34:52');
INSERT INTO "users" ("id", "first_name", "last_name", "profile_picture", "short_intro", "email", "password_hash", "created_at", "updated_at") VALUES ('73', 'Kylie', 'Hardman', '/res/est/ficta/est.cer', 'Sententia de voluptate, a meque ei responsum, cum C. Triarius, in primis gravis et doctus adolescens, ei disputationi.', 'kylie.hardman@gmail.com', '~^~~|~S&o^|~,$*&|1^Q*^!^~#)|~#A~4|,^~f~#&m!oh++~!$|!,~|&Y#z:t^~!$;h^%~%^|!=%^*~!n|^', '2024-01-29 20:08:21', '2024-01-29 23:26:42');
INSERT INTO "users" ("id", "first_name", "last_name", "profile_picture", "short_intro", "email", "password_hash", "created_at", "updated_at") VALUES ('74', 'Bradly', 'Arnely', '/quae/praeterierunt/acri/licebit.vcd', 'Electram, tamen male conversam Atilii mihi legendam putem, de quo quaerimus.', 'bradly.arnely@hotmail.com', '|^||~z^||~^M~|~!.!q||!)3n%^~!~!^^mq)|dix!!.l#||T&|rf|^~<.i~&h%!!$~|g|>!^#||$Nk!~~e*l!$~!!', '2024-01-29 20:12:48', '2024-02-06 18:02:43');
INSERT INTO "users" ("id", "first_name", "last_name", "profile_picture", "short_intro", "email", "password_hash", "created_at", "updated_at") VALUES ('75', 'Ferdinande', 'Pettingall', '/quod/aut.dmg', 'Molestiam dolor afferat, eorum tamen utrumque et ortum esse e corpore et ad dolores ita paratus est, ut omne, quo.', 'ferdinande.pettingall@hotmail.com', '^^N!|h~^!||^^^n|a|^|o~#^!W~)@$!)&&^^|R~~||c^^@!~.<)&h~~#Ci&Io#&|~*|^~~^8|LT~g^*4', '2024-01-29 20:19:21', '2024-01-31 15:38:02');
INSERT INTO "users" ("id", "first_name", "last_name", "profile_picture", "short_intro", "email", "password_hash", "created_at", "updated_at") VALUES ('76', 'Amye', 'Greenhalf', '/percipi/quos/nec.ods', 'Potest esse dubium, quin id sit summum atque extremum bonorum omnium, beateque vivere nihil aliud sit nisi cum voluptate vivere. Nec enim habet nostra mens quicquam, ubi consistat tamquam in extremo, omnesque et metus et aegritudines ad dolorem referuntur.', 'amye.greenhalf@hotmail.fr', '^!|I|*^|^,|)E!^+(#!!q^-~%!.$!|^g~aJ|@!.|r#z*~~f$!~~v^&^(d!|~^~%s%%,x#^||^F!!^.^Hl^4@v~~%w', '2024-01-29 20:21:30', '2024-02-04 19:55:22');
INSERT INTO "users" ("id", "first_name", "last_name", "profile_picture", "short_intro", "email", "password_hash", "created_at", "updated_at") VALUES ('77', 'Rustin', 'Dixey', '/se/et/iucunde.cue', 'Dicere iuberet reque ex utraque parte audita pronuntiaret eum non talem videri fuisse in imperio, quales eius maiores fuissent, et in conspectum suum venire vetuit, numquid.', 'rustin.dixey@hotmail.com', ')L|sm!:,^~#$V!~|~d^|!~K9&p!<^^ugV|^|!|L~!~u||!^|^~(U&Z|E^c*R!^^~^$g%s($.#~!&^v~w)~', '2024-01-29 20:29:03', '2024-01-31 00:58:41');
INSERT INTO "users" ("id", "first_name", "last_name", "profile_picture", "short_intro", "email", "password_hash", "created_at", "updated_at") VALUES ('78', 'Judie', 'Ennion', '/iste/arbitramur.log', 'Enim aut utilior aut ad naturam aut contra sit, a natura proficiscuntur.', 'judie.ennion@hotmail.com', '^^^^~^)#^i!8~!)-&vj~(yt~~^(^&~^n--~^!|!$|^^Z-)~|*!s~+F^&&!2,~|!P.!:&Gr,+~&~~^~n~|%!FriO~!^,!!|', '2024-01-29 20:36:57', '2024-02-04 11:55:32');
INSERT INTO "users" ("id", "first_name", "last_name", "profile_picture", "short_intro", "email", "password_hash", "created_at", "updated_at") VALUES ('79', 'Ulrich', 'Gouly', '/tranquillitatem/ferant/quid/est/tam.aspx', 'Pro patria et pro suis suscipit, ut non plus voluptatum habeat quam dolorum. Nam et laetamur amicorum laetitia aeque atque.', 'ulrich.gouly@yahoo.com', '^!!~|^LW^!L!a|$k+|~tf^o!B^gb^A)x%^||t-|||~k||~<^D|p^Z|!|#M^l%|^^~~~Q^$$^!!~o~!4k', '2024-01-29 20:43:02', '2024-01-31 01:45:37');
INSERT INTO "users" ("id", "first_name", "last_name", "profile_picture", "short_intro", "email", "password_hash", "created_at", "updated_at") VALUES ('80', 'Dell', 'Biaggioli', '/quod/non.accdb', 'Quidem consilio, tuum iudicium ut cognoscerem, quoniam mihi ea facultas, ut id apte fieri possit, ut ab ea nullo modo sine amicitia firmam et perpetuam iucunditatem vitae tenere possumus neque vero ipsam.', 'dell.biaggioli@hotmail.com', 'a||z.r!!^~I.!~^q!x<|CBg|%&?R^~m,,^$|^+^)+-~||~^~%$<!|-Z%$~^$!~%($^!Y~Z^tnt!^^^~-~~~3~@^(&|', '2024-01-29 20:48:56', '2024-02-01 08:31:26');
INSERT INTO "users" ("id", "first_name", "last_name", "profile_picture", "short_intro", "email", "password_hash", "created_at", "updated_at") VALUES ('81', 'Cyril', 'Cruikshank', '/a/iis.msh1', 'Minimum, quod profecto numquam putavisset, si a Polyaeno, familiari suo, geometrica discere maluisset quam illum etiam ipsum dedocere. Sol Democrito magnus videtur, quippe homini erudito in geometriaque.', 'cyril.cruikshank@hotmail.com', '^J8%N&|^!d|v6-k|^^*:~~#~e||^(~^^|^~!~^~|^%(j^%^,^~|;~qv~^%$!|', '2024-01-29 20:52:39', '2024-02-04 09:13:38');
INSERT INTO "users" ("id", "first_name", "last_name", "profile_picture", "short_intro", "email", "password_hash", "created_at", "updated_at") VALUES ('82', 'Jere', 'Shinton', '/respondendum/reddidisti/quorum/facta/quem/omnesque.bin', 'Est. Quam a nobis explicatam esse his litteris arbitramur, in quibus, quantum potuimus, non modo numquam nocet cuiquam, sed contra semper afficit cum vi sua atque natura, quod tranquillat animos, tum spe nihil earum rerum defuturum, quas natura non.', 'jere.shinton@gmail.com', 'Z^!(|$YW.~^|~^^!S|^!&oG|*x!~|#~^~~^c~!~^~m||!I~^&!+~~)!$#|H%,~&t~%~-&~O)!~*|', '2024-01-29 20:55:42', '2024-02-01 03:56:02');
INSERT INTO "users" ("id", "first_name", "last_name", "profile_picture", "short_intro", "email", "password_hash", "created_at", "updated_at") VALUES ('83', 'Brant', 'Beesley', '/qui/consul/cum/assentior.url', 'Iniucundus labor. Iis igitur est non miser. Accedit etiam mors, quae quasi titillaret sensus, ut ita dicam, et ad corpus.', 'brant.beesley@gmail.com', '!k!^$!l~#,|),~^||%yx!j|~^%o=!C^+$!$K~~^i*|(~9e|!@|!|F#7%,^!|+~$(dK~(!M!||x^p^|!~.(~+W%^|^~&~^~|^,^!', '2024-01-29 20:58:08', '2024-02-01 06:42:17');
INSERT INTO "users" ("id", "first_name", "last_name", "profile_picture", "short_intro", "email", "password_hash", "created_at", "updated_at") VALUES ('84', 'Madella', 'Speeks', '/vacillare/tuentur/tamen/eum/locum/grate.log', 'Omnium ponderum, ut ipse loquerer, tum Triarius leniter arridens: Tu quidem, inquit, totum Epicurum paene e.', 'madella.speeks@gmail.com', '^~||~,s-#(=~&j%^)K^hc|y^S~~k4^!&N!~,(t!~+!d|~q^E^!^(#^%b-&.|^~', '2024-01-29 21:06:47', '2024-02-08 14:05:45');
INSERT INTO "users" ("id", "first_name", "last_name", "profile_picture", "short_intro", "email", "password_hash", "created_at", "updated_at") VALUES ('85', 'Adrea', 'Epsly', '/hoc/commune/animadversionis.accdb', 'Cum ea, quae audiebamus, conferebamus, neque erat umquam controversia, quid ego intellegerem, sed quid probarem. Quid igitur est? Inquit; audire enim cupio, quid non probes. Principio, inquam, in physicis, quibus maxime gloriatur, primum totus est alienus. Democritea dicit perpauca mutans, sed ita, ut ea, quae dixi, sole ipso illustriora et clariora sunt, si omnia deorsus e.', 'adrea.epsly@free.fr', '!~|4!!||;:(|)$=||$(!~!^~|~V|=!&$6!!^,!^!!^+t^&h(|#L*+x!|^^V!|^~v,^o>^!(o^z!|)!#!!)||', '2024-01-29 21:09:05', '2024-02-02 22:54:41');
INSERT INTO "users" ("id", "first_name", "last_name", "profile_picture", "short_intro", "email", "password_hash", "created_at", "updated_at") VALUES ('86', 'Lawry', 'Ambrozik', '/proident/sunt/eorum.pptx', 'Qui ab eo delectari, quod ista Platonis, Aristoteli, Theophrasti orationis ornamenta neglexerit. Nam illud quidem adduci.', 'lawry.ambrozik@yahoo.com', '+!nb!!!S!Q%|^!!^g!~)~c~@!#~!$t7!$~|!^u~h~N!&~c)*#)~^%!^.k))~~r|', '2024-01-29 21:18:14', '2024-02-07 23:11:18');
INSERT INTO "users" ("id", "first_name", "last_name", "profile_picture", "short_intro", "email", "password_hash", "created_at", "updated_at") VALUES ('87', 'Sydelle', 'Dench', '/fruentem/et/animo/conspiratione.json', 'Sine amicis insidiarum et metus et aegritudines ad dolorem referuntur, nec praeterea est res ulla.', 'sydelle.dench@comcast.net', '|!R^^|!~%F&)^!1^,!y)k$!~~w~Y&B#~%Y^!db~M|!%*%~^,|^^|!|1-$A!aLn^9PT', '2024-01-29 21:20:17', '2024-01-31 14:57:09');
INSERT INTO "users" ("id", "first_name", "last_name", "profile_picture", "short_intro", "email", "password_hash", "created_at", "updated_at") VALUES ('88', 'Germaine', 'Aronin', '/eumque/errorem/et/bestiae.mdf', 'Id, quo gaudemus, voluptas est, ut Epicuro placet, nihil dolere, primum tibi recte, Chrysippe, concessum est nihil ad iucunde vivendum reperiri posse, quod coniunctione.', 'germaine.aronin@yahoo.com', '%)8~~z~%c^qp%!0|&-J#~!^+#!||~.v~~|@|.rq*#z~%|*&+Qw^|~|?.$&!~C|V~h|L^Oo^|~~n+($,|.!F#', '2024-01-29 21:25:07', '2024-02-02 23:32:09');
INSERT INTO "users" ("id", "first_name", "last_name", "profile_picture", "short_intro", "email", "password_hash", "created_at", "updated_at") VALUES ('89', 'Daloris', 'Quene', '/eius/esse/intellegitur.xz', 'Cum conscientia factorum, tum poena legum odioque civium? Et tamen ego a philosopho, si afferat eloquentiam, non asperner, si non.', 'daloris.quene@yahoo.in', 'b|~&M|h^^#|~^,b~|R~^$~!&#^-^!*~$@)^w^<||&-)w.-%~!m!S~%^&n~~^^z1!%)|', '2024-01-29 21:29:21', '2024-02-02 23:56:00');
INSERT INTO "users" ("id", "first_name", "last_name", "profile_picture", "short_intro", "email", "password_hash", "created_at", "updated_at") VALUES ('90', 'Ludwig', 'Neenan', '/accedis/saluto/chaere/inquam/tite/aut.jpg', 'Parte audita pronuntiaret eum non talem videri fuisse in imperio, quales.', 'ludwig.neenan@yahoo.com', '^Y^!~,~|&s)^.)^^^#8!!^~.o!!DR^~Y^SjP:!,K(g^Owv&zd^|~OLo#^~~!-Z|~k~|M!m~^0#,-(!$|!$*t~,&p!!,^%&+', '2024-01-29 21:37:37', '2024-02-01 07:03:34');
INSERT INTO "users" ("id", "first_name", "last_name", "profile_picture", "short_intro", "email", "password_hash", "created_at", "updated_at") VALUES ('91', 'Wilone', 'Cahn', '/oblique/ferantur/deinde/eadem/illa/corporis.toml', 'Numquam fore ut hic noster labor.', 'wilone.cahn@hotmail.com', 'nA!~.|&~y|vqt#~~%$$!~~~!.|~^|s<(~J+!).!|+!!t!^iv#^+!|^&R~~?#Q^Me|$|5$~2I%|!n', '2024-01-29 21:40:24', '2024-02-05 00:06:44');
INSERT INTO "users" ("id", "first_name", "last_name", "profile_picture", "short_intro", "email", "password_hash", "created_at", "updated_at") VALUES ('92', 'Daisy', 'Quaife', '/quae/non/modo/non/sit.sig', 'Prorsus, inquit, assentior; neque enim tempus est ullum.', 'daisy.quaife@yahoo.com', '!j~)X&^!^!5^!=-j!^|,~|S~|-6+~|&!9~|i!^~!rmj|Op!~uDs,#|~%#p&#s', '2024-01-29 21:44:22', '2024-02-01 19:59:37');
INSERT INTO "users" ("id", "first_name", "last_name", "profile_picture", "short_intro", "email", "password_hash", "created_at", "updated_at") VALUES ('93', 'Mathe', 'Scading', '/mihi/quidem/depravare/videatur/ille/magnum.mp4', 'Licet transferre in voluptatem, ut.', 'mathe.scading@live.nl', '%,u|!%tu##!%p!#~&^~3|(~k!!~.|j~w!(~|Gef(!|-*(|!)~I.^I#!.^!^L||~^(#~,2#^^^||', '2024-01-29 21:49:51', '2024-02-03 07:38:40');
INSERT INTO "users" ("id", "first_name", "last_name", "profile_picture", "short_intro", "email", "password_hash", "created_at", "updated_at") VALUES ('94', 'Tamra', 'Wilkinson', '/recordamur/stulti/autem/malorum/delectari.p12', 'Rebus non delectet eos sermo patrius, cum.', 'tamra.wilkinson@hotmail.com', '!~c!~0+|x#7!^*|%~~|~~%$!Y^|!6%wk#Mv%^|^#-!~!R^!Ac#bof%|j3Ox=O~!w!~*^', '2024-01-29 21:52:50', '2024-01-31 14:14:34');
INSERT INTO "users" ("id", "first_name", "last_name", "profile_picture", "short_intro", "email", "password_hash", "created_at", "updated_at") VALUES ('95', 'Linnie', 'Zwicker', '/solent/tum/torquatus/prorsus/veritus.7z', 'Praeterea bona praeterita non meminerunt, praesentibus non fruuntur, futura modo expectant, quae.', 'linnie.zwicker@yahoo.com', '$~$Y$m^^|$)!(!d||^&.v^VW~^(<|!lS)y~,!!~F^~|!~~!&=!)4Bh^^!~$|||?!C(!,!|$!(!%=^|', '2024-01-29 21:55:28', '2024-02-08 04:42:27');
INSERT INTO "users" ("id", "first_name", "last_name", "profile_picture", "short_intro", "email", "password_hash", "created_at", "updated_at") VALUES ('96', 'Wileen', 'Halmkin', '/quasi/saxum/tantalo/sed.json', 'Praetorem in provincia cepisse arguerent, causam apud se dicere iuberet reque ex utraque parte audita pronuntiaret eum non talem videri fuisse in imperio, quales eius maiores fuissent, et in conspectum suum venire vetuit, numquid tibi videtur de voluptatibus suis cogitavisse? Sed ut.', 'wileen.halmkin@hotmail.com', 's|^w!<!^~#(!,|!*!t~~F#Z>~i#!a!|g^@^B#|~$%||)^^WU%#^*|,uz~|%%H|&|~a<f+^|^xlD,^!~', '2024-01-29 22:02:39', '2024-02-05 22:57:53');
INSERT INTO "users" ("id", "first_name", "last_name", "profile_picture", "short_intro", "email", "password_hash", "created_at", "updated_at") VALUES ('97', 'Estelle', 'Jirik', '/conspectum/suum/venire/vetuit/dolorum.crt', 'Nominis capti quid natura desideret. Tum vero, si stabilem scientiam rerum tenebimus, servata.', 'estelle.jirik@msn.com', '~||&x:x%$~^^~|~+!!V|JR$^!|O!s-~x~|*|w~q!$|!~~p|!!!^?(^^^|?^~X%9^~F|!^~~^&#~4-^+~|.!|c.!!t|~!#vnA)', '2024-01-29 22:06:50', '2024-01-30 17:56:18');
INSERT INTO "users" ("id", "first_name", "last_name", "profile_picture", "short_intro", "email", "password_hash", "created_at", "updated_at") VALUES ('98', 'Correy', 'Glasard', '/epicurus/neque/metrodorus/aut/alienum.wmv', 'Sibi conciliant et, quod aptissimum est ad.', 'correy.glasard@gmail.com', ',!M|$!~()%^!Nx~^~z~|u!m^!|h|,K|~$z~Bc#$5o;6!|N)!~^-^|^|!|=s|||F!e.^!|+,~|~~!!', '2024-01-29 22:12:29', '2024-02-02 22:14:25');
INSERT INTO "users" ("id", "first_name", "last_name", "profile_picture", "short_intro", "email", "password_hash", "created_at", "updated_at") VALUES ('99', 'Millisent', 'Feldberger', '/ipsis/qui/eam/studiis.7z', 'Responsum est eo libro, quo a nobis explicatam esse his litteris arbitramur, in quibus, quantum potuimus, non modo singulos homines, sed universas familias evertunt, totam etiam labefactant.', 'millisent.feldberger@gmail.com', '&#!&s!!||:#+h-r~$(^||!!~^xC|OV3!Hz|~^$!~)%~@|X~^Z|r#%^|gr^|~!x+%%~~z|&3|)~Os%!#~qg|%|$#~^||$!(^|', '2024-01-29 22:15:12', '2024-02-03 01:24:23');
INSERT INTO "users" ("id", "first_name", "last_name", "profile_picture", "short_intro", "email", "password_hash", "created_at", "updated_at") VALUES ('100', 'Symon', 'Arnoud', '/incurreret/nam/quibus.log', 'Dolor in reprehenderit in voluptate aut in voluptate ponit, quod summum bonum consequamur? Clamat.', 'symon.arnoud@hetnet.nl', '~|9!^b!^!!ok#6*%^K,~|r1)^^|$||||!|~!^~B^~o^!l|9W,h!~^#K~.%*~~^8%^!^^~.|^~=|K!*.#|$!^**^^+~^|^~~~^^i', '2024-01-29 22:18:02', '2024-01-31 20:16:25');

